elevation_m,slope_deg,dist_to_river_m,drainage_density,impervious_surface_ratio,rainfall_1h_mm,flood_occurred
69.93,2.492,7362.69,0.25,0.6656,7.267,0
69.39,2.286,7918.85,1.928,0.7175,5.586,0
67.39,2.432,6713.95,0.645,0.7216,11.101,0
52.85,2.268,2663.6,0.655,0.1666,3.863,0
54.06,0.926,2857.4,1.483,0.4298,71.482,0
55.76,2.642,4604.21,0.431,0.8293,3.541,0
70.59,1.33,8185.29,1.657,0.3696,16.775,0
57.96,1.202,4395.95,1.353,0.3283,22.206,0
43.73,2.071,114.21,1.684,0.6194,8.152,0
43.73,1.927,687.78,0.86,0.3697,33.912,0
63.19,1.262,6145.94,1.005,0.357,2.451,0
55.69,2.645,3631.75,1.555,0.782,17.205,0
51.17,0.946,2627.98,1.06,0.556,19.14,0
56.01,1.35,4005.9,0.627,0.4812,41.66,0
66.0,1.54,6786.61,1.466,0.3846,30.709,0
64.88,1.949,6409.56,0.649,0.2894,0.445,0
47.24,0.389,2156.68,1.029,0.5908,3.892,0
63.19,1.485,5949.38,0.688,0.6092,0.1,0
64.5,1.305,6408.1,0.552,0.8206,13.135,0
43.26,0.848,521.83,1.897,0.4695,29.098,0
63.59,2.67,5707.65,1.983,0.5789,22.867,0
57.07,2.359,4340.14,1.296,0.778,24.502,0
56.25,1.858,4087.27,1.732,0.5149,17.739,0
51.33,0.401,2406.62,0.771,0.3402,6.934,0
58.79,2.004,4637.28,1.613,0.195,9.424,0
58.97,1.281,4657.93,0.614,0.4441,42.339,0
58.73,2.191,5006.27,0.961,0.1541,7.803,0
62.27,2.419,6429.19,2.107,0.4433,24.775,0
57.73,0.77,4687.51,1.072,0.1703,7.374,0
61.8,1.251,5804.79,0.53,0.4772,2.458,0
61.83,1.667,5326.96,0.254,0.5999,2.625,0
56.13,0.331,3978.27,0.958,0.2982,7.124,0
63.28,2.363,6494.33,0.705,0.2073,0.352,0
59.59,2.8,4631.12,0.9,0.6051,27.355,0
61.59,0.718,5574.74,0.241,0.2567,2.429,0
59.1,1.666,5723.45,0.636,0.6396,26.213,0
45.73,0.498,1509.43,1.839,0.8253,2.059,0
41.86,1.011,315.7,1.555,0.8207,9.095,0
65.0,1.831,6106.12,0.404,0.6907,34.183,0
60.85,0.515,5143.46,2.168,0.6978,7.677,0
53.97,1.087,3698.38,1.899,0.7256,2.008,0
71.63,1.853,8170.62,1.857,0.6451,10.292,0
64.85,2.301,6263.88,1.276,0.4884,10.295,0
63.64,0.898,6240.62,1.903,0.7315,1.632,0
68.32,1.787,7505.7,0.958,0.1701,34.263,0
49.04,0.752,1627.45,1.796,0.3882,38.213,0
62.94,2.665,5989.94,0.371,0.6541,12.07,0
64.81,1.996,6468.58,1.492,0.4936,28.345,0
45.41,0.996,881.65,1.363,0.4813,13.626,0
56.67,2.139,3674.23,0.862,0.642,5.687,0
50.31,0.511,2211.79,1.272,0.6835,3.686,0
49.25,1.459,1917.63,1.649,0.8336,13.386,0
51.31,0.791,2477.19,0.559,0.1599,13.749,0
50.88,2.733,2404.22,1.307,0.6382,2.43,0
65.45,1.693,7395.07,1.139,0.4583,3.668,0
44.0,2.647,531.56,1.155,0.7255,9.216,0
44.25,0.588,722.29,1.326,0.3627,91.844,1
45.54,2.188,1094.99,1.413,0.7035,4.604,0
56.48,2.436,4489.61,2.18,0.3638,17.465,0
60.67,2.124,5220.9,2.095,0.2955,4.266,0
62.18,0.395,5647.6,0.205,0.4654,16.217,0
51.53,0.802,2546.58,1.614,0.6421,10.893,0
64.44,1.825,5874.03,1.522,0.8036,9.965,0
57.39,1.884,4674.32,2.017,0.7286,1.334,0
46.52,1.68,1493.75,0.777,0.237,21.005,0
64.79,2.651,5977.76,1.201,0.4957,1.51,0
42.56,0.851,434.83,0.383,0.8233,32.537,1
59.7,2.672,4931.67,2.199,0.6206,5.653,0
43.59,1.894,437.95,2.032,0.277,15.845,0
59.66,1.478,5432.19,0.382,0.3936,7.298,0
62.72,2.004,5729.12,0.776,0.8116,30.234,0
57.69,1.383,4720.81,0.829,0.3763,63.229,0
50.67,1.91,3495.07,1.285,0.4393,3.739,0
52.66,2.167,3138.95,1.451,0.682,4.097,0
59.65,2.015,4713.44,0.443,0.8312,16.897,0
48.82,0.612,2110.1,1.302,0.5366,1.761,0
72.66,0.505,8434.96,1.864,0.4989,22.696,0
56.62,0.911,4374.52,1.869,0.8362,5.028,0
56.54,1.521,4730.63,1.959,0.7548,5.82,0
67.39,1.279,6736.05,2.068,0.5054,30.921,0
50.19,2.797,2475.85,1.179,0.254,13.922,0
54.02,1.635,2999.04,1.287,0.4687,6.989,0
47.39,0.807,1684.68,1.751,0.1806,24.576,0
61.61,2.31,6023.91,0.972,0.6146,30.941,0
70.86,1.506,8338.87,1.38,0.7588,37.314,0
55.3,1.567,3798.57,1.114,0.6557,9.497,0
62.36,2.72,5600.16,0.877,0.6349,18.888,0
68.51,2.416,7254.83,1.919,0.416,6.854,0
63.62,0.293,6137.23,0.337,0.5918,45.673,0
69.24,2.142,8478.38,1.068,0.2189,18.08,0
66.27,2.549,7429.67,0.292,0.7073,6.25,0
54.01,0.578,3248.67,1.262,0.5461,28.309,0
49.48,1.811,1527.86,0.682,0.789,2.78,0
57.06,0.86,3973.66,0.711,0.1566,29.392,0
68.54,1.348,7670.16,0.891,0.5613,18.337,0
54.19,0.85,3664.2,1.891,0.2895,8.741,0
56.68,1.695,4158.95,2.185,0.3567,68.655,0
63.26,0.914,5629.13,1.332,0.6301,24.573,0
42.69,2.551,511.97,0.772,0.7092,16.814,0
51.84,1.855,3059.5,1.442,0.6244,22.973,0
62.62,2.549,5637.12,1.493,0.3663,10.463,0
57.95,2.104,4968.42,0.38,0.3566,24.773,0
48.52,2.726,1575.38,1.262,0.7894,31.945,0
51.01,2.344,2258.55,1.164,0.7145,24.707,0
54.62,0.566,2945.21,2.133,0.7521,23.187,0
73.2,2.715,8331.51,1.809,0.406,28.15,0
41.47,1.949,216.92,1.545,0.5592,31.11,1
69.69,0.482,7998.45,0.668,0.1675,38.811,0
59.59,0.364,4815.82,1.848,0.7866,6.477,0
53.92,0.563,3529.69,2.093,0.3631,12.213,0
45.7,1.379,916.41,1.541,0.6702,52.529,1
54.25,2.13,3620.66,0.509,0.4404,1.877,0
54.26,0.285,4210.52,0.941,0.4604,54.124,0
69.11,0.458,7285.78,1.571,0.5311,68.572,0
52.27,0.518,3112.86,1.896,0.4683,19.566,0
61.68,1.753,5490.32,0.243,0.7008,5.025,0
45.64,2.189,1157.76,0.614,0.3012,36.682,0
51.83,0.584,2859.9,2.001,0.152,35.186,0
47.23,0.654,1315.38,1.522,0.168,0.269,0
66.24,0.819,6735.87,0.848,0.272,0.969,0
62.2,1.438,6330.43,1.756,0.5093,2.078,0
56.84,2.658,4332.24,0.287,0.6983,36.311,0
54.69,0.358,4480.19,1.158,0.4311,20.856,0
57.57,2.565,4218.26,0.347,0.2066,16.871,0
44.02,1.626,651.73,0.85,0.8462,13.612,0
57.37,1.774,3911.21,0.398,0.6412,34.486,0
61.71,0.759,5567.7,1.103,0.3099,7.45,0
53.78,1.282,3909.39,0.39,0.4487,19.691,0
54.91,0.375,3244.13,1.864,0.2153,1.828,0
66.3,2.311,6305.89,1.313,0.5605,14.843,0
52.85,1.93,2869.03,1.701,0.7577,22.982,0
71.6,1.761,8234.55,0.903,0.5545,4.306,0
61.75,2.398,5616.58,0.935,0.6838,15.364,0
66.65,2.397,6880.66,2.149,0.7229,17.115,0
63.97,2.357,5498.67,0.735,0.2763,21.834,0
51.89,1.084,2695.47,0.212,0.7589,15.038,0
55.2,0.28,3466.59,1.692,0.3006,9.8,0
53.69,1.162,2963.53,1.643,0.6938,15.091,0
45.51,1.806,813.64,1.548,0.3405,19.522,0
56.86,1.349,4179.56,0.746,0.6785,2.175,0
54.61,1.465,3711.27,1.534,0.1818,9.053,0
61.74,0.22,5134.33,0.803,0.2979,2.657,0
49.79,2.142,2246.36,0.551,0.4161,21.893,0
57.19,2.367,4302.2,1.812,0.2005,35.618,0
46.28,2.441,455.34,1.352,0.5514,22.251,0
54.95,0.499,3608.63,0.242,0.3773,29.089,0
61.85,0.429,5292.25,1.889,0.3203,15.999,0
55.41,1.229,4501.29,0.821,0.3877,7.291,0
46.7,1.526,1512.31,2.012,0.3946,23.394,0
66.39,2.319,6979.17,0.673,0.2525,3.955,0
60.17,0.661,5160.15,1.746,0.4959,25.276,0
62.94,1.367,6482.97,2.048,0.5451,18.156,0
61.82,0.592,5345.98,0.337,0.4595,6.493,0
49.16,0.346,2407.26,1.215,0.3673,10.824,0
44.26,2.447,577.88,1.911,0.5805,12.733,0
55.54,1.641,3986.78,1.784,0.7771,10.752,0
65.55,1.437,6902.45,0.502,0.1933,1.967,0
67.92,1.093,7652.67,1.629,0.5032,3.41,0
48.44,1.559,2181.05,0.517,0.411,5.986,0
54.86,1.08,3533.66,1.396,0.7025,18.759,0
45.79,0.939,653.66,1.647,0.6096,42.626,0
69.04,1.067,7435.55,1.365,0.249,7.749,0
70.42,1.747,8228.65,2.076,0.3667,8.508,0
64.49,2.314,6749.96,1.54,0.7303,24.163,0
60.8,1.301,5857.48,0.924,0.4038,3.578,0
48.36,2.664,1899.22,1.173,0.3086,2.664,0
44.93,2.204,748.19,1.87,0.7686,0.693,0
51.79,2.192,2928.82,0.462,0.4137,3.187,0
67.08,0.63,7083.3,1.075,0.4376,20.306,0
47.17,1.355,2095.25,0.77,0.674,10.726,0
57.25,1.419,4585.69,1.87,0.4075,52.919,0
73.32,1.4,8369.29,0.764,0.4173,13.493,0
71.64,0.56,8216.65,0.7,0.5988,37.303,0
56.68,0.467,4758.14,1.892,0.7458,6.04,0
64.41,0.583,6510.18,1.075,0.8125,4.519,0
58.19,1.109,3889.48,0.253,0.1873,12.549,0
50.44,0.273,2080.54,2.062,0.7374,18.895,0
65.58,0.558,6747.6,0.774,0.7308,21.437,0
46.07,0.214,1265.86,0.358,0.3291,32.429,0
57.23,2.091,4709.96,1.256,0.2278,6.117,0
52.4,2.264,2629.67,1.114,0.2276,42.398,0
60.26,0.243,5112.61,1.231,0.3194,2.79,0
54.3,1.283,3705.61,1.529,0.2099,66.153,0
43.75,1.568,668.51,1.215,0.8418,14.54,0
52.15,2.751,3379.81,0.707,0.1614,27.965,0
52.81,2.106,2996.34,1.457,0.6901,23.917,0
53.58,2.315,2893.16,0.55,0.6954,11.246,0
63.21,1.843,5941.27,1.823,0.1942,26.945,0
55.71,0.719,3944.51,0.284,0.8034,13.039,0
71.78,1.612,8408.63,0.707,0.6773,3.818,0
53.31,1.063,3098.58,0.449,0.4076,39.647,0
61.84,2.526,6343.78,0.973,0.8316,12.34,0
58.27,2.283,4279.2,1.654,0.2052,16.604,0
65.86,1.618,7007.67,0.842,0.206,19.467,0
50.35,1.993,2674.57,0.903,0.1796,36.729,0
51.96,2.795,3061.5,0.749,0.836,53.184,0
43.82,2.283,730.35,1.559,0.817,2.773,0
59.35,2.231,5203.61,0.27,0.1971,27.133,0
51.97,1.773,3177.16,1.558,0.8142,8.374,0
65.83,1.692,6509.91,1.259,0.4286,18.874,0
51.17,1.498,2196.74,0.974,0.5432,5.463,0
51.28,1.36,2286.43,2.193,0.3499,44.688,0
58.48,1.375,4226.08,1.997,0.4616,1.654,0
64.03,2.398,5828.21,0.839,0.3932,1.209,0
60.11,2.051,4654.24,2.055,0.5964,28.411,0
55.83,0.516,4373.55,0.602,0.2472,28.124,0
42.04,2.29,320.79,1.303,0.5784,1.623,0
51.06,2.799,2698.04,1.638,0.518,26.389,0
69.43,1.87,7016.05,1.1,0.6261,7.603,0
69.6,2.229,7474.87,1.48,0.2774,61.006,0
55.41,0.523,3733.99,0.506,0.2653,7.012,0
62.99,1.1,6058.39,2.082,0.7764,33.667,0
48.71,0.525,2205.08,0.806,0.5234,12.57,0
46.17,2.648,1516.54,0.508,0.6111,22.954,0
60.99,2.346,5183.17,0.257,0.1818,18.463,0
58.02,1.893,4944.88,1.734,0.4416,18.339,0
56.3,2.687,4283.52,1.166,0.7133,20.793,0
50.38,0.39,2598.44,0.32,0.4577,11.918,0
47.53,2.068,1813.79,1.668,0.7525,66.671,0
45.55,1.163,1198.44,1.323,0.3734,11.308,0
50.22,0.955,2346.76,0.968,0.5808,5.137,0
68.33,0.615,7368.58,0.855,0.5544,6.75,0
63.34,1.497,6510.22,0.817,0.1662,52.284,0
57.23,2.713,4345.73,0.63,0.397,0.934,0
58.19,1.424,4257.11,1.273,0.743,10.147,0
67.12,2.092,7512.63,1.728,0.4062,9.212,0
59.64,0.391,4890.37,1.209,0.6851,5.906,0
72.86,1.969,8408.36,0.438,0.8326,9.013,0
64.21,2.163,6777.14,0.598,0.5064,12.479,0
46.09,0.556,480.55,0.866,0.4816,10.991,0
59.11,1.794,5192.59,0.525,0.8434,24.2,0
51.04,1.075,2613.57,1.857,0.5226,22.204,0
51.63,1.952,2618.24,2.16,0.5586,28.68,0
62.62,1.989,6192.72,0.253,0.4822,61.441,0
65.63,2.076,6676.39,1.367,0.2694,17.849,0
59.02,2.387,5305.78,0.496,0.6265,0.577,0
70.41,1.016,8064.92,0.503,0.6334,9.509,0
65.28,2.593,6609.77,1.946,0.6651,1.157,0
46.69,1.922,1259.89,1.251,0.3696,3.423,0
70.19,1.09,7761.84,0.909,0.6904,22.973,0
60.69,0.7,5503.8,0.693,0.5407,4.585,0
69.41,0.974,8272.45,0.778,0.2951,21.973,0
50.04,2.268,2763.14,0.747,0.2353,20.321,0
55.79,2.748,3289.43,1.837,0.8182,29.39,0
50.44,1.101,2539.8,1.085,0.3295,11.739,0
50.14,1.6,1797.37,2.066,0.6373,2.658,0
59.69,1.942,5271.69,1.262,0.5966,0.971,0
54.04,2.065,3571.73,0.401,0.6895,0.094,0
59.64,2.631,4722.96,1.957,0.4842,4.004,0
70.16,1.035,8196.88,1.492,0.7856,1.687,0
57.35,2.635,4922.72,2.026,0.2725,38.505,0
47.1,2.591,1576.63,2.194,0.4279,12.311,0
72.55,2.48,7967.51,0.219,0.5476,2.043,0
70.6,0.94,8357.15,2.178,0.5303,12.259,0
70.74,0.701,7983.91,0.425,0.2637,11.055,0
48.83,0.684,2261.02,1.673,0.7035,15.099,0
65.68,2.532,6461.18,1.854,0.5107,1.633,0
64.13,0.68,5721.75,0.481,0.3765,5.131,0
50.2,2.68,2290.6,0.804,0.656,0.207,0
63.57,2.001,5590.94,0.324,0.2328,6.596,0
51.72,2.029,3505.5,0.822,0.2322,44.613,0
50.98,1.798,2578.32,0.638,0.2435,2.993,0
63.35,1.628,6380.97,1.142,0.5263,19.637,0
48.0,0.843,1934.66,1.709,0.7612,1.537,0
55.35,1.667,3852.68,0.324,0.5334,12.675,0
58.72,0.59,4910.69,0.856,0.5142,2.224,0
47.93,1.527,1825.37,1.817,0.4674,12.96,0
55.52,0.35,3937.11,1.125,0.7148,23.125,0
54.8,1.704,3425.97,0.291,0.3912,1.186,0
69.76,2.63,8450.64,0.338,0.8036,0.58,0
54.61,2.744,3534.48,1.492,0.4443,88.948,0
51.56,2.461,3312.83,2.014,0.413,20.664,0
60.11,1.104,5659.06,0.557,0.5261,13.546,0
63.32,0.779,6214.01,0.207,0.1659,6.378,0
60.73,2.341,5757.4,0.695,0.3923,5.805,0
69.5,2.085,7974.25,0.426,0.7166,9.782,0
65.03,0.736,6534.85,0.402,0.1735,16.394,0
62.88,0.327,6007.6,1.681,0.4316,4.806,0
49.01,1.51,1925.06,0.779,0.7211,23.669,0
51.42,1.755,2778.79,1.545,0.3745,6.466,0
46.11,0.981,1303.39,0.322,0.814,38.122,0
68.43,1.828,7757.25,1.054,0.4969,64.547,0
69.03,1.029,8009.33,1.033,0.2545,8.502,0
62.68,1.431,6437.1,1.899,0.3605,22.132,0
67.37,2.716,6868.52,1.315,0.2439,5.008,0
47.54,1.881,1808.03,2.044,0.743,1.746,0
64.0,1.952,6186.51,1.406,0.7615,3.752,0
65.63,2.083,6498.25,1.318,0.4856,36.651,0
52.34,2.637,2896.9,2.124,0.2321,139.615,0
56.37,0.831,4122.94,1.409,0.2932,44.399,0
58.77,1.587,4737.47,0.919,0.3331,12.944,0
55.81,0.456,4277.13,2.163,0.4786,32.956,0
68.38,1.663,7780.38,0.643,0.2521,5.439,0
70.73,1.706,7951.97,1.035,0.2567,7.205,0
54.22,1.902,3290.65,1.57,0.3301,31.026,0
69.54,1.868,8218.67,1.181,0.2678,28.523,0
47.07,2.584,1521.83,1.284,0.5993,1.089,0
41.98,2.401,384.12,2.09,0.6178,26.016,0
54.95,2.039,3564.09,0.218,0.504,8.408,0
59.79,1.934,5289.82,1.433,0.4882,12.045,0
42.37,1.576,155.54,0.749,0.8342,0.311,0
66.2,1.952,6930.52,1.812,0.7868,2.037,0
45.65,1.569,909.04,1.83,0.3371,9.102,0
53.95,1.256,3233.63,1.33,0.8432,4.608,0
63.47,2.431,5845.95,1.719,0.2155,8.583,0
57.17,0.346,4742.69,0.219,0.27,12.472,0
55.44,2.431,3744.84,0.391,0.5197,0.783,0
47.05,2.457,1875.9,1.975,0.4829,0.858,0
46.83,1.665,724.52,0.266,0.8001,6.797,0
69.46,1.726,8176.34,1.705,0.6489,9.144,0
45.08,2.37,746.27,0.978,0.7776,7.255,0
65.32,0.564,6447.12,2.177,0.6569,12.505,0
72.21,2.381,8284.32,0.881,0.6883,55.763,0
54.44,2.211,3432.31,0.259,0.3413,88.279,0
55.01,1.323,4221.07,1.559,0.6125,1.613,0
62.79,2.275,5296.37,1.626,0.2074,3.015,0
61.96,1.023,6078.09,0.413,0.1536,6.634,0
51.46,0.901,3123.31,0.465,0.2812,10.723,0
58.43,1.12,4759.82,0.386,0.5686,7.06,0
53.83,0.959,3336.0,0.976,0.2093,41.652,0
70.51,0.641,7703.74,0.961,0.2472,6.449,0
56.63,0.364,4242.24,1.069,0.4448,11.918,0
44.6,1.825,746.14,1.388,0.2869,2.036,0
52.21,2.667,2659.13,0.864,0.5841,29.341,0
50.92,2.435,2868.15,2.148,0.2453,6.96,0
72.1,0.722,8057.14,0.828,0.8252,62.369,0
50.45,1.697,2548.16,0.685,0.4132,30.519,0
52.59,0.496,3400.66,1.328,0.5646,14.199,0
59.57,1.4,5826.39,1.617,0.4569,6.199,0
61.8,2.329,5919.82,1.791,0.4364,12.452,0
61.06,2.06,5420.02,1.778,0.2018,84.201,0
58.2,1.242,4125.57,1.213,0.7943,21.181,0
58.62,2.528,4666.62,1.274,0.5967,1.599,0
63.86,1.91,6559.21,0.91,0.6029,0.816,0
70.73,2.157,8362.31,2.131,0.4513,0.191,0
48.87,1.528,2273.4,1.238,0.5564,15.412,0
53.86,1.73,3844.54,1.201,0.3915,0.448,0
46.73,1.282,978.21,2.123,0.2312,50.845,0
46.01,0.738,1290.07,1.166,0.4833,10.378,0
64.06,1.029,5952.81,0.801,0.7171,2.201,0
66.24,0.627,7233.11,2.168,0.3207,3.451,0
45.61,1.656,1445.14,2.117,0.3123,9.347,0
46.96,0.276,1649.39,1.428,0.2881,16.146,0
52.8,2.032,3366.22,0.612,0.6766,29.773,0
46.14,0.686,625.54,0.852,0.4703,5.477,0
69.16,1.572,7346.15,1.478,0.5679,17.009,0
58.27,1.805,5030.84,1.827,0.6442,6.355,0
62.31,0.42,5261.67,0.468,0.2325,6.559,0
47.23,1.287,1637.57,0.476,0.4186,3.699,0
59.69,2.003,5438.21,1.491,0.8499,14.571,0
57.41,1.373,4212.99,0.307,0.4013,0.173,0
47.17,2.32,1246.89,2.128,0.5038,12.296,0
60.5,1.471,5851.45,0.365,0.1716,25.768,0
52.1,0.915,2553.56,1.275,0.2677,11.002,0
64.33,0.494,6337.15,0.428,0.6926,31.198,0
51.63,2.339,3181.64,0.283,0.6533,14.228,0
73.26,2.153,8414.12,0.795,0.8495,10.752,0
53.95,2.323,3028.05,1.078,0.8458,26.9,0
49.91,1.112,2090.35,1.622,0.5929,3.267,0
44.96,0.737,1269.57,0.614,0.1916,7.777,0
49.58,2.031,2461.11,0.779,0.3371,35.137,0
71.07,1.966,8378.1,0.39,0.8239,27.726,0
71.77,0.53,7817.66,1.932,0.3248,22.369,0
66.59,2.18,7059.25,1.552,0.4926,15.505,0
49.12,1.847,2357.22,1.96,0.2152,13.048,0
51.21,2.634,2437.1,0.938,0.8152,7.136,0
42.72,2.1,120.77,1.117,0.6149,7.983,0
42.28,1.59,631.98,0.636,0.4508,4.285,0
50.76,1.703,2355.71,1.332,0.4897,7.582,0
61.46,0.326,5833.44,0.399,0.6987,11.077,0
46.81,0.202,1143.59,2.116,0.2916,21.0,0
45.22,1.89,1208.07,0.518,0.8029,5.764,0
61.59,2.55,5598.54,0.531,0.4274,6.562,0
64.07,0.809,5975.31,1.511,0.6426,0.02,0
56.95,1.968,4105.18,0.219,0.6369,30.58,0
72.04,1.298,8400.5,0.464,0.1996,8.694,0
64.67,2.491,6238.41,0.474,0.6914,25.182,0
46.89,2.782,1218.43,0.486,0.5214,0.153,0
59.67,1.833,5560.17,0.503,0.4382,20.883,0
68.34,0.425,7323.69,0.401,0.6767,16.03,0
54.66,0.564,3325.87,0.754,0.209,14.51,0
59.75,1.78,5140.07,1.758,0.6333,33.897,0
61.25,1.525,5630.61,1.696,0.3569,1.01,0
70.12,2.682,7642.47,1.19,0.2289,12.462,0
56.55,2.766,5089.01,2.068,0.2424,35.495,0
58.48,1.15,4874.4,1.566,0.6839,55.602,0
65.45,0.882,6571.08,0.28,0.1923,28.031,0
57.29,1.834,4355.53,1.202,0.4408,21.78,0
43.16,0.921,792.39,0.82,0.5079,4.089,0
65.73,1.595,6887.7,0.981,0.594,32.381,0
64.07,2.098,5820.87,1.893,0.1905,1.623,0
55.87,1.379,3749.66,1.418,0.3665,24.365,0
65.5,2.024,6321.53,0.528,0.8171,13.325,0
66.65,2.074,6677.09,0.534,0.2389,27.346,0
51.81,0.276,2357.62,1.814,0.3404,1.188,0
61.94,1.699,6083.52,0.354,0.4686,8.037,0
55.99,0.863,4296.72,0.406,0.5517,23.093,0
48.6,1.523,2018.6,0.288,0.754,5.048,0
55.71,2.621,4062.82,1.915,0.537,44.15,0
64.58,1.29,6321.59,0.844,0.4414,22.932,0
51.35,1.505,2378.57,2.004,0.2755,29.365,0
71.75,2.681,8343.88,0.338,0.4756,5.971,0
66.48,0.221,7196.71,0.601,0.5447,6.521,0
62.0,1.406,5330.83,1.383,0.4954,26.66,0
49.74,0.837,1741.55,0.213,0.437,4.775,0
51.35,2.383,3009.96,1.954,0.8157,0.026,0
62.8,0.47,5621.35,1.26,0.3167,12.192,0
42.54,2.792,603.12,1.623,0.2151,45.752,0
66.88,1.168,7637.21,2.149,0.2094,1.808,0
46.04,2.332,1221.52,0.35,0.5475,10.276,0
70.78,1.019,8199.43,1.802,0.6405,23.928,0
52.63,0.907,2771.68,0.349,0.2919,27.249,0
59.94,1.412,5011.55,1.013,0.5251,60.156,0
49.05,1.002,1844.14,0.73,0.2339,3.087,0
63.38,0.305,5862.86,1.872,0.3795,1.722,0
48.0,1.125,2185.04,1.227,0.624,5.424,0
72.67,1.376,8421.68,1.696,0.3249,11.16,0
66.22,0.563,6852.73,0.224,0.7313,72.889,0
46.71,1.839,1198.01,1.489,0.5576,5.391,0
65.21,0.257,6927.08,0.329,0.7817,10.547,0
48.0,1.062,1181.85,0.285,0.4727,3.31,0
57.95,2.336,4920.63,0.99,0.1706,20.691,0
47.6,0.928,1551.58,1.967,0.1743,17.378,0
50.33,0.967,2164.59,1.024,0.5355,1.133,0
51.1,2.5,2450.12,1.252,0.5915,29.166,0
66.33,2.772,6776.71,1.764,0.4014,14.155,0
57.81,1.21,4171.31,0.56,0.3732,4.45,0
67.95,2.224,7624.42,0.317,0.8441,13.569,0
68.14,0.46,6541.47,1.514,0.3366,30.499,0
69.31,0.345,7804.98,2.193,0.3036,33.734,0
64.39,2.398,6798.08,0.552,0.5648,29.538,0
64.67,2.576,5960.06,0.256,0.6404,53.065,0
58.21,2.769,4834.29,1.963,0.4946,6.654,0
56.47,0.435,4219.67,0.665,0.3032,13.455,0
43.07,0.539,105.74,1.634,0.7931,33.475,1
51.47,0.257,2818.15,1.373,0.7921,26.799,0
69.19,1.171,7210.44,2.084,0.4269,1.917,0
48.88,0.555,2634.83,0.515,0.8141,28.25,0
70.15,2.719,8169.56,1.587,0.8002,27.836,0
48.31,1.731,1975.19,0.551,0.3648,20.994,0
45.71,2.667,1169.73,0.983,0.846,60.438,1
40.4,1.766,372.02,2.042,0.8273,4.493,0
59.59,2.138,4850.62,0.676,0.8377,3.308,0
68.12,0.431,7536.69,1.618,0.5974,39.192,0
55.39,0.376,3851.69,0.713,0.2256,0.023,0
54.6,2.105,3341.87,2.138,0.7692,12.229,0
52.95,1.447,3281.19,1.928,0.6057,20.917,0
46.97,0.392,1466.31,1.892,0.3564,6.908,0
70.98,1.176,8093.96,1.664,0.5329,41.112,0
45.42,1.744,882.08,1.427,0.4879,0.567,0
71.34,0.608,8016.51,0.403,0.2939,3.793,0
65.02,2.077,5956.45,1.66,0.3357,5.951,0
50.82,2.384,2095.41,0.507,0.4026,10.043,0
51.49,1.921,2574.22,1.4,0.2898,0.469,0
47.24,2.394,1534.99,0.817,0.4282,12.088,0
62.26,0.437,5652.74,1.288,0.2794,39.008,0
52.33,1.409,3202.97,0.652,0.338,1.145,0
64.78,1.935,6418.78,0.371,0.3907,14.034,0
69.6,2.386,8253.93,1.837,0.443,13.803,0
67.02,1.435,7381.91,1.963,0.4834,1.48,0
68.58,2.541,7683.33,1.801,0.6243,17.429,0
44.5,2.169,1110.37,0.546,0.8391,64.466,1
67.0,2.77,6891.07,1.071,0.8481,17.762,0
67.77,0.871,7106.51,2.022,0.7899,1.249,0
52.91,0.918,3360.03,1.116,0.7614,27.798,0
61.31,1.559,5333.69,1.039,0.4401,2.887,0
59.78,2.605,5038.65,1.325,0.2207,6.066,0
55.26,1.094,4599.32,1.022,0.4181,11.965,0
61.19,0.574,5215.28,1.417,0.6356,0.712,0
68.73,1.062,7572.42,0.675,0.672,45.652,0
70.92,0.988,7635.06,0.761,0.4941,21.444,0
45.52,2.459,925.03,0.469,0.832,10.537,0
66.48,1.878,7036.92,0.576,0.298,31.268,0
65.37,2.175,6323.94,1.934,0.7247,13.035,0
46.49,0.553,1435.37,1.903,0.7655,0.529,0
49.34,2.366,1719.21,1.874,0.3246,10.973,0
69.07,2.341,7811.46,1.21,0.5948,2.38,0
42.33,1.168,356.73,1.388,0.2743,36.791,0
59.18,2.526,5029.79,1.698,0.6322,6.04,0
54.3,0.624,3347.15,1.345,0.8254,35.022,0
60.97,1.265,5537.99,0.24,0.6962,26.265,0
41.76,2.57,174.74,1.495,0.5708,0.153,0
50.12,2.714,2220.08,1.485,0.4467,8.503,0
51.64,0.855,3029.16,1.133,0.624,31.303,0
55.18,1.922,3436.08,1.887,0.412,18.761,0
61.12,0.976,5216.02,0.416,0.1947,80.161,0
61.79,2.049,5481.0,1.985,0.3592,2.924,0
64.14,2.539,6529.98,1.811,0.7117,16.495,0
60.96,1.904,5648.45,2.195,0.3316,9.761,0
52.03,0.292,3361.51,1.616,0.5504,3.791,0
63.97,2.241,6203.02,2.013,0.6203,12.742,0
68.67,2.386,7201.52,1.953,0.2768,1.849,0
45.99,2.184,1174.73,0.566,0.6258,7.361,0
47.15,1.124,850.12,1.688,0.365,27.929,0
52.02,2.413,2883.06,1.141,0.7565,15.769,0
71.11,0.385,8032.13,1.979,0.5003,36.381,0
53.45,2.421,3306.02,0.475,0.2902,9.473,0
59.47,2.557,4882.99,1.115,0.3715,22.637,0
63.56,0.66,6643.11,1.469,0.1533,5.752,0
64.86,0.638,6494.02,1.729,0.4927,25.958,0
43.66,1.249,839.55,2.131,0.4183,0.692,0
47.09,1.17,1775.08,0.228,0.3755,32.24,0
47.2,0.847,1700.84,1.587,0.391,2.485,0
52.12,1.731,3321.82,0.534,0.7267,6.374,0
50.68,1.078,2542.95,1.976,0.8468,7.554,0
67.25,1.134,7671.62,0.577,0.8137,45.064,0
54.47,0.541,3488.49,1.668,0.5628,3.332,0
55.04,1.891,3179.37,0.275,0.7636,5.318,0
61.77,1.921,4591.76,1.507,0.1638,21.067,0
55.77,1.189,3600.91,1.295,0.4821,2.992,0
62.09,1.92,5939.61,1.525,0.339,16.749,0
45.64,2.36,1252.17,0.41,0.6531,2.255,0
46.33,0.719,1057.71,0.726,0.5162,4.054,0
63.53,0.968,6008.87,0.279,0.4974,4.191,0
69.74,1.946,7938.24,2.014,0.7347,19.903,0
46.81,0.434,1352.81,1.223,0.6565,1.922,0
50.3,0.97,2249.49,1.129,0.2199,3.456,0
47.08,0.955,431.33,1.803,0.3689,24.147,0
45.16,2.415,897.99,1.527,0.2694,7.964,0
54.85,1.817,3776.8,1.957,0.2151,30.37,0
45.23,0.907,1636.1,0.971,0.7455,28.961,0
63.22,2.272,5550.31,0.426,0.6373,1.088,0
70.73,1.736,8016.72,1.805,0.6249,3.6,0
54.56,1.132,3289.91,0.258,0.6291,32.823,0
72.81,0.494,8276.93,1.023,0.1822,5.459,0
53.56,2.032,2739.6,1.556,0.6873,15.472,0
60.73,1.08,4846.1,1.246,0.6404,1.802,0
61.56,0.846,5658.39,0.891,0.6234,8.747,0
63.69,0.342,7147.88,1.487,0.2598,34.01,0
66.12,2.46,7255.72,0.35,0.4942,4.961,0
71.68,1.873,8249.22,1.007,0.3145,11.061,0
66.17,1.365,6830.59,1.913,0.4629,2.275,0
56.65,1.272,4277.94,1.314,0.1501,1.715,0
59.65,1.81,5175.31,0.809,0.5058,4.171,0
63.18,0.341,5740.38,0.646,0.4681,14.784,0
60.22,1.43,5305.97,1.514,0.6511,2.179,0
64.87,2.358,6478.29,2.129,0.3544,13.286,0
64.07,0.319,5997.61,0.528,0.2483,22.712,0
64.85,0.688,6161.1,2.06,0.425,10.993,0
66.35,2.064,6663.93,0.416,0.4401,47.019,0
65.22,1.371,7134.72,1.517,0.8193,2.603,0
55.92,1.579,4290.16,0.297,0.8047,32.854,0
53.85,0.661,4156.63,1.357,0.6613,2.473,0
53.6,1.761,3354.21,1.965,0.5029,8.741,0
72.9,0.911,8327.81,2.127,0.8293,10.854,0
45.25,1.273,1220.32,1.6,0.6739,6.392,0
64.19,2.632,5992.55,1.465,0.2906,17.615,0
49.44,1.098,2540.87,1.545,0.8369,18.901,0
68.68,1.038,8149.94,0.431,0.3966,11.783,0
59.08,1.935,4893.36,1.035,0.6735,33.143,0
52.01,1.559,2501.8,0.251,0.2517,19.97,0
46.44,2.15,1779.18,0.522,0.3506,5.192,0
66.66,2.159,7150.81,0.265,0.7198,1.946,0
66.94,2.123,7391.5,1.93,0.6697,14.83,0
49.79,0.948,2095.8,1.529,0.7985,8.825,0
68.38,2.737,8136.3,0.825,0.5365,0.235,0
48.22,2.462,2211.27,1.86,0.788,21.951,0
59.95,2.163,5540.11,1.293,0.5724,26.942,0
70.49,1.975,8200.03,0.574,0.2717,12.982,0
54.16,1.314,3268.47,1.313,0.241,15.787,0
48.93,0.602,2242.14,0.507,0.3758,0.939,0
71.41,1.801,7932.01,1.524,0.4934,15.304,0
53.1,0.772,3107.92,0.568,0.1977,12.663,0
53.55,1.596,3593.82,0.384,0.3048,4.32,0
51.57,2.157,2887.82,1.261,0.8476,31.239,0
71.84,0.223,8341.52,1.538,0.462,42.275,0
58.2,1.975,5255.09,0.842,0.7912,52.204,0
51.6,1.605,3341.36,0.766,0.7879,31.079,0
53.8,0.314,3249.65,1.997,0.2848,12.984,0
69.0,0.635,8064.98,2.113,0.5266,0.132,0
43.28,2.449,649.96,1.048,0.2227,13.89,0
61.2,2.738,6003.04,1.75,0.6026,50.567,0
65.07,1.062,6373.88,0.375,0.188,28.457,0
59.85,1.695,4787.91,0.655,0.3311,8.839,0
60.68,1.951,5393.83,1.27,0.599,17.338,0
64.67,1.723,6450.07,1.602,0.2008,47.372,0
45.7,0.425,991.54,1.731,0.4564,9.049,0
60.79,1.432,5650.07,1.267,0.2455,8.927,0
62.87,0.575,6798.87,1.555,0.7899,28.527,0
62.93,1.17,6226.33,2.099,0.5375,14.577,0
47.59,1.597,1135.18,2.094,0.3633,24.831,0
68.97,1.094,7689.79,1.025,0.6022,12.934,0
47.5,0.705,1452.02,0.563,0.7098,34.42,0
69.62,2.624,7251.66,2.189,0.4729,14.36,0
51.39,2.087,2541.48,1.174,0.3816,2.47,0
61.85,0.46,5605.97,1.439,0.7801,6.883,0
54.84,1.719,3885.43,1.331,0.4051,6.845,0
54.26,0.213,3697.78,0.692,0.3051,24.235,0
55.52,2.106,3763.44,1.956,0.474,7.998,0
50.79,1.634,2665.96,0.552,0.5746,33.189,0
68.55,0.884,7313.19,1.973,0.2035,1.411,0
44.05,1.519,256.49,0.262,0.5573,9.35,0
60.96,1.613,5056.31,2.197,0.4805,26.866,0
52.26,0.781,3172.88,1.744,0.6633,6.19,0
54.81,1.506,4003.49,1.525,0.7436,29.568,0
60.32,0.631,5257.9,1.228,0.4624,3.553,0
68.55,2.113,8069.18,1.167,0.4012,4.445,0
54.04,0.363,4196.19,0.939,0.18,4.17,0
68.17,1.382,7724.9,0.293,0.8364,7.05,0
64.07,1.556,6011.38,1.859,0.7344,5.501,0
59.16,1.15,4672.54,1.507,0.7348,13.087,0
54.97,2.559,3261.16,1.233,0.397,36.411,0
55.04,1.505,4189.64,0.478,0.2659,1.444,0
61.45,0.75,5505.21,0.574,0.4036,22.741,0
46.1,2.073,1093.97,1.163,0.4852,4.259,0
49.27,2.367,1454.47,0.245,0.1802,15.338,0
46.85,1.688,1453.48,0.312,0.3308,3.573,0
70.28,1.758,8149.2,1.327,0.163,22.884,0
61.7,1.368,5658.66,2.186,0.7571,3.366,0
67.26,1.762,7075.05,1.789,0.7243,3.614,0
61.57,1.091,5641.05,1.107,0.5634,4.7,0
55.6,0.482,3337.88,0.605,0.7517,12.634,0
55.01,1.437,3626.28,1.429,0.1773,27.574,0
57.58,0.506,4327.97,1.164,0.2412,16.65,0
68.33,1.888,7051.18,1.244,0.4093,0.799,0
56.68,0.797,4550.46,1.805,0.7027,8.641,0
59.56,2.011,5048.0,0.395,0.2437,11.672,0
47.16,2.434,2053.11,0.767,0.7637,9.456,0
47.37,1.703,1687.78,0.436,0.155,19.132,0
60.52,1.021,5877.24,0.925,0.2583,18.978,0
50.58,1.151,2230.51,0.751,0.6264,25.315,0
53.5,2.238,3571.12,1.165,0.4091,14.571,0
49.43,2.034,2231.73,1.672,0.7485,19.381,0
65.37,1.361,6381.64,1.599,0.2633,4.345,0
53.33,2.012,3464.71,1.614,0.2625,60.124,0
43.79,0.437,144.44,0.491,0.7981,10.289,0
44.32,0.298,638.28,0.969,0.8391,17.133,0
58.15,2.05,4476.45,1.395,0.812,30.889,0
60.43,1.908,5478.45,1.808,0.3502,0.615,0
60.28,1.541,5135.93,0.663,0.2686,0.661,0
50.09,2.792,2109.76,1.759,0.3972,9.05,0
59.58,1.546,5023.07,1.674,0.198,1.701,0
51.99,1.105,2489.75,2.127,0.3436,16.782,0
45.73,2.617,1734.01,1.35,0.3328,9.41,0
46.38,2.662,994.31,1.806,0.8197,37.591,0
66.7,1.695,6930.44,1.588,0.8262,14.908,0
65.13,1.393,6567.72,1.121,0.5608,0.499,0
42.71,0.376,1076.65,1.467,0.8459,20.337,0
47.91,1.543,2031.41,0.219,0.7325,5.137,0
47.83,1.952,881.28,1.842,0.2032,48.229,0
54.82,0.9,4103.07,2.094,0.6282,43.329,0
59.05,0.719,4291.59,1.671,0.7609,4.17,0
48.31,0.606,1803.24,0.413,0.7941,20.276,0
63.52,1.796,5672.76,1.728,0.529,0.777,0
55.51,2.762,4151.25,1.994,0.7581,12.149,0
70.33,2.582,8368.92,0.761,0.3055,15.473,0
44.36,1.606,554.84,1.205,0.4256,20.87,0
46.19,2.739,1568.32,1.596,0.472,21.036,0
43.08,1.046,199.29,1.426,0.3318,14.316,0
50.86,1.425,2091.97,1.426,0.4061,12.432,0
48.19,2.421,1868.47,0.759,0.2759,2.53,0
58.18,0.794,4937.5,0.4,0.339,4.841,0
54.56,2.694,3730.64,0.499,0.714,3.498,0
57.5,2.788,4296.62,1.899,0.5119,22.949,0
64.96,1.676,6696.8,0.997,0.6334,1.114,0
67.74,1.439,6936.07,1.46,0.4649,7.334,0
50.38,0.87,3132.08,0.24,0.2349,36.363,0
69.64,0.717,8190.18,1.352,0.6044,3.453,0
64.19,1.467,6654.6,1.673,0.7727,8.636,0
52.19,1.842,2506.8,0.49,0.2673,29.678,0
51.21,2.407,2934.06,0.343,0.2634,4.663,0
50.52,0.958,2761.78,0.735,0.6013,5.696,0
56.17,1.726,3837.15,2.131,0.4398,3.658,0
42.16,2.092,294.05,1.524,0.8083,21.713,1
44.98,0.366,772.54,1.957,0.5339,0.481,0
54.51,2.189,3434.91,0.367,0.3337,3.037,0
62.38,0.843,5600.59,0.768,0.5885,2.533,0
66.32,0.274,7143.55,1.527,0.7523,7.08,0
57.83,0.908,4099.7,1.09,0.8287,21.529,0
47.32,1.754,1587.11,1.462,0.5951,14.941,0
57.08,1.103,4497.06,1.279,0.7133,10.497,0
52.31,0.875,3172.58,0.807,0.1501,30.41,0
66.53,0.222,7222.75,2.044,0.8129,11.669,0
43.74,1.319,176.71,0.786,0.3119,0.13,0
52.03,1.226,3238.61,0.527,0.666,8.889,0
54.28,0.884,3278.21,1.044,0.3177,26.032,0
69.75,0.94,7743.62,1.686,0.7162,9.586,0
65.74,0.674,7269.25,0.779,0.5958,17.309,0
49.8,0.25,2385.93,0.299,0.5245,3.703,0
44.82,0.9,959.1,1.63,0.659,4.77,0
45.68,1.01,1365.74,1.799,0.8486,11.215,0
65.66,1.059,6747.97,1.887,0.8162,1.038,0
66.37,0.7,6615.48,1.883,0.7221,31.711,0
46.52,2.197,1124.48,0.698,0.6899,10.532,0
65.34,2.205,6296.0,1.242,0.8375,11.524,0
62.66,1.011,5824.12,0.846,0.5904,0.776,0
69.0,1.86,7974.34,0.597,0.7713,35.867,0
48.63,0.494,1929.42,1.466,0.3772,3.297,0
52.01,0.223,2419.24,0.284,0.6984,11.608,0
61.32,1.166,5108.18,0.379,0.2604,1.725,0
64.25,1.825,5296.62,0.32,0.6012,21.751,0
63.9,0.527,6748.32,0.665,0.8372,27.969,0
65.04,0.702,6456.26,1.578,0.4007,2.605,0
67.56,1.462,7648.77,1.075,0.3563,21.495,0
48.36,2.104,1694.12,0.751,0.7319,44.261,0
59.68,0.379,4757.97,0.51,0.357,5.502,0
54.85,1.186,3183.75,0.571,0.1631,34.987,0
65.17,0.821,6618.54,1.642,0.6108,13.937,0
52.35,1.634,3354.92,1.426,0.3758,18.435,0
45.39,1.56,1027.9,0.333,0.7346,2.502,0
68.44,0.457,7437.34,1.342,0.7354,19.309,0
59.13,2.023,4516.9,0.712,0.4064,16.763,0
45.18,1.478,695.34,1.98,0.206,29.062,0
43.79,1.651,609.88,2.076,0.4412,8.29,0
63.6,0.306,6050.84,0.341,0.3627,52.078,0
69.75,0.453,8168.93,1.65,0.5222,3.781,0
57.83,0.665,4520.01,1.698,0.4406,2.007,0
62.81,1.131,5464.44,1.117,0.6157,38.593,0
47.77,1.078,1501.2,0.516,0.8489,10.534,0
53.81,1.019,3059.52,2.183,0.3773,8.366,0
63.07,1.782,6519.15,1.326,0.2997,26.121,0
70.39,0.861,7879.63,2.123,0.4632,9.108,0
65.31,1.546,6201.03,2.187,0.3613,6.429,0
48.7,2.425,1963.85,0.243,0.7254,21.065,0
49.02,2.607,2418.04,0.509,0.1764,7.911,0
45.91,1.154,1262.63,1.364,0.3131,29.995,0
42.88,2.109,872.0,1.647,0.705,3.417,0
68.21,1.993,7035.92,1.352,0.7854,16.28,0
50.99,0.404,2623.3,0.312,0.6896,7.697,0
64.81,1.283,6963.99,1.936,0.7589,4.628,0
61.4,2.221,5583.35,0.965,0.3633,0.757,0
58.11,0.589,4635.41,1.205,0.3046,0.933,0
62.84,1.747,6245.26,1.209,0.3055,6.159,0
54.76,0.544,3412.31,0.365,0.55,0.91,0
55.31,2.212,3453.21,0.461,0.2444,14.749,0
57.41,1.896,4198.03,0.592,0.5812,23.95,0
51.46,1.041,2168.47,2.048,0.2127,20.052,0
55.71,1.106,3657.74,0.841,0.5657,0.441,0
52.97,2.774,2660.48,1.084,0.2521,0.826,0
66.28,0.719,6972.64,0.948,0.6804,34.483,0
48.41,2.609,1043.92,1.938,0.7241,0.249,0
63.73,0.489,5927.88,1.1,0.1659,4.22,0
58.59,0.873,4619.25,1.166,0.6609,2.743,0
64.29,0.248,5969.54,1.366,0.6145,0.8,0
46.91,1.807,1530.69,0.306,0.6083,0.151,0
55.85,0.905,3364.62,1.904,0.6121,35.949,0
44.08,0.801,260.26,0.961,0.8336,1.889,0
50.34,2.454,2749.83,1.263,0.2805,12.5,0
56.04,0.843,3947.08,1.259,0.3835,8.998,0
46.85,1.102,1418.84,0.904,0.5877,4.85,0
68.92,1.827,8317.25,1.957,0.7733,30.359,0
43.2,1.643,347.51,0.76,0.2562,40.945,0
62.67,2.698,5618.23,1.425,0.5879,4.645,0
50.03,0.597,2119.03,2.141,0.7868,7.189,0
58.47,1.608,4654.76,1.8,0.7538,6.653,0
63.71,1.562,6023.15,0.471,0.847,66.968,0
49.06,1.025,1319.28,1.315,0.814,2.268,0
50.59,2.487,2767.82,1.654,0.6858,38.185,0
53.42,2.628,3577.94,1.988,0.8033,5.759,0
65.94,0.478,6644.51,0.569,0.6837,17.041,0
49.4,0.804,2341.65,1.575,0.4015,20.974,0
56.01,1.506,4103.46,1.409,0.6484,8.43,0
66.75,0.702,7257.89,0.264,0.6852,0.272,0
50.32,1.274,2366.81,1.685,0.8418,25.522,0
47.43,2.455,655.55,1.18,0.3774,11.01,0
48.06,1.253,2172.98,0.284,0.6647,8.616,0
50.04,1.744,2728.34,1.25,0.763,27.83,0
56.38,1.374,4473.45,1.854,0.1797,98.665,0
56.05,1.65,4457.1,1.232,0.5915,0.91,0
52.1,1.235,2545.91,0.809,0.7293,11.136,0
54.47,1.544,3648.68,0.484,0.7309,10.817,0
63.33,0.494,6170.23,1.757,0.8065,21.44,0
45.2,0.665,1236.58,1.381,0.6488,4.06,0
56.4,0.85,3919.34,1.583,0.785,28.656,0
63.89,1.368,6134.35,0.926,0.5167,8.724,0
66.02,1.53,6744.96,2.1,0.4151,8.622,0
66.26,1.915,6553.39,0.5,0.7582,3.547,0
62.47,1.291,6081.2,0.819,0.688,10.639,0
61.24,0.727,5362.2,1.445,0.3272,11.046,0
67.93,1.613,7285.45,0.212,0.7679,4.89,0
58.44,0.406,5046.44,1.4,0.3213,14.267,0
60.76,1.65,5306.03,1.851,0.1842,2.888,0
63.85,1.934,5587.53,1.876,0.3589,45.55,0
44.33,1.284,511.86,0.556,0.6205,16.999,0
60.93,0.661,5908.71,1.111,0.5553,48.251,0
43.9,0.978,882.26,0.937,0.4153,1.261,0
53.96,0.55,3689.52,1.589,0.3421,13.478,0
57.46,2.009,4507.03,1.424,0.2265,23.55,0
62.22,1.991,5383.42,2.068,0.8404,6.094,0
60.14,1.023,5214.29,1.251,0.8465,7.861,0
44.82,1.843,1189.59,1.185,0.2759,16.922,0
62.63,2.746,6052.13,0.203,0.1668,17.677,0
47.06,2.797,1090.58,1.028,0.3837,14.795,0
59.34,0.229,5455.03,0.602,0.3471,28.108,0
50.34,0.216,2685.29,1.572,0.389,23.198,0
60.42,0.276,5274.34,0.551,0.3814,7.423,0
63.97,1.879,5748.77,1.163,0.589,40.071,0
57.06,1.071,4610.53,1.768,0.4398,24.427,0
66.31,1.02,7114.89,1.272,0.2958,20.821,0
67.69,2.509,6816.1,0.907,0.8287,5.925,0
44.94,2.39,361.85,1.342,0.4227,16.278,0
67.6,2.154,7362.59,1.611,0.3701,0.579,0
53.63,1.375,3576.5,2.101,0.3013,6.48,0
45.67,2.241,1042.74,1.756,0.7893,10.558,0
41.68,0.695,309.45,2.047,0.6627,13.348,0
65.3,0.573,6614.48,1.944,0.7255,50.058,0
63.54,1.394,5784.43,1.627,0.5156,0.074,0
71.19,1.986,7931.63,1.389,0.211,11.322,0
41.96,1.012,487.57,1.355,0.3685,40.084,0
51.56,0.701,2795.4,0.753,0.3734,10.473,0
46.38,0.24,1088.27,1.446,0.5098,4.165,0
53.42,1.028,3042.67,0.483,0.643,5.995,0
51.04,1.081,2156.53,1.087,0.2411,11.453,0
62.93,0.475,5774.17,0.308,0.4485,3.55,0
57.97,2.018,5107.42,1.433,0.3687,30.612,0
62.05,1.944,6088.35,1.267,0.8316,25.372,0
57.53,2.591,4011.84,1.137,0.4689,20.763,0
64.85,1.41,6065.81,0.663,0.3067,35.532,0
61.51,2.019,5282.31,1.53,0.7021,38.529,0
55.05,0.279,3907.58,1.151,0.396,11.133,0
47.56,0.531,1534.73,0.406,0.7223,28.68,0
50.31,1.889,2837.31,1.785,0.5229,9.219,0
53.41,2.732,3572.91,0.968,0.3885,30.268,0
58.68,2.239,5064.15,1.071,0.7011,14.156,0
49.04,2.62,2083.7,1.348,0.4906,16.144,0
55.55,1.643,3988.43,1.844,0.2733,56.177,0
46.1,2.205,684.7,0.958,0.496,19.427,0
46.4,2.324,860.48,1.975,0.7823,18.197,0
42.77,1.581,101.55,0.98,0.5546,3.919,0
62.93,1.023,5824.74,1.341,0.7892,6.538,0
66.95,1.095,8024.0,0.379,0.1557,77.387,0
55.6,0.532,3495.26,0.788,0.4085,14.329,0
43.27,1.134,546.27,1.922,0.756,4.828,0
60.87,1.225,5998.66,0.836,0.418,8.65,0
57.66,0.689,4679.0,0.969,0.7971,32.982,0
45.72,2.793,1395.85,1.54,0.244,1.34,0
42.56,1.336,231.95,2.18,0.2093,18.502,0
53.21,1.386,3593.19,1.778,0.5731,9.983,0
46.12,1.37,1610.3,0.911,0.2801,16.7,0
59.25,2.402,4954.68,0.673,0.5012,9.523,0
56.18,1.677,4687.8,1.61,0.2292,11.824,0
65.11,0.569,5900.18,1.663,0.8385,74.064,0
64.78,2.514,6642.51,0.377,0.4807,24.364,0
70.69,0.403,8167.45,1.467,0.7087,6.744,0
42.75,1.419,543.3,1.225,0.4785,23.824,0
56.46,2.698,3636.54,1.796,0.3524,0.647,0
69.48,1.666,7852.06,0.323,0.4812,3.334,0
41.93,2.775,533.61,1.818,0.587,6.084,0
42.43,0.922,793.09,0.465,0.3467,35.117,0
42.69,0.49,219.31,0.549,0.5642,2.949,0
55.81,2.022,3851.89,1.17,0.7096,35.651,0
51.56,0.419,2979.92,0.49,0.8038,3.013,0
58.99,0.819,4265.97,1.08,0.5963,4.263,0
63.86,1.097,6268.63,1.485,0.6788,2.219,0
46.46,2.14,1507.84,1.705,0.5228,8.599,0
63.7,1.434,6027.11,0.49,0.7592,0.215,0
67.9,2.701,7888.67,1.566,0.1787,44.956,0
61.66,2.686,5454.36,1.064,0.7926,35.18,0
52.14,1.901,2913.73,0.982,0.6912,24.888,0
64.48,1.731,6268.23,0.59,0.3862,21.097,0
45.93,2.362,1611.3,0.224,0.2184,1.975,0
54.93,0.77,3845.91,0.767,0.2852,0.432,0
46.68,2.372,872.31,2.101,0.5967,22.163,0
45.22,2.427,1107.81,0.46,0.6095,41.428,0
61.49,2.009,4854.98,0.707,0.4769,49.531,0
60.61,2.599,5465.76,0.753,0.4489,42.068,0
64.67,0.392,6567.0,1.754,0.418,7.28,0
44.75,2.685,604.49,0.729,0.4584,12.181,0
69.07,1.479,7900.12,0.488,0.6881,4.435,0
60.78,2.573,5504.04,1.631,0.2223,1.363,0
59.14,2.531,4899.29,0.498,0.5982,48.627,0
63.19,0.893,5682.69,1.6,0.7832,15.387,0
58.8,1.334,4429.22,1.888,0.6967,27.7,0
57.72,0.209,4637.08,2.108,0.7226,11.842,0
60.07,1.973,4864.85,1.001,0.5926,57.418,0
44.57,1.59,861.6,2.122,0.2063,11.079,0
64.44,0.302,6538.67,0.968,0.2837,21.426,0
68.11,1.84,7630.27,0.919,0.2094,18.033,0
64.47,2.071,6276.72,1.386,0.4925,1.171,0
58.85,1.0,4640.64,1.268,0.734,10.738,0
72.02,2.248,8465.0,0.286,0.2327,29.621,0
62.06,1.392,5705.46,1.556,0.762,2.903,0
59.68,0.568,4966.5,1.508,0.4799,45.023,0
43.55,2.023,484.73,0.461,0.2706,0.922,0
51.74,0.644,2681.63,1.382,0.7225,2.024,0
55.69,2.278,4276.01,0.641,0.7131,9.999,0
68.0,1.043,6916.78,2.152,0.5532,2.659,0
66.74,2.262,7125.99,1.728,0.5652,7.357,0
46.68,2.01,1114.26,1.307,0.4571,46.788,0
44.51,0.46,441.87,1.895,0.5787,27.064,0
42.67,0.666,231.29,0.378,0.6062,39.233,1
54.6,2.299,3596.27,1.745,0.6347,4.156,0
59.94,2.639,5474.54,1.421,0.1763,3.572,0
56.87,2.671,4299.06,1.454,0.6978,7.695,0
42.54,1.579,138.39,0.391,0.4033,25.773,0
58.82,0.77,4633.67,1.741,0.6115,5.824,0
48.57,2.718,1727.24,1.149,0.2734,19.964,0
41.87,1.877,462.17,0.77,0.4543,7.324,0
66.04,2.125,6863.29,2.05,0.2731,27.709,0
56.25,0.502,4174.52,1.99,0.655,16.168,0
52.5,1.047,2838.17,1.758,0.3783,1.858,0
65.75,2.462,6297.08,0.951,0.3045,11.461,0
57.11,2.613,4169.02,1.11,0.4211,2.64,0
63.09,1.843,6146.5,2.151,0.2915,2.449,0
63.31,2.414,5914.57,1.117,0.2698,7.577,0
68.65,1.769,7545.84,1.779,0.5966,17.02,0
49.66,0.425,1527.46,1.914,0.4924,97.936,1
59.3,2.376,5069.28,0.758,0.661,23.985,0
48.86,2.519,2171.9,1.384,0.2543,15.347,0
43.9,2.748,142.65,0.28,0.4795,26.345,0
41.99,2.275,382.41,1.843,0.4667,4.952,0
58.5,0.232,4791.29,1.664,0.815,2.563,0
50.73,1.447,2584.64,0.81,0.6423,35.125,0
63.9,0.263,6377.21,1.11,0.6903,37.315,0
54.55,1.407,3505.03,1.467,0.7523,1.32,0
67.5,1.066,7604.85,0.265,0.4481,5.66,0
68.11,2.248,8047.2,0.362,0.7666,23.956,0
43.4,2.658,560.42,1.549,0.7716,2.117,0
52.26,0.656,3170.96,1.318,0.1969,22.241,0
47.59,2.751,1819.59,0.677,0.2295,11.719,0
67.3,0.745,7988.84,1.69,0.3078,7.829,0
48.75,1.969,2345.81,0.754,0.1944,7.622,0
56.04,2.046,4184.31,1.557,0.523,6.222,0
60.5,2.28,5315.99,2.091,0.7162,50.906,0
45.31,0.408,651.27,1.996,0.3519,56.482,0
44.73,0.917,1018.67,1.594,0.4974,37.429,0
56.96,2.721,4473.78,1.283,0.2424,7.663,0
54.68,1.876,3828.42,0.783,0.1941,36.974,0
50.81,1.27,2051.56,0.886,0.6022,7.11,0
59.24,2.012,5084.2,1.884,0.4617,6.525,0
46.41,0.876,1208.42,1.168,0.8295,26.435,0
43.03,1.118,497.48,1.112,0.2665,46.418,0
62.57,2.382,6079.22,1.586,0.6164,2.999,0
52.49,0.307,2098.4,0.833,0.2385,5.43,0
47.48,1.024,1649.77,0.888,0.411,13.972,0
47.01,0.984,1465.82,2.041,0.4332,12.456,0
45.61,0.211,1321.22,1.677,0.8329,7.243,0
63.37,1.432,6025.79,0.78,0.8108,71.048,0
60.15,2.558,4919.31,1.084,0.6324,23.678,0
70.05,0.563,7661.47,1.302,0.3657,9.244,0
66.57,0.343,7163.37,1.483,0.5584,4.522,0
70.03,0.923,7959.59,0.245,0.5269,10.613,0
63.32,0.706,5741.09,0.836,0.5736,51.692,0
69.81,1.139,7730.95,0.496,0.7477,8.306,0
53.07,2.742,3231.78,1.949,0.2113,23.425,0
56.5,2.781,3831.45,1.807,0.352,29.488,0
68.61,0.563,8251.03,1.374,0.2103,4.193,0
57.48,2.456,4086.75,2.173,0.1963,57.983,0
65.63,2.577,6451.36,1.029,0.5391,22.297,0
65.2,0.556,6444.05,0.572,0.4172,14.528,0
44.64,0.99,454.76,1.319,0.4744,0.49,0
40.4,0.883,120.55,2.112,0.734,11.514,0
62.55,1.479,5592.03,1.576,0.3213,2.288,0
49.72,2.785,2428.62,0.333,0.6719,15.661,0
60.12,1.438,4850.83,1.588,0.2337,12.933,0
58.02,2.398,4932.21,0.526,0.191,6.933,0
68.64,0.909,7477.87,1.039,0.7885,7.921,0
51.41,1.577,2534.79,2.073,0.5097,26.178,0
49.4,1.614,1639.28,1.945,0.7288,20.791,0
52.32,1.982,2629.01,1.577,0.2171,15.617,0
68.0,1.17,7015.84,1.17,0.3882,43.501,0
45.48,0.602,960.31,0.642,0.2819,40.924,0
61.1,1.583,5252.8,1.302,0.6794,2.178,0
54.61,0.399,3968.13,1.838,0.7964,11.754,0
50.07,2.513,2717.22,1.395,0.6845,7.535,0
64.9,0.275,6063.12,1.829,0.3057,34.985,0
46.63,0.539,1295.82,0.357,0.6336,27.587,0
45.25,2.214,752.98,1.715,0.1798,2.054,0
65.25,0.509,6761.66,0.706,0.1964,19.825,0
64.5,2.234,6438.22,2.04,0.2938,41.659,0
47.47,2.399,1652.17,2.084,0.8142,7.694,0
47.49,1.502,1448.68,1.657,0.3193,15.201,0
45.09,0.764,932.49,0.583,0.3473,41.748,0
58.05,2.731,4611.86,0.397,0.2998,12.628,0
62.09,1.343,6045.15,2.115,0.2766,7.888,0
54.7,0.757,3288.77,0.655,0.229,75.136,0
46.48,2.182,1138.37,1.609,0.54,0.746,0
52.41,0.501,2856.17,0.767,0.5703,6.732,0
69.62,0.956,8299.9,1.911,0.2821,1.299,0
67.6,1.437,7164.89,1.558,0.2755,119.943,0
57.82,1.912,4229.85,0.37,0.2504,9.214,0
60.5,0.464,5060.68,2.051,0.8345,1.204,0
70.17,2.776,8291.74,0.446,0.7367,23.251,0
51.91,2.055,2439.55,1.364,0.3411,28.048,0
60.17,1.768,5508.18,1.009,0.4892,5.885,0
65.73,0.481,6551.2,0.701,0.4981,17.817,0
46.63,0.377,1230.71,1.556,0.8305,8.681,0
62.55,0.597,5805.32,1.444,0.2174,1.433,0
64.68,0.725,6413.52,1.524,0.4932,5.46,0
50.34,2.435,2986.37,1.293,0.8168,0.578,0
56.02,1.018,3715.41,0.953,0.4718,0.601,0
58.11,2.437,4776.0,0.806,0.6442,12.172,0
46.01,0.484,1229.7,1.55,0.6121,20.815,0
57.82,1.437,4906.57,1.909,0.5047,8.938,0
58.53,1.117,4255.41,2.156,0.3743,0.514,0
43.37,2.376,478.99,0.898,0.6694,0.491,0
68.26,1.097,7587.28,0.915,0.3959,19.484,0
50.09,1.885,2179.96,1.385,0.7873,1.219,0
51.19,1.048,2661.26,1.122,0.7544,15.11,0
69.06,0.893,7671.84,1.592,0.5616,76.537,0
52.25,2.302,3273.0,0.4,0.6226,7.37,0
58.13,2.189,4323.26,0.879,0.5804,8.127,0
52.84,2.247,3762.33,1.881,0.5251,6.098,0
43.79,2.79,499.26,1.004,0.3081,24.448,0
45.35,1.076,872.45,0.335,0.7108,11.608,0
48.07,2.269,1861.81,1.503,0.3613,29.345,0
54.3,1.246,3736.45,1.45,0.4673,25.948,0
47.46,0.248,1617.05,1.607,0.7539,15.48,0
50.53,1.415,1888.8,2.074,0.5229,17.154,0
64.5,1.328,6560.6,1.332,0.5887,13.297,0
53.47,1.982,3159.91,0.801,0.4548,6.906,0
67.31,0.368,7073.8,0.607,0.4387,31.241,0
61.28,1.255,5526.76,0.427,0.2843,5.073,0
68.3,1.407,7048.72,1.32,0.4553,18.739,0
43.79,0.872,410.83,1.807,0.6111,3.484,0
67.96,2.706,7261.18,1.172,0.1639,35.337,0
42.88,2.541,805.01,1.014,0.4044,19.283,0
43.57,2.652,858.57,1.648,0.2484,2.137,0
65.27,2.355,6269.64,2.099,0.8021,5.222,0
67.76,0.819,7530.34,0.445,0.7147,7.189,0
57.99,0.813,5008.34,1.046,0.251,3.466,0
72.14,1.343,8247.36,0.709,0.5626,12.133,0
54.36,1.302,3247.52,1.565,0.8243,38.08,0
69.57,1.144,7970.57,1.631,0.725,0.383,0
68.96,1.922,8221.16,2.082,0.6335,27.989,0
47.98,1.637,2113.28,0.819,0.8209,8.114,0
67.97,2.43,6922.9,0.977,0.7869,8.985,0
72.78,0.864,8315.14,0.381,0.7259,4.833,0
50.6,1.842,1867.25,1.959,0.6867,9.385,0
41.65,2.453,384.61,1.846,0.8083,11.465,0
55.53,2.48,3568.88,1.84,0.7271,21.581,0
55.63,1.115,4353.21,1.404,0.7194,24.095,0
56.06,1.868,3907.4,1.46,0.7037,2.633,0
54.2,1.834,3465.56,0.827,0.2076,3.092,0
59.75,2.184,4437.47,1.894,0.63,28.32,0
51.31,1.444,2782.95,1.67,0.3325,20.935,0
66.9,1.278,7044.86,0.564,0.7635,52.128,0
67.59,0.784,7528.47,2.096,0.7962,18.749,0
63.48,0.715,5363.67,1.603,0.2681,9.226,0
53.17,0.876,3702.79,0.378,0.4075,52.957,0
45.55,2.592,1085.74,1.107,0.6215,2.271,0
62.07,0.695,6093.94,1.924,0.6975,6.113,0
58.49,1.76,4251.01,2.19,0.3481,20.352,0
56.37,1.262,3613.98,0.492,0.3531,5.464,0
61.47,1.979,5288.51,1.116,0.1572,2.573,0
51.22,2.002,2815.27,1.574,0.6493,22.186,0
63.97,0.353,6283.27,0.866,0.3144,42.992,0
72.19,2.642,8472.61,2.134,0.5688,24.827,0
43.65,0.987,482.3,0.989,0.4096,61.989,1
60.47,1.709,4800.31,0.721,0.5026,47.951,0
68.87,1.579,7474.33,0.484,0.2318,0.813,0
46.88,2.466,1174.12,1.87,0.6735,46.924,0
51.85,2.18,2476.57,0.728,0.3691,40.174,0
50.47,2.786,2750.56,1.727,0.2559,34.516,0
61.8,0.586,5622.32,0.66,0.1751,5.425,0
62.73,1.335,6030.09,2.19,0.799,0.75,0
52.48,1.482,3094.77,1.892,0.7568,2.376,0
43.76,2.457,886.05,0.561,0.2678,12.794,0
51.6,1.717,2391.45,2.143,0.5182,15.224,0
53.58,0.4,3597.92,1.737,0.6238,39.305,0
42.35,1.225,318.08,1.381,0.8159,32.65,1
45.22,0.411,1391.71,1.861,0.6117,10.894,0
70.33,2.721,8123.69,1.512,0.8156,7.073,0
63.79,2.109,6244.98,2.115,0.5484,4.274,0
43.12,0.344,508.93,0.341,0.8163,8.645,0
53.24,0.663,3450.41,2.13,0.7559,1.682,0
68.49,0.941,7259.7,1.705,0.6078,2.313,0
58.56,1.324,4223.1,1.813,0.3671,20.791,0
45.06,1.533,1202.81,1.179,0.7698,11.648,0
56.95,1.3,4829.68,1.713,0.7177,17.128,0
54.8,1.089,3746.49,1.127,0.307,20.864,0
47.06,1.488,1402.59,1.459,0.5173,6.183,0
56.35,0.586,3773.79,0.456,0.782,33.16,0
56.98,0.968,4493.97,0.295,0.2036,0.831,0
45.04,1.918,1004.11,1.337,0.3274,5.295,0
45.0,1.509,786.86,0.428,0.6131,3.562,0
47.32,2.48,1630.55,0.795,0.561,10.925,0
62.37,1.822,5730.18,0.73,0.8267,36.911,0
48.64,1.771,1672.41,1.943,0.2244,13.759,0
44.35,0.503,149.12,0.543,0.484,21.186,0
69.48,1.465,7397.76,1.437,0.8317,8.054,0
61.81,1.995,5759.95,0.99,0.3619,2.405,0
42.92,2.723,216.56,1.918,0.2965,18.826,0
61.59,1.333,5557.81,1.452,0.703,3.813,0
49.87,0.257,2627.71,0.532,0.2567,21.828,0
71.0,1.426,8196.48,1.92,0.5597,4.047,0
59.29,0.22,4883.22,1.461,0.6492,69.96,0
66.96,2.116,7228.38,1.392,0.538,6.184,0
55.08,1.79,4194.97,1.557,0.7217,12.046,0
63.49,1.574,6100.04,1.044,0.3711,1.181,0
67.42,1.486,7600.17,2.078,0.3927,21.523,0
43.64,0.949,274.78,0.584,0.3907,4.754,0
49.73,1.765,1945.5,1.885,0.6099,2.531,0
50.39,2.05,2564.51,2.12,0.7332,20.126,0
64.56,2.396,6270.51,1.444,0.3477,24.9,0
59.9,0.536,5703.27,0.599,0.574,1.915,0
55.6,0.745,3594.27,0.294,0.1627,38.301,0
52.81,0.612,3099.17,1.856,0.7761,0.585,0
42.71,0.514,634.79,0.648,0.3305,7.488,0
53.5,0.321,3084.02,1.955,0.3372,2.95,0
60.86,2.037,5897.14,2.053,0.4565,10.996,0
66.92,0.488,7169.41,0.412,0.5774,27.432,0
70.36,0.474,8058.02,1.46,0.7596,43.541,0
46.65,0.96,1419.07,1.083,0.5041,23.739,0
44.62,0.558,934.07,1.897,0.4574,9.674,0
64.1,0.838,6559.88,1.818,0.3889,12.658,0
43.46,1.138,815.96,1.53,0.2561,25.208,0
56.19,0.793,3642.47,1.804,0.4394,9.476,0
57.12,1.141,3953.53,0.26,0.2519,0.18,0
64.35,2.653,6872.47,0.37,0.3704,72.258,0
49.06,1.916,1480.33,1.483,0.7818,1.072,0
61.68,2.055,5405.5,1.521,0.5138,6.311,0
53.53,0.991,3476.82,1.685,0.7865,0.143,0
49.19,1.572,2450.16,2.041,0.6402,10.637,0
46.35,1.895,1823.12,1.595,0.7714,27.383,0
53.66,0.713,3497.85,0.803,0.1759,7.33,0
63.63,2.779,6190.83,0.768,0.215,14.445,0
57.06,2.168,4479.22,0.52,0.1695,28.666,0
59.88,2.089,5077.03,2.174,0.2273,1.113,0
55.38,1.83,3233.02,0.909,0.1834,18.946,0
45.44,1.378,1147.9,2.166,0.7138,81.178,1
60.85,2.525,4851.02,1.455,0.5233,16.294,0
52.2,2.059,3042.83,1.545,0.65,13.199,0
51.68,1.052,2180.12,1.365,0.726,8.069,0
44.69,0.413,923.1,0.324,0.772,11.641,0
53.28,1.16,3847.78,1.253,0.5618,13.172,0
53.84,1.301,3416.17,1.08,0.8017,12.104,0
72.37,2.342,8275.49,0.489,0.239,22.353,0
45.48,0.507,1186.84,0.625,0.4813,24.703,0
67.81,1.16,8030.18,2.104,0.5711,9.455,0
45.59,0.599,1115.28,0.943,0.8437,6.504,0
56.49,2.257,4181.77,0.484,0.5627,0.898,0
69.28,2.33,7611.72,1.178,0.2356,7.717,0
67.4,1.286,7411.58,1.346,0.546,41.498,0
63.43,1.775,6663.33,1.724,0.5033,11.123,0
55.87,1.368,3879.41,1.933,0.3777,28.953,0
61.15,1.228,5681.82,1.282,0.8207,39.738,0
64.46,1.879,6281.67,1.932,0.645,15.275,0
65.35,0.522,6787.73,1.319,0.2847,17.355,0
57.82,0.337,4945.59,1.34,0.2826,11.627,0
70.77,0.667,7633.66,0.238,0.7007,5.066,0
65.03,2.508,6027.19,1.088,0.7148,16.804,0
56.46,0.26,3475.1,1.074,0.4405,35.345,0
52.35,0.869,2766.01,0.429,0.2195,3.314,0
46.57,0.998,1309.89,1.015,0.2684,17.157,0
52.43,0.271,2832.44,0.317,0.423,6.943,0
53.96,2.352,3567.71,0.442,0.2918,25.108,0
60.62,1.482,5022.64,1.705,0.4195,2.201,0
42.94,1.459,609.31,1.015,0.3136,39.113,0
50.53,2.705,2360.94,1.55,0.3224,14.562,0
65.02,0.418,6695.8,1.472,0.2924,61.907,0
54.48,2.762,3235.76,1.764,0.5263,9.922,0
69.1,1.408,7756.54,1.859,0.3525,64.413,0
42.38,2.627,104.56,1.164,0.5685,32.929,1
52.52,1.721,3293.29,1.221,0.1818,24.191,0
60.27,0.982,4829.89,0.991,0.2361,2.707,0
58.48,1.787,4774.42,2.115,0.3728,20.628,0
53.68,0.88,2978.14,1.705,0.4669,5.081,0
70.53,1.759,8357.38,0.232,0.6343,18.715,0
43.53,1.439,117.2,2.003,0.6209,9.594,0
68.08,1.599,7620.25,1.775,0.6044,1.452,0
41.31,2.363,359.96,1.543,0.6206,7.837,0
66.77,0.661,6927.36,1.736,0.6379,0.152,0
54.95,2.634,3986.62,1.089,0.3051,0.36,0
51.61,0.434,2461.53,1.427,0.3622,22.773,0
48.7,1.484,2067.77,0.926,0.3465,42.277,0
63.34,2.335,6038.53,0.992,0.7589,15.154,0
57.64,1.635,4249.7,1.52,0.546,20.644,0
59.54,0.369,4847.18,0.719,0.5489,4.657,0
57.98,2.234,4493.87,0.584,0.6246,86.801,0
61.83,1.656,5921.08,1.108,0.8065,18.438,0
69.89,0.335,8021.82,2.078,0.4528,95.757,0
49.84,1.14,2401.9,1.718,0.7687,4.578,0
49.3,1.292,2434.64,1.098,0.1536,3.896,0
44.51,2.117,787.19,2.156,0.4467,1.392,0
49.58,0.628,2199.87,0.822,0.5882,1.831,0
57.03,1.828,4131.72,0.869,0.3253,2.054,0
47.86,1.086,2102.22,0.309,0.3835,28.448,0
70.36,2.187,8025.8,1.451,0.5553,1.609,0
42.49,0.287,609.77,0.827,0.7434,1.21,0
47.23,0.984,1171.3,1.452,0.1961,20.373,0
58.16,0.967,4797.77,0.963,0.2171,25.095,0
47.78,0.228,2058.14,0.968,0.7066,38.155,0
59.52,1.083,5301.54,2.075,0.6981,10.895,0
52.2,1.747,2856.83,0.335,0.7026,3.873,0
59.72,1.857,4914.98,0.713,0.4447,23.213,0
55.51,0.357,3834.84,0.823,0.4551,57.824,0
66.67,1.009,6436.74,1.97,0.6928,2.871,0
50.79,0.221,2692.87,1.373,0.6248,1.062,0
58.22,2.371,4359.71,1.917,0.4454,3.914,0
50.01,1.088,1783.12,1.536,0.6363,72.236,0
58.84,1.061,5138.0,1.357,0.8241,17.233,0
55.35,2.252,3617.04,0.284,0.3036,0.067,0
50.03,0.799,1973.41,1.448,0.3173,23.876,0
69.39,0.734,8101.74,0.568,0.8429,8.113,0
46.23,0.278,719.34,0.43,0.3534,3.891,0
59.6,0.277,5019.77,0.596,0.2719,38.991,0
63.13,1.084,6138.23,1.309,0.275,0.391,0
67.34,1.961,7180.2,0.958,0.7012,2.117,0
69.74,0.993,7963.36,0.68,0.7166,19.467,0
74.16,2.492,8005.76,1.957,0.1958,2.808,0
68.92,2.267,7862.91,0.583,0.4147,8.439,0
60.87,0.32,5136.21,1.432,0.2824,13.801,0
65.43,1.052,6732.54,0.307,0.7069,37.123,0
69.83,0.744,7252.62,0.363,0.4795,19.605,0
43.76,1.522,644.93,1.703,0.6016,12.809,0
55.98,1.172,4288.14,1.589,0.651,12.29,0
50.47,1.242,2354.02,2.042,0.5588,0.671,0
49.5,1.229,1944.02,0.812,0.7721,15.249,0
72.14,1.173,7958.19,1.301,0.244,1.58,0
54.47,1.41,3833.84,1.442,0.4483,11.345,0
55.65,2.292,3535.2,0.834,0.4177,3.563,0
48.53,0.414,2063.84,1.885,0.509,18.573,0
64.56,2.609,6701.34,0.397,0.1999,0.703,0
48.59,0.987,1782.58,1.831,0.6285,5.775,0
64.11,2.795,6027.4,2.197,0.6767,24.235,0
70.19,2.338,7764.01,1.766,0.4327,9.368,0
59.45,1.904,4971.61,1.144,0.5089,25.775,0
46.05,2.148,1353.96,1.149,0.5111,27.75,0
65.14,2.079,6464.02,1.123,0.7043,6.76,0
48.11,0.745,1677.91,1.1,0.5409,8.451,0
57.49,0.534,4951.07,2.087,0.1568,29.931,0
66.21,1.983,7108.11,1.007,0.6951,13.884,0
52.99,0.26,2839.07,1.771,0.7955,3.004,0
69.54,1.768,8102.16,1.416,0.7569,70.572,0
49.83,1.216,1815.32,1.269,0.2818,2.07,0
56.66,0.442,4883.93,0.409,0.537,0.587,0
63.37,1.47,5887.81,0.573,0.1986,59.34,0
50.88,0.382,2484.07,0.315,0.513,3.394,0
69.38,1.268,7321.54,0.514,0.2275,13.839,0
59.13,2.451,4117.31,0.46,0.294,10.188,0
64.47,1.434,6061.24,1.407,0.8074,15.939,0
56.74,0.219,4320.79,0.485,0.1948,9.172,0
65.21,1.567,6883.55,2.021,0.7655,11.098,0
59.21,2.491,4939.52,1.113,0.6402,22.384,0
50.11,1.794,2598.57,1.82,0.2726,5.158,0
68.67,2.568,7659.7,0.567,0.548,9.002,0
68.83,0.823,8043.77,1.941,0.3416,17.804,0
52.54,2.078,2551.87,0.635,0.4954,87.809,0
57.67,2.788,4743.72,0.353,0.2237,26.185,0
51.06,1.516,2838.51,1.124,0.2012,21.344,0
64.67,1.191,6397.78,1.692,0.749,9.095,0
44.68,1.05,190.19,1.697,0.4893,1.272,0
60.24,0.83,4706.8,2.1,0.2482,30.909,0
67.2,0.461,7169.13,0.788,0.5243,8.922,0
44.83,2.185,751.72,1.555,0.2574,7.979,0
50.48,0.762,1920.05,1.593,0.7356,30.037,0
61.58,2.063,5484.5,1.994,0.4234,6.635,0
45.95,2.194,540.29,2.058,0.4123,4.905,0
45.1,1.296,867.65,2.179,0.386,3.841,0
62.47,2.272,5719.18,1.861,0.2675,3.29,0
57.01,0.48,3591.71,0.854,0.5434,3.783,0
45.7,0.514,1839.8,0.628,0.3996,3.433,0
53.44,1.022,3477.97,0.978,0.4711,1.229,0
65.64,0.375,6946.71,0.637,0.3611,16.442,0
70.32,0.465,8358.06,1.272,0.8434,34.204,0
48.96,2.752,1540.26,1.593,0.6245,64.597,0
62.33,1.063,5927.25,1.471,0.7688,6.888,0
66.31,1.782,7253.06,1.37,0.4177,18.419,0
49.3,1.727,2052.37,2.177,0.3128,17.244,0
68.01,2.169,7632.95,1.44,0.1919,8.446,0
52.9,0.594,2591.56,0.609,0.1765,46.247,0
61.79,1.055,5123.83,0.756,0.6005,25.725,0
57.01,2.742,4475.33,1.496,0.3519,0.432,0
66.81,1.602,7214.25,2.013,0.6155,5.138,0
63.34,2.071,5873.74,1.416,0.417,6.985,0
57.78,0.382,3815.83,0.585,0.5941,2.747,0
48.45,0.439,1815.45,1.385,0.7319,48.339,0
51.0,1.01,2085.01,1.643,0.3214,3.494,0
50.58,0.942,2191.34,1.097,0.5949,5.711,0
68.14,1.235,6662.83,0.536,0.459,12.668,0
65.51,2.177,6273.4,1.839,0.7055,0.36,0
54.79,2.596,3303.92,1.39,0.257,23.346,0
48.31,1.405,2261.25,1.107,0.4126,16.766,0
45.35,0.602,704.29,0.579,0.159,12.502,0
64.7,1.478,6192.9,2.051,0.8082,63.416,0
51.61,1.73,3234.42,1.018,0.1772,45.828,0
53.78,1.671,3332.54,0.588,0.4554,5.305,0
68.95,1.47,7769.92,1.577,0.6375,18.943,0
68.18,2.113,7882.76,0.685,0.1742,30.192,0
60.07,1.878,5400.0,0.723,0.4688,20.57,0
48.17,1.766,2236.02,2.104,0.7391,0.223,0
63.37,1.234,6576.17,1.372,0.7807,13.157,0
45.79,1.3,1686.12,1.859,0.327,6.477,0
70.16,1.001,8228.54,1.023,0.7635,23.412,0
43.97,1.854,846.54,1.753,0.3911,2.772,0
65.46,1.001,6389.33,2.174,0.7215,0.028,0
43.89,2.01,686.67,1.25,0.6082,23.772,0
46.05,0.715,1533.33,0.564,0.8139,10.783,0
67.62,0.683,6940.71,0.318,0.2779,25.626,0
50.98,1.83,2278.56,1.449,0.7579,3.27,0
50.26,1.182,2562.25,0.754,0.3895,15.859,0
56.14,0.359,4114.34,1.704,0.1551,15.72,0
70.9,0.452,8396.0,1.245,0.1551,16.628,0
71.56,1.43,8389.93,0.874,0.4506,8.339,0
65.74,2.799,7577.28,1.834,0.8087,19.689,0
54.53,1.059,3278.86,0.4,0.4698,21.57,0
64.07,2.509,6191.85,0.478,0.5713,36.587,0
49.88,1.158,2447.53,1.437,0.6112,11.605,0
52.4,0.689,3570.26,2.172,0.8203,30.143,0
42.6,2.3,239.69,0.851,0.461,16.8,0
54.4,1.793,3461.39,0.363,0.4495,48.252,0
72.08,2.554,7919.09,1.669,0.3557,3.906,0
46.36,1.552,1302.56,1.344,0.7498,12.644,0
46.4,1.95,1174.04,1.297,0.7624,3.312,0
54.5,0.501,3848.81,1.525,0.3186,4.28,0
64.22,1.331,6427.32,1.632,0.2622,47.603,0
68.45,2.192,7682.25,0.641,0.3303,11.643,0
69.2,1.59,7639.09,1.651,0.2133,21.185,0
68.44,2.623,7424.3,1.733,0.5705,18.59,0
53.04,1.192,3266.89,1.484,0.5433,34.901,0
64.2,0.781,6890.96,0.431,0.2114,1.681,0
65.95,0.502,6320.88,0.935,0.7473,55.451,0
58.55,0.204,4946.1,0.324,0.5249,33.806,0
70.67,1.966,8330.74,1.793,0.5138,16.566,0
49.92,1.228,1965.99,1.277,0.4724,2.813,0
70.81,1.385,8020.28,1.403,0.2521,19.704,0
64.7,2.028,6830.85,1.398,0.3662,83.507,0
47.86,1.444,1137.1,1.857,0.4965,21.922,0
53.39,2.751,3264.35,0.866,0.7295,4.257,0
64.58,0.337,6254.33,1.931,0.2753,12.032,0
52.14,2.759,3391.19,1.519,0.744,84.916,0
57.52,2.775,4702.72,1.715,0.4237,13.508,0
52.21,2.011,2477.53,0.59,0.7494,9.009,0
46.22,2.293,1199.57,1.9,0.6467,11.009,0
45.58,0.558,1475.03,1.592,0.3538,2.816,0
48.74,0.224,1932.35,1.652,0.553,20.415,0
69.45,0.584,8403.27,2.101,0.449,33.174,0
72.25,0.667,7878.28,0.305,0.8362,18.902,0
61.64,2.721,5084.5,1.454,0.4328,0.623,0
47.6,2.682,2123.19,1.506,0.4128,21.186,0
65.86,1.912,6780.73,1.755,0.7554,18.913,0
49.79,0.512,2411.81,0.365,0.4925,19.89,0
56.39,0.26,4381.89,1.346,0.5508,5.757,0
64.47,1.459,6361.02,1.489,0.4536,15.251,0
44.54,0.365,935.31,2.018,0.7067,3.68,0
67.77,1.595,6928.09,1.824,0.492,13.17,0
59.73,2.056,5011.66,1.78,0.2369,25.17,0
71.35,1.758,8211.72,0.56,0.5383,29.016,0
45.51,0.535,1133.58,0.612,0.2628,14.88,0
70.66,1.516,7252.18,0.927,0.5311,9.9,0
70.87,0.2,8039.92,0.801,0.8124,13.191,0
64.66,1.7,6675.54,1.59,0.5159,76.862,0
51.61,1.599,3057.78,0.62,0.2193,30.843,0
49.71,2.365,2091.64,2.115,0.5715,4.381,0
53.84,0.534,3116.15,1.445,0.2021,5.298,0
54.57,0.416,3306.97,0.708,0.4477,21.345,0
57.42,0.383,4601.6,1.665,0.8468,21.481,0
46.79,2.333,1718.07,1.41,0.4438,2.999,0
72.79,1.327,8436.57,0.252,0.5725,1.453,0
47.18,0.371,1146.82,1.48,0.404,7.303,0
51.35,2.459,2395.33,0.652,0.1569,8.522,0
70.42,2.607,8237.7,0.551,0.6598,6.589,0
66.89,1.473,6999.28,1.258,0.6403,36.098,0
56.57,0.644,4732.95,2.093,0.4227,7.621,0
62.55,2.717,6326.9,1.263,0.5662,34.104,0
56.49,1.535,4105.64,0.511,0.2385,8.57,0
64.09,0.337,6277.55,1.651,0.8321,22.127,0
48.22,0.676,2192.54,2.172,0.7089,12.557,0
49.27,1.312,2416.91,2.083,0.767,30.278,0
53.15,1.257,2663.57,0.825,0.2131,1.491,0
61.54,2.657,6231.61,0.53,0.1902,24.485,0
56.2,2.702,4754.94,1.048,0.5061,23.621,0
56.56,1.539,4129.11,2.196,0.7717,21.545,0
52.31,2.139,3505.96,1.628,0.6418,24.929,0
47.77,2.121,2151.5,2.102,0.7264,38.215,0
56.61,2.708,4536.14,1.549,0.7674,13.344,0
47.93,0.395,1990.58,1.879,0.5096,54.84,0
53.94,0.494,3650.87,2.028,0.3248,13.943,0
65.68,0.506,6537.88,0.798,0.3555,4.313,0
63.28,0.993,6299.42,2.066,0.6001,31.448,0
43.04,1.404,397.6,1.435,0.4918,7.914,0
59.92,0.213,5270.45,1.98,0.2803,7.88,0
46.32,1.479,951.24,0.369,0.51,3.004,0
45.3,1.907,1140.28,0.652,0.4268,6.402,0
55.0,0.674,3698.07,1.823,0.2261,10.391,0
67.62,1.328,7150.6,0.918,0.7594,3.982,0
48.88,0.305,1692.36,0.989,0.6707,41.627,0
47.5,1.93,1446.63,0.732,0.4448,14.378,0
67.17,2.057,6818.49,0.85,0.6851,38.432,0
59.15,1.211,4315.61,0.419,0.2255,0.385,0
45.86,1.5,1406.55,1.735,0.3156,20.415,0
54.35,1.329,2973.98,0.779,0.4902,25.756,0
49.34,0.596,2181.08,1.222,0.3246,26.2,0
68.66,2.334,7359.0,0.597,0.6445,29.889,0
62.93,1.506,5989.62,0.562,0.8448,16.101,0
61.09,0.3,5429.61,2.181,0.8004,10.002,0
61.11,0.436,5278.33,0.302,0.4351,6.587,0
61.1,1.446,5419.8,1.22,0.6007,6.531,0
51.34,0.929,2361.67,0.902,0.4427,6.938,0
44.13,2.136,499.47,0.624,0.4804,43.042,0
45.41,0.681,946.4,2.097,0.4045,6.533,0
46.71,2.441,913.85,0.862,0.6689,8.072,0
65.38,1.575,6641.99,0.943,0.6052,4.244,0
54.12,2.131,3326.01,0.441,0.5606,43.784,0
61.17,0.695,5596.58,1.609,0.7979,1.401,0
57.36,2.773,4691.26,0.604,0.6545,0.806,0
49.6,1.631,1710.34,0.705,0.764,34.566,0
71.53,1.366,7717.24,1.635,0.7876,1.262,0
54.27,2.621,3619.63,1.208,0.1653,16.455,0
63.09,1.672,5952.33,1.789,0.6357,24.297,0
54.3,1.98,3438.95,1.941,0.8301,3.257,0
62.86,1.242,6406.11,0.743,0.2788,3.138,0
50.14,2.011,1929.58,1.958,0.7035,10.94,0
62.15,0.773,6045.13,1.617,0.5365,3.378,0
43.53,0.819,483.14,0.278,0.2537,38.713,0
69.34,1.87,7888.88,0.698,0.7264,13.767,0
44.5,1.103,111.76,1.41,0.4084,1.564,0
61.26,1.262,6025.88,1.423,0.3772,1.061,0
65.75,2.342,6953.75,0.639,0.8257,3.501,0
67.68,2.223,8261.48,1.761,0.2245,24.651,0
52.8,1.9,3308.64,1.94,0.594,14.408,0
66.54,1.712,6961.52,1.815,0.677,3.045,0
50.1,2.088,2046.47,0.937,0.7815,1.771,0
48.64,0.691,1624.71,1.181,0.6606,18.772,0
45.16,0.624,276.8,0.555,0.4259,16.849,0
45.2,2.564,683.41,2.141,0.2202,13.467,0
64.11,2.301,6204.82,1.407,0.4145,0.377,0
66.8,0.314,7043.12,0.697,0.2085,2.77,0
59.08,0.235,5370.03,2.133,0.8203,2.024,0
63.0,0.726,6283.5,1.161,0.544,10.576,0
48.75,1.063,1470.41,0.509,0.1891,21.2,0
62.4,0.467,5370.88,0.793,0.5081,32.595,0
48.08,2.572,1291.41,0.248,0.449,2.87,0
61.99,1.2,5605.06,1.968,0.7259,2.146,0
49.77,0.486,1524.3,0.403,0.8191,7.958,0
62.45,2.592,5271.85,1.991,0.5732,3.53,0
59.79,1.759,4556.04,1.559,0.2552,19.808,0
51.67,0.47,2633.14,2.032,0.6132,48.623,0
65.17,2.049,6910.04,0.353,0.1515,48.681,0
46.13,1.216,1348.6,1.643,0.6999,11.716,0
43.45,1.702,665.43,2.119,0.3449,1.706,0
72.09,1.03,8456.08,1.048,0.6354,9.618,0
66.76,1.067,6765.41,1.804,0.6078,5.08,0
53.18,1.584,3616.74,1.843,0.4192,15.656,0
54.78,1.702,3643.46,1.587,0.6738,21.858,0
53.1,0.245,2075.62,1.317,0.8203,45.668,0
44.17,1.108,600.45,1.898,0.7567,30.768,0
52.47,2.727,2575.46,2.026,0.3197,31.666,0
45.84,0.558,569.27,2.124,0.6428,8.531,0
44.25,2.024,321.31,1.525,0.2016,32.7,0
67.69,0.278,7412.01,0.93,0.2053,1.444,0
59.35,0.674,4881.14,1.687,0.6737,21.586,0
50.53,1.27,2615.86,0.875,0.697,21.389,0
52.16,0.284,2508.86,1.702,0.5023,0.197,0
68.89,1.968,7094.51,1.952,0.5379,31.844,0
67.49,1.302,7820.86,0.514,0.8312,13.268,0
71.08,0.525,8314.58,0.624,0.5833,4.447,0
47.71,2.388,1643.03,1.833,0.4779,6.763,0
59.69,2.351,5491.88,0.53,0.7123,18.725,0
48.45,1.768,1735.74,1.893,0.1696,5.968,0
58.58,0.37,4649.17,1.394,0.6796,6.656,0
58.37,0.9,4734.21,2.153,0.5454,14.931,0
65.35,0.319,6737.9,0.829,0.8105,0.153,0
52.59,0.707,3095.85,1.704,0.658,65.591,0
64.19,0.453,6002.32,1.015,0.669,1.917,0
67.03,1.193,6882.95,1.373,0.7464,6.168,0
48.1,1.404,1372.92,1.97,0.2153,22.815,0
68.97,2.199,7528.98,0.522,0.8246,13.073,0
62.14,1.894,6221.25,2.06,0.389,27.698,0
50.81,1.32,2947.77,1.981,0.6919,8.828,0
50.31,1.787,1854.09,0.35,0.2567,17.789,0
57.2,2.463,4279.19,1.294,0.8283,27.373,0
44.29,0.445,832.21,0.827,0.8038,3.17,0
50.25,0.666,2452.99,1.744,0.3306,11.539,0
50.27,2.479,2250.62,1.501,0.2483,2.382,0
61.37,1.242,4877.36,1.914,0.792,2.486,0
53.72,2.397,3180.55,2.104,0.4116,20.634,0
57.03,1.975,4349.92,1.441,0.6007,24.32,0
51.99,2.335,2156.46,0.216,0.7471,6.182,0
46.62,1.209,1428.93,1.125,0.2155,11.288,0
61.52,2.54,5496.87,1.13,0.2101,23.687,0
71.14,0.719,7806.67,0.857,0.3721,101.475,0
55.69,2.026,4184.88,1.152,0.3449,0.703,0
45.24,1.032,1408.23,0.263,0.5708,8.613,0
70.2,1.14,7966.26,1.06,0.4814,1.001,0
69.61,0.902,7391.37,1.471,0.2085,1.292,0
53.73,0.976,3502.58,1.624,0.7599,13.392,0
61.9,0.44,5725.01,2.003,0.3894,25.183,0
49.44,1.108,1482.08,1.038,0.4828,21.014,0
46.71,2.002,1449.79,0.978,0.157,27.507,0
58.84,0.402,5115.88,1.536,0.5816,7.041,0
73.18,2.115,8385.49,0.833,0.2554,11.047,0
45.95,2.447,1338.89,0.427,0.829,9.387,0
58.97,2.365,4473.81,0.451,0.4645,62.795,0
45.25,0.768,918.55,2.158,0.4441,14.217,0
46.44,2.676,1495.25,2.143,0.5538,0.261,0
67.05,0.242,6935.75,1.993,0.5015,36.416,0
62.12,1.267,5974.26,0.904,0.5297,13.331,0
63.78,0.495,6526.68,0.552,0.4499,3.504,0
58.71,2.397,5097.09,1.577,0.4562,5.994,0
60.28,2.605,5311.16,1.914,0.8468,29.513,0
44.42,1.269,972.02,1.193,0.6762,47.168,0
43.94,1.355,937.5,1.362,0.1728,6.162,0
54.94,1.191,3633.38,0.591,0.4787,2.392,0
72.1,2.576,8227.98,1.026,0.7243,21.903,0
65.3,0.782,6325.69,0.767,0.7657,5.53,0
67.06,2.267,7143.27,1.029,0.3191,41.48,0
55.23,1.173,3582.28,1.833,0.724,16.491,0
52.27,2.694,2914.76,2.186,0.3193,65.344,0
46.63,2.283,1718.35,1.356,0.2402,18.204,0
69.31,0.652,8309.79,2.008,0.5121,10.353,0
45.73,1.842,936.45,1.769,0.7401,17.767,0
48.65,1.638,2285.93,2.097,0.2926,1.762,0
54.1,0.272,3774.34,1.615,0.7944,1.477,0
52.43,2.13,3312.2,0.461,0.4676,17.97,0
53.04,0.972,3108.22,1.271,0.3217,27.257,0
68.02,2.203,6702.8,1.519,0.3425,49.194,0
59.78,0.469,5370.48,1.118,0.5671,2.039,0
49.45,2.526,2472.69,0.386,0.496,8.073,0
65.92,0.257,7141.85,0.347,0.8215,1.429,0
63.44,1.176,5873.63,0.827,0.7858,29.756,0
48.39,1.675,1610.37,1.413,0.172,67.072,0
71.61,1.458,8447.41,1.428,0.5325,3.104,0
64.86,0.277,6330.25,0.246,0.5082,2.975,0
67.49,0.498,7381.74,0.634,0.3793,4.467,0
64.63,1.452,6213.05,2.106,0.394,14.433,0
50.65,2.138,2572.3,1.192,0.5089,9.193,0
48.88,2.507,1721.66,0.762,0.425,15.772,0
66.5,1.01,6538.17,1.788,0.8176,12.044,0
66.54,2.321,7516.0,1.446,0.5751,10.096,0
59.94,1.172,4863.99,1.465,0.195,3.294,0
41.75,0.963,383.58,1.853,0.6016,60.418,1
52.59,0.278,3058.93,0.56,0.3759,28.169,0
54.44,1.167,3105.05,1.759,0.2356,6.905,0
43.44,1.055,191.57,1.131,0.7067,41.222,1
57.64,1.571,4817.78,0.406,0.3446,16.852,0
69.39,2.436,7520.23,0.35,0.7749,9.859,0
64.15,0.713,6452.09,1.805,0.4991,83.367,0
55.69,0.523,3638.39,0.542,0.3788,8.688,0
58.92,2.426,4941.88,2.176,0.7882,6.023,0
68.78,1.247,7169.8,1.992,0.7926,0.718,0
61.79,2.287,5516.12,1.647,0.3423,25.221,0
54.35,1.647,3462.89,0.826,0.5786,8.996,0
60.59,2.715,5950.24,0.443,0.4117,17.321,0
43.87,0.324,346.02,0.221,0.2236,7.018,0
61.89,0.697,5875.83,2.005,0.4082,41.973,0
71.73,2.629,8412.35,1.936,0.3318,27.663,0
46.06,1.056,1030.75,1.426,0.7187,5.663,0
47.2,0.558,1530.84,1.121,0.2384,35.635,0
66.86,1.275,6425.49,1.094,0.2357,13.498,0
57.32,1.919,4954.23,2.153,0.3753,23.626,0
48.9,0.415,1996.98,1.317,0.761,19.391,0
64.97,0.735,6276.25,0.356,0.8302,1.119,0
43.2,0.689,210.28,0.409,0.2961,16.072,0
60.03,2.432,4532.21,1.721,0.3683,10.893,0
44.22,0.769,1393.59,0.927,0.8325,36.43,0
57.37,2.228,4413.1,0.576,0.3445,3.229,0
52.57,0.583,2680.03,1.952,0.6715,4.953,0
67.37,0.686,7610.42,0.257,0.6133,10.848,0
50.61,1.322,2330.86,0.501,0.5015,12.764,0
43.69,0.909,546.52,0.396,0.604,23.702,0
54.44,1.745,3649.74,1.259,0.4955,10.231,0
63.55,1.88,5821.75,2.118,0.3037,0.983,0
43.35,0.463,399.78,0.653,0.5842,22.647,0
54.31,0.463,3392.03,1.668,0.7657,5.622,0
48.64,0.949,1827.93,1.393,0.6637,1.782,0
56.06,2.021,4327.22,1.154,0.3637,42.689,0
49.18,0.687,2104.4,2.0,0.2493,0.231,0
56.72,1.069,4086.65,0.555,0.3347,1.442,0
63.29,2.721,5805.3,1.366,0.4918,5.119,0
44.28,2.329,1018.84,1.335,0.8433,32.472,0
58.13,0.444,4512.26,0.809,0.6653,10.847,0
64.54,2.773,6272.45,0.715,0.4905,8.154,0
41.61,2.518,213.91,1.749,0.7499,41.841,1
61.37,0.493,5104.25,1.572,0.6598,0.377,0
72.21,0.568,8320.55,1.196,0.3211,24.318,0
69.58,1.134,8275.64,1.689,0.2857,55.746,0
63.53,1.965,5465.36,1.998,0.4645,57.193,0
57.31,0.89,4526.02,1.558,0.7716,8.928,0
55.65,0.307,3605.27,1.24,0.3903,17.059,0
55.05,1.383,3741.06,2.136,0.7046,6.125,0
69.03,1.412,8243.55,0.5,0.8267,17.597,0
61.89,0.989,5680.29,0.777,0.7098,0.283,0
43.22,0.338,444.01,0.812,0.4512,19.432,0
43.94,0.854,105.39,0.9,0.3483,35.263,0
61.99,0.424,5688.74,0.741,0.8471,3.943,0
58.86,0.41,5015.89,0.638,0.4812,7.883,0
65.39,2.714,6918.36,0.396,0.3329,6.472,0
50.53,1.666,2710.18,1.558,0.3757,15.537,0
62.64,1.641,5839.9,0.802,0.2099,15.052,0
61.44,1.619,5377.88,0.952,0.7631,10.337,0
45.45,2.631,1264.32,1.625,0.4779,10.045,0
55.08,1.267,3632.25,0.255,0.5412,56.845,0
54.79,0.986,3635.72,0.685,0.5085,2.45,0
56.66,1.67,4663.46,0.787,0.6787,8.976,0
56.37,2.475,3484.71,1.12,0.188,1.012,0
66.83,1.89,7071.11,0.867,0.2182,6.179,0
56.3,2.125,4144.33,1.549,0.6676,0.981,0
48.75,0.575,1822.54,1.681,0.4967,4.554,0
62.82,1.008,5775.72,2.178,0.1545,11.943,0
61.76,0.498,5877.31,0.2,0.5727,2.322,0
45.58,2.365,913.65,1.088,0.189,2.338,0
55.55,2.755,3498.28,1.841,0.7392,14.242,0
65.51,1.805,7002.17,1.065,0.5953,3.678,0
64.26,1.909,6975.82,0.542,0.6692,14.241,0
55.91,2.694,4099.73,1.186,0.6174,8.932,0
64.59,0.479,5960.28,1.034,0.4474,0.511,0
55.62,0.987,3939.49,1.49,0.7753,17.411,0
43.53,2.558,458.11,2.126,0.4775,23.112,0
51.61,2.425,2425.99,1.206,0.3942,22.049,0
53.71,0.363,3381.24,1.512,0.3963,22.863,0
51.87,0.924,2950.05,1.725,0.3621,9.014,0
67.23,1.877,7795.74,0.953,0.4802,19.364,0
61.15,1.566,4938.73,0.459,0.3769,55.898,0
51.67,1.805,3024.0,1.008,0.1815,34.394,0
47.5,2.629,1437.11,1.153,0.6819,71.654,1
66.45,2.105,6891.87,0.673,0.7799,3.441,0
68.63,0.367,7596.77,1.424,0.2301,33.768,0
43.24,2.185,712.21,1.413,0.7385,46.28,1
51.42,2.771,2797.74,1.348,0.2898,5.238,0
54.1,0.944,3775.12,0.602,0.2635,30.26,0
66.69,1.836,6892.85,1.537,0.2925,29.894,0
70.09,1.135,7603.64,1.016,0.5326,1.344,0
47.47,1.87,1656.56,1.192,0.7327,15.207,0
53.66,1.115,4079.36,1.437,0.5411,2.67,0
43.28,0.384,664.1,0.356,0.6977,6.375,0
46.33,0.799,1090.59,1.403,0.3816,4.565,0
70.81,2.029,8001.19,0.336,0.76,62.021,0
44.12,1.696,728.13,1.906,0.8023,12.478,0
55.83,0.488,3453.45,1.142,0.7922,5.494,0
43.88,1.079,351.82,0.722,0.3842,26.047,0
44.58,2.603,1270.02,1.527,0.7648,4.836,0
43.92,2.665,712.46,2.009,0.6422,26.111,0
46.31,1.755,397.04,1.425,0.2064,14.43,0
69.83,0.903,8051.45,0.283,0.1749,12.753,0
60.54,2.41,5562.83,2.143,0.165,1.025,0
65.52,2.31,6598.35,1.268,0.7522,20.619,0
63.67,2.191,6298.56,1.591,0.4508,10.018,0
46.27,1.339,1257.27,1.994,0.8378,8.251,0
47.66,0.803,1726.62,1.377,0.309,24.772,0
68.63,2.262,7562.02,1.336,0.8437,0.27,0
63.7,0.529,6146.55,0.561,0.1806,7.745,0
61.17,0.835,5603.76,0.785,0.5743,11.726,0
46.75,1.613,1127.96,1.19,0.6647,7.948,0
69.68,0.773,7786.85,1.626,0.809,27.271,0
50.12,0.896,2558.54,1.596,0.5024,0.999,0
67.62,2.034,7663.57,1.444,0.3458,4.097,0
47.24,2.129,1251.9,0.622,0.4107,30.508,0
46.39,2.743,1292.47,1.597,0.6049,10.885,0
45.39,0.923,1059.6,0.968,0.729,1.589,0
50.56,1.785,2444.38,1.191,0.7539,8.741,0
43.87,1.321,473.09,0.305,0.3636,14.038,0
53.31,0.268,3021.56,1.417,0.7752,46.081,0
69.62,2.169,7722.58,0.882,0.7305,10.247,0
53.43,2.096,3691.41,1.671,0.19,2.082,0
53.44,2.432,3360.13,2.076,0.4745,15.301,0
57.28,1.549,4873.75,0.525,0.4169,24.642,0
69.68,2.279,7867.15,2.102,0.2099,5.177,0
58.46,1.078,4659.56,0.989,0.5809,8.081,0
62.17,1.781,5637.53,0.449,0.5479,6.968,0
47.98,0.665,2321.95,1.125,0.4579,11.307,0
68.45,0.766,8213.44,0.317,0.8072,5.824,0
60.58,1.016,5226.76,0.328,0.2759,26.142,0
50.89,1.839,2419.61,0.494,0.5826,0.915,0
45.26,0.3,1061.35,1.569,0.7524,15.61,0
43.5,2.058,452.43,0.718,0.3302,20.419,0
67.14,1.119,7302.92,1.637,0.5704,7.747,0
43.28,0.816,750.82,0.852,0.41,31.138,0
55.08,1.869,3594.15,1.952,0.2502,7.116,0
64.9,1.895,6720.58,1.141,0.8315,17.508,0
48.12,0.316,1446.63,2.061,0.7883,0.466,0
60.77,2.23,5215.92,1.216,0.557,7.59,0
47.33,2.36,1904.9,0.265,0.6584,8.636,0
72.11,2.632,8481.7,0.649,0.5024,15.378,0
58.7,1.287,4705.16,1.666,0.7433,13.505,0
42.42,1.347,532.02,0.738,0.7352,6.243,0
49.78,0.832,2149.84,1.735,0.4034,10.953,0
65.01,2.105,6384.78,1.96,0.4033,7.809,0
57.81,2.578,4347.4,1.507,0.5737,10.727,0
52.63,0.526,3618.34,1.275,0.6935,9.425,0
58.59,0.559,5011.94,0.721,0.3508,6.78,0
41.73,1.698,784.65,1.465,0.6909,41.424,0
69.75,0.24,7461.81,0.442,0.3344,14.557,0
69.67,0.289,7913.05,1.063,0.633,82.774,0
45.62,2.454,1211.97,2.037,0.783,7.875,0
52.4,0.509,3479.47,1.995,0.7788,16.114,0
59.82,2.785,5279.69,0.29,0.6671,7.892,0
54.45,2.37,3870.72,0.779,0.484,2.602,0
48.45,2.191,1640.99,2.033,0.8056,1.575,0
67.72,1.888,7623.03,0.959,0.457,12.791,0
59.0,2.656,5039.88,0.394,0.3581,7.51,0
60.2,2.395,4838.7,1.053,0.376,6.904,0
46.65,0.572,1598.69,1.828,0.6642,81.517,1
46.99,1.8,1869.72,0.399,0.3494,2.271,0
50.21,1.341,2400.33,1.971,0.3519,44.951,0
71.48,1.933,8405.97,0.482,0.2948,32.851,0
61.82,0.271,6440.86,2.005,0.8219,13.971,0
68.11,0.267,6811.53,0.606,0.8093,15.24,0
63.97,1.554,6249.55,1.862,0.3565,2.09,0
63.85,1.324,6033.11,0.726,0.7552,89.513,0
62.78,0.503,6245.72,0.907,0.2053,28.379,0
63.07,0.918,6209.84,1.461,0.509,27.014,0
64.39,1.019,6037.2,2.049,0.4534,48.486,0
64.75,1.919,6771.26,1.955,0.1749,18.117,0
44.68,0.556,166.95,0.952,0.8102,20.139,1
51.43,2.107,2328.4,0.765,0.289,37.555,0
72.1,2.429,8087.0,1.699,0.1522,1.253,0
58.94,1.287,4784.99,0.726,0.4162,15.783,0
61.83,1.459,5456.8,1.514,0.276,6.423,0
48.81,2.272,2047.9,0.984,0.4,11.804,0
46.52,0.492,910.88,1.962,0.6785,6.096,0
70.04,0.501,8242.64,1.129,0.3732,2.169,0
64.41,2.033,5954.54,1.747,0.4886,29.4,0
55.98,0.956,4209.06,1.215,0.7729,27.487,0
44.6,2.207,610.75,0.723,0.3723,8.938,0
53.21,0.898,3812.39,1.656,0.3879,30.719,0
52.99,1.266,2691.49,1.345,0.2666,4.157,0
62.3,1.057,5352.41,1.41,0.1639,23.057,0
65.41,0.435,6840.27,1.609,0.7886,26.209,0
57.79,1.141,4744.31,0.597,0.2599,13.81,0
66.43,0.796,7321.67,1.803,0.7875,7.249,0
48.39,0.294,1911.17,0.24,0.8082,1.947,0
51.22,1.461,3442.67,0.514,0.361,4.705,0
65.08,0.521,6588.26,1.768,0.6087,2.531,0
65.08,0.902,6320.42,0.37,0.2017,23.05,0
64.59,2.359,6504.04,1.41,0.2563,23.964,0
65.76,0.705,6758.01,1.411,0.3685,7.041,0
58.36,0.727,4403.79,0.729,0.6092,11.475,0
51.05,0.442,2546.4,2.134,0.5427,11.887,0
68.16,0.245,7724.39,1.194,0.4256,8.395,0
58.23,0.482,4691.28,0.648,0.8326,9.115,0
48.12,1.871,2049.77,0.865,0.7168,66.998,0
46.28,0.64,901.27,1.93,0.4929,5.178,0
45.49,2.08,1287.18,1.333,0.3127,26.252,0
48.85,1.01,2217.0,0.876,0.2554,6.98,0
58.86,1.995,4848.62,1.71,0.7063,14.198,0
51.62,1.895,2729.34,0.844,0.6462,13.004,0
68.09,0.473,7312.68,1.599,0.413,25.456,0
47.09,2.145,1461.58,0.532,0.4563,64.306,0
42.85,2.288,428.12,1.174,0.6743,14.257,0
54.43,0.972,3455.01,1.071,0.356,45.912,0
60.6,1.166,5784.14,1.5,0.2491,13.334,0
48.13,1.796,1817.48,1.629,0.5136,5.208,0
58.49,2.072,3988.19,1.905,0.2447,13.376,0
65.66,0.226,7067.03,1.033,0.2552,1.249,0
70.78,2.005,8306.6,1.275,0.3817,1.135,0
56.85,0.607,4037.03,0.901,0.5414,4.612,0
61.7,2.334,5382.1,1.936,0.5591,6.569,0
60.29,1.248,5345.81,0.709,0.5287,19.385,0
45.75,0.928,750.8,0.726,0.2216,28.692,0
61.21,2.192,5033.46,0.86,0.6904,16.144,0
51.36,1.938,2428.8,1.147,0.2677,27.532,0
69.15,0.437,8408.33,1.807,0.2525,3.242,0
66.93,0.336,7446.76,1.223,0.4578,19.677,0
54.25,1.501,2847.55,0.435,0.5421,8.527,0
52.66,1.557,3338.45,1.261,0.7683,33.235,0
70.6,2.658,8125.03,1.867,0.6479,32.973,0
56.72,1.982,4808.08,1.316,0.4548,7.704,0
43.23,1.151,312.48,1.132,0.619,23.468,0
44.72,2.642,1895.75,0.965,0.2753,24.783,0
41.12,1.349,189.65,1.252,0.1539,6.689,0
44.49,2.596,890.51,1.414,0.1735,5.787,0
57.1,0.314,4121.37,1.591,0.3271,17.668,0
71.97,2.612,8257.58,2.194,0.5926,12.131,0
54.13,2.475,4076.97,1.701,0.7152,0.701,0
43.74,2.114,342.23,1.942,0.2422,9.792,0
66.79,0.346,7204.75,1.475,0.1936,1.846,0
59.13,1.796,4670.3,0.233,0.7361,33.937,0
51.57,2.044,2758.43,2.011,0.5608,51.98,0
58.67,2.378,4437.26,1.539,0.1955,31.378,0
56.65,2.095,4312.82,0.368,0.4604,5.802,0
47.45,2.142,1768.94,1.876,0.1523,5.758,0
52.63,1.088,3045.75,1.336,0.6374,15.033,0
56.35,2.097,3989.25,0.571,0.5638,60.741,0
65.24,2.251,6540.47,0.635,0.4122,1.526,0
63.69,1.87,6183.92,2.003,0.2838,25.378,0
48.54,0.339,1214.97,1.612,0.2746,2.724,0
51.74,2.497,2750.54,0.554,0.3565,21.526,0
50.89,1.474,2322.18,1.357,0.3942,18.481,0
54.03,0.296,3877.25,1.869,0.42,13.897,0
46.88,2.026,1869.57,0.894,0.7176,28.637,0
48.01,2.358,1842.55,1.789,0.2135,26.723,0
48.59,1.416,2269.0,0.263,0.2307,19.33,0
48.85,1.168,1665.97,0.956,0.5619,0.62,0
64.2,1.837,5990.82,1.939,0.1555,9.849,0
51.86,2.574,2911.58,0.813,0.4768,3.708,0
42.55,2.304,282.7,1.113,0.5532,10.276,0
54.55,1.17,3454.4,0.876,0.625,6.425,0
70.1,2.481,8254.43,1.726,0.7806,12.729,0
55.18,1.242,3636.28,0.257,0.5085,46.001,0
65.47,2.71,7547.4,2.086,0.2889,64.637,0
65.19,2.696,6415.54,2.141,0.3665,26.13,0
66.7,1.393,6832.51,0.531,0.1506,2.872,0
68.15,0.814,7516.82,0.607,0.2131,5.052,0
62.95,2.399,5851.59,0.949,0.4841,7.608,0
55.47,2.573,4054.73,1.537,0.7319,22.049,0
63.07,0.449,6509.67,0.457,0.6841,2.58,0
66.86,2.099,6595.39,1.049,0.4257,1.338,0
55.38,2.125,4201.8,1.373,0.3052,16.881,0
64.18,2.34,6549.89,1.421,0.6762,44.284,0
62.13,0.559,5522.85,0.576,0.2979,10.289,0
51.62,0.941,2952.53,0.974,0.7249,0.638,0
69.49,1.297,8151.51,0.527,0.6276,32.349,0
57.6,0.464,4005.35,1.925,0.7125,0.221,0
52.64,1.694,2779.82,0.968,0.4683,11.984,0
68.89,0.988,8163.34,0.717,0.5939,16.658,0
67.13,1.371,6840.31,0.946,0.4815,7.345,0
56.69,2.75,4594.2,1.263,0.4184,20.215,0
48.35,1.077,1363.25,2.068,0.5631,3.963,0
66.06,0.326,6927.81,0.763,0.2351,12.107,0
51.83,2.512,3183.67,1.573,0.3266,7.41,0
51.69,0.665,2587.61,0.914,0.1623,7.065,0
59.69,1.749,5442.25,0.914,0.1756,24.156,0
50.12,2.09,2188.46,1.466,0.4518,5.781,0
71.19,1.991,8263.56,0.688,0.7279,32.424,0
62.58,0.399,6254.58,0.946,0.2527,67.779,0
60.91,2.493,5457.64,0.964,0.8362,1.477,0
69.61,0.258,7890.5,2.101,0.3298,19.046,0
67.05,2.376,7516.57,1.067,0.2315,3.83,0
49.55,2.421,2292.2,0.688,0.7093,8.438,0
57.62,2.178,4072.51,1.074,0.6728,27.116,0
49.71,2.565,2425.57,1.556,0.3409,9.412,0
41.46,1.277,257.24,0.46,0.3369,16.452,0
70.69,0.247,8297.54,0.849,0.1946,6.11,0
64.06,2.35,6081.08,1.376,0.5943,7.175,0
53.96,1.086,3367.93,0.893,0.4611,11.156,0
64.1,0.748,6337.6,1.595,0.6211,5.315,0
45.18,1.842,371.04,1.323,0.3917,4.187,0
68.79,1.16,8372.9,0.784,0.3707,20.203,0
42.71,1.114,348.34,1.063,0.8471,0.426,0
70.45,1.647,8276.2,1.182,0.3143,45.73,0
44.4,0.452,1206.26,0.637,0.8445,15.223,0
46.15,0.614,1600.43,1.755,0.6641,9.228,0
54.37,1.758,3531.54,0.839,0.4042,2.01,0
67.11,2.697,7531.97,1.724,0.3724,13.807,0
54.77,1.406,3394.26,1.852,0.4646,46.365,0
46.49,0.95,1592.06,1.265,0.3838,11.226,0
48.4,1.898,1547.07,2.148,0.4372,18.211,0
59.9,0.56,5298.56,1.44,0.8492,16.474,0
64.88,0.85,6250.04,1.339,0.4803,1.717,0
52.88,2.132,3210.49,1.967,0.6079,14.456,0
68.15,1.16,7352.88,1.949,0.2726,49.803,0
68.86,1.039,7839.64,0.786,0.7761,4.175,0
55.96,2.773,3973.91,1.794,0.831,12.484,0
47.25,1.77,1033.72,0.863,0.7941,3.123,0
56.08,0.284,3982.58,1.554,0.7569,97.405,0
67.66,0.383,7342.22,1.034,0.332,22.657,0
46.19,1.589,1116.25,0.247,0.4866,23.305,0
49.26,1.236,2560.89,1.845,0.6881,8.128,0
61.69,1.314,6119.65,0.448,0.2522,5.481,0
66.49,2.159,7031.92,0.424,0.2683,9.586,0
54.17,0.746,2954.61,0.394,0.5994,1.385,0
67.67,1.478,7653.24,0.689,0.332,6.299,0
55.86,1.677,3835.25,1.389,0.6829,2.884,0
49.02,0.775,2522.82,0.942,0.4039,6.196,0
71.05,1.436,8036.25,1.08,0.3564,24.508,0
64.21,0.581,5938.69,0.785,0.419,18.229,0
43.42,1.719,335.24,0.719,0.6548,24.629,0
72.63,1.255,8467.39,1.437,0.2693,7.595,0
47.56,1.173,1409.37,1.931,0.4897,3.335,0
56.96,0.656,4511.99,1.994,0.16,52.857,0
52.1,0.924,2975.88,1.756,0.7025,18.897,0
53.63,1.394,3094.61,2.025,0.7844,32.984,0
67.52,0.794,7204.27,0.605,0.615,9.15,0
43.82,1.057,930.26,0.334,0.5373,13.773,0
66.36,0.346,6326.57,1.333,0.3236,5.325,0
61.8,1.993,6311.26,1.502,0.3216,21.06,0
57.35,1.635,3930.95,0.383,0.283,31.969,0
44.63,2.548,634.82,1.245,0.1926,4.648,0
58.4,1.596,5019.69,1.763,0.3732,18.088,0
47.47,0.503,1749.98,0.367,0.2882,14.07,0
47.12,1.712,1905.95,1.922,0.2281,39.17,0
65.33,0.706,6630.13,1.812,0.5801,10.967,0
42.41,1.481,104.16,0.553,0.5051,12.995,0
68.7,0.979,8092.06,1.935,0.3243,5.796,0
58.38,2.741,4814.62,2.091,0.4913,6.921,0
72.2,1.423,8284.58,0.526,0.1959,10.182,0
52.46,1.858,2658.98,1.277,0.2779,27.156,0
64.19,0.754,6507.96,1.204,0.374,13.606,0
44.87,1.685,964.5,0.509,0.2595,26.174,0
67.02,2.416,6700.81,1.42,0.26,56.516,0
69.99,2.227,8341.7,0.739,0.803,11.495,0
65.78,0.989,7292.4,0.49,0.3836,7.863,0
63.06,1.223,6359.8,1.034,0.6836,9.318,0
71.22,1.119,8236.91,1.811,0.8325,26.225,0
42.69,2.063,263.63,0.79,0.4114,6.991,0
64.82,1.047,6743.73,1.32,0.2896,4.357,0
57.49,0.832,4324.72,0.851,0.4858,22.995,0
55.72,2.725,4046.92,0.292,0.6116,20.954,0
68.1,1.777,7734.65,0.95,0.221,18.371,0
50.54,1.161,2418.79,2.047,0.2277,2.596,0
63.46,1.276,6398.54,0.504,0.2553,6.391,0
50.08,0.429,1779.95,0.69,0.5509,25.898,0
49.04,0.257,2290.04,1.744,0.1976,27.744,0
63.07,1.016,6075.78,1.907,0.7836,10.625,0
68.9,1.398,7530.52,0.866,0.6244,21.917,0
51.09,2.144,2245.01,0.246,0.2334,9.521,0
53.63,1.574,3428.99,2.026,0.5086,0.294,0
55.24,0.283,3772.54,1.208,0.7088,28.103,0
55.3,2.11,4232.88,1.331,0.832,27.302,0
57.21,2.276,4566.8,1.893,0.2114,46.034,0
62.29,2.194,5224.26,1.062,0.3438,10.803,0
68.15,2.121,7496.54,1.501,0.2011,18.786,0
50.53,2.333,2954.4,1.065,0.165,15.391,0
42.22,2.353,153.37,0.238,0.3077,10.028,0
50.27,1.049,2274.36,1.116,0.6158,26.449,0
61.01,1.122,4925.28,1.961,0.7571,2.981,0
65.28,0.268,6593.13,1.404,0.7413,27.21,0
58.96,2.682,4636.64,0.855,0.3707,4.707,0
48.08,0.905,1853.98,2.073,0.3021,7.903,0
47.58,2.537,1253.42,1.079,0.7339,8.463,0
55.33,1.189,3829.2,1.094,0.4294,4.144,0
51.57,2.318,3296.24,0.386,0.2726,44.012,0
65.11,0.513,6185.95,1.178,0.5734,24.93,0
53.06,0.697,2761.79,2.17,0.7099,8.029,0
50.87,0.219,2244.39,1.807,0.4302,35.071,0
53.64,2.659,3079.32,1.873,0.4539,33.887,0
51.69,1.873,2625.83,0.979,0.48,54.401,0
50.43,1.883,2407.62,0.847,0.2485,5.154,0
59.43,2.007,4842.47,1.725,0.1928,29.185,0
68.32,1.918,7377.3,0.943,0.4404,3.084,0
50.28,2.129,1548.33,1.821,0.2771,38.027,0
44.35,0.622,1018.89,1.195,0.3642,17.67,0
68.97,2.236,7735.44,0.863,0.7722,0.627,0
69.04,2.575,7425.04,0.293,0.4139,16.426,0
57.9,2.533,4511.72,0.384,0.8417,2.146,0
56.51,2.757,4095.79,1.912,0.5257,2.598,0
59.41,1.421,5167.48,2.006,0.2397,19.228,0
52.31,1.795,3170.89,1.633,0.4845,24.861,0
67.68,0.537,7256.54,2.085,0.3079,1.544,0
45.93,1.25,896.23,1.974,0.2237,4.616,0
47.2,2.732,1650.86,1.537,0.5139,15.494,0
67.43,2.176,7522.1,0.463,0.4454,19.482,0
59.67,2.556,4966.7,0.97,0.1836,3.969,0
47.58,0.572,1630.25,0.268,0.7063,3.179,0
50.59,1.094,2809.27,1.457,0.7219,15.495,0
55.04,0.759,3897.67,1.443,0.5321,2.256,0
50.88,1.077,2446.16,1.985,0.3287,29.61,0
53.97,1.627,4193.78,1.526,0.6176,7.544,0
58.67,1.87,4460.21,2.13,0.2384,4.637,0
56.24,0.489,3942.44,1.301,0.357,37.188,0
48.19,0.416,2679.06,1.934,0.5033,9.122,0
71.37,2.796,8006.5,0.59,0.738,4.515,0
42.72,1.762,240.44,0.504,0.7519,13.402,0
64.76,1.143,6822.18,0.661,0.813,13.624,0
53.94,1.849,3245.57,1.436,0.7403,25.033,0
47.25,2.65,1377.23,1.419,0.7508,5.874,0
71.5,2.542,8156.08,2.144,0.7756,11.36,0
46.03,2.639,1243.41,0.201,0.3259,14.605,0
52.98,2.694,2717.48,0.318,0.4373,2.794,0
65.76,2.188,7008.51,1.814,0.8156,4.998,0
64.74,0.703,6705.03,1.869,0.1994,59.518,0
49.52,2.521,2420.23,0.447,0.6678,51.993,0
45.13,2.178,1375.51,0.222,0.2321,6.709,0
45.99,1.834,961.94,1.142,0.6123,6.39,0
45.96,0.383,1148.86,2.158,0.7874,7.517,0
49.03,2.769,2385.66,0.963,0.7738,2.155,0
53.95,1.998,4018.82,1.789,0.6809,4.58,0
44.13,2.794,965.62,1.407,0.5693,8.105,0
66.75,2.704,7402.63,1.043,0.5966,36.067,0
48.62,2.083,2453.71,0.752,0.3262,12.761,0
56.46,0.416,3625.02,0.402,0.7142,5.005,0
53.97,1.737,4257.8,1.531,0.2228,27.33,0
61.06,1.177,6051.64,1.238,0.7977,8.68,0
59.19,1.735,5153.96,1.787,0.8179,15.429,0
45.9,1.949,1086.78,2.008,0.4453,9.008,0
63.1,1.103,6352.2,1.776,0.7466,15.332,0
59.76,1.833,4491.23,1.755,0.6183,0.468,0
58.21,0.263,4862.21,2.092,0.2192,45.614,0
65.62,0.859,6835.92,1.837,0.3908,65.405,0
47.35,1.36,2189.09,0.296,0.4707,84.741,0
50.31,2.204,2310.66,1.295,0.3753,9.235,0
51.81,2.32,3027.73,1.889,0.7497,7.31,0
60.33,0.792,5277.78,1.857,0.2209,23.039,0
58.87,1.014,5471.39,1.194,0.2803,8.683,0
49.84,2.295,2323.32,1.992,0.6783,57.631,0
50.76,0.49,2811.18,1.364,0.7862,21.685,0
58.89,1.235,4808.08,1.591,0.289,1.708,0
58.44,2.48,5122.94,1.009,0.3344,22.651,0
55.86,0.469,4575.75,2.112,0.7202,39.319,0
52.63,1.682,2568.86,0.364,0.8496,10.518,0
41.85,0.912,442.49,1.189,0.7333,73.622,1
49.03,0.787,2160.95,1.496,0.3012,0.225,0
51.15,2.379,2146.91,1.029,0.5359,15.112,0
54.69,2.405,3563.52,1.362,0.5891,39.504,0
71.1,2.753,8324.7,1.807,0.3345,8.323,0
66.93,2.636,7660.44,0.84,0.4,57.101,0
48.54,0.842,1229.74,1.277,0.2401,71.35,0
62.7,1.519,6687.44,1.151,0.3694,29.635,0
59.75,1.877,5174.37,1.308,0.8396,11.268,0
57.36,0.338,4923.78,1.438,0.498,10.314,0
71.1,1.653,8106.58,0.315,0.3933,36.392,0
48.05,1.973,1342.19,0.331,0.6532,15.181,0
69.94,1.476,8057.75,1.608,0.8099,77.104,0
46.8,1.375,1907.71,1.277,0.6223,7.223,0
61.17,0.575,4886.8,1.279,0.6269,6.796,0
40.51,1.785,156.91,1.624,0.4008,2.295,0
69.97,2.099,8309.77,1.665,0.3242,16.562,0
63.69,0.666,6474.1,0.562,0.6046,12.297,0
48.32,1.692,1103.8,2.098,0.4212,9.424,0
64.37,0.56,5949.89,0.887,0.2171,7.897,0
64.17,0.68,6041.01,1.003,0.3086,76.375,0
59.99,1.083,5417.26,1.704,0.5167,0.371,0
60.59,1.17,5191.74,0.537,0.8245,13.557,0
42.44,1.2,139.15,0.255,0.7836,14.916,0
68.36,1.814,7318.61,0.564,0.3029,7.623,0
67.78,2.573,7425.62,1.399,0.5518,39.968,0
63.66,0.587,6033.49,1.838,0.1712,0.712,0
57.64,2.691,4615.75,2.081,0.715,6.723,0
50.48,1.548,2548.02,2.0,0.4984,16.652,0
72.29,2.592,8477.67,2.076,0.8,14.293,0
53.22,1.642,3366.31,0.877,0.406,4.927,0
66.58,0.69,6967.72,1.009,0.4008,44.716,0
70.41,2.04,7837.45,1.878,0.2191,13.206,0
59.42,1.033,5673.51,1.255,0.5526,13.664,0
53.17,1.033,3411.15,1.096,0.2886,51.963,0
54.65,1.331,3681.08,0.365,0.1667,1.983,0
58.06,2.78,4814.53,1.741,0.6896,21.606,0
57.21,0.308,4531.42,2.094,0.365,15.938,0
67.16,2.122,7662.32,1.269,0.183,6.496,0
47.43,2.707,1681.21,0.305,0.7278,37.244,0
63.32,1.164,6303.74,1.598,0.7875,1.87,0
70.17,2.52,8079.7,1.625,0.2011,4.098,0
48.29,2.597,1836.59,0.612,0.6326,46.46,0
42.33,0.825,139.81,1.827,0.7319,74.891,1
71.91,2.378,8391.52,0.29,0.2492,5.087,0
60.98,2.493,5715.68,1.046,0.5494,35.878,0
61.45,2.115,5360.0,0.745,0.6332,9.678,0
56.88,0.923,3574.57,2.002,0.7217,12.057,0
59.15,2.01,5141.09,1.098,0.6141,4.541,0
60.24,0.5,5455.82,2.004,0.492,3.646,0
52.84,1.97,2849.98,2.061,0.4287,13.832,0
50.4,1.682,2491.52,0.417,0.2336,31.156,0
69.79,1.495,7525.82,0.454,0.8469,11.392,0
45.09,0.794,1018.49,1.866,0.2791,25.88,0
66.14,1.339,6873.84,0.486,0.5679,0.755,0
71.45,2.194,7942.37,0.578,0.2973,6.887,0
60.11,2.671,4877.93,2.044,0.3951,4.031,0
60.94,1.217,5510.74,0.506,0.3543,1.184,0
48.36,1.341,1645.29,1.943,0.1986,5.077,0
59.54,1.648,4539.88,0.487,0.8249,1.051,0
61.23,1.808,5852.01,0.54,0.803,8.327,0
47.36,0.47,1305.29,0.667,0.4168,14.889,0
66.34,0.784,6935.13,1.457,0.5445,1.382,0
60.82,2.568,5550.45,2.074,0.6014,5.975,0
58.57,1.975,5274.81,1.425,0.3916,79.578,0
56.35,2.591,3921.87,0.506,0.5255,8.037,0
46.11,2.715,1313.02,2.198,0.7674,8.262,0
42.4,2.294,275.87,0.488,0.472,22.324,0
58.45,2.384,4648.59,0.906,0.8093,9.841,0
55.84,2.107,3608.9,1.088,0.4219,8.134,0
50.39,0.735,2838.49,0.634,0.2837,3.896,0
69.18,1.914,7438.29,1.438,0.7802,14.302,0
63.37,0.755,6517.4,0.483,0.2261,19.012,0
52.12,2.366,2622.69,1.749,0.5865,0.94,0
48.07,1.199,1924.3,1.235,0.2762,10.533,0
62.53,1.204,5929.34,1.534,0.3413,24.666,0
59.59,2.233,4832.26,0.596,0.4379,11.38,0
68.88,0.539,7391.45,2.063,0.3714,48.661,0
60.13,1.958,5243.53,1.774,0.21,0.157,0
65.26,0.337,7342.89,1.905,0.3693,41.774,0
48.8,2.386,1805.26,0.926,0.7865,15.763,0
67.37,1.435,7057.34,1.607,0.3528,1.927,0
59.43,1.279,4819.86,1.265,0.5828,3.102,0
58.19,1.421,4739.5,2.167,0.633,42.116,0
70.7,1.357,8299.45,1.711,0.2449,8.632,0
52.92,0.643,3286.71,0.24,0.6317,30.663,0
69.07,2.524,7919.91,2.141,0.8126,15.057,0
68.0,2.768,7539.07,1.973,0.1982,2.609,0
50.64,2.782,2620.88,1.782,0.6182,58.663,0
52.2,2.05,2793.87,2.098,0.2082,16.62,0
68.36,1.286,6814.27,0.538,0.7459,3.838,0
50.84,1.553,2454.07,2.032,0.4927,42.525,0
43.95,1.367,536.89,1.066,0.1783,24.953,0
65.71,1.391,6482.03,0.36,0.5359,2.52,0
69.72,0.25,8317.29,0.961,0.7832,8.605,0
42.03,1.947,402.26,1.594,0.3849,29.255,0
67.71,1.09,7270.46,2.086,0.6534,14.469,0
55.52,0.893,4206.18,2.027,0.7931,1.595,0
61.34,0.495,5696.27,1.822,0.7144,2.038,0
45.84,1.171,725.08,0.508,0.711,27.163,0
67.94,2.298,7355.0,1.94,0.5822,3.058,0
60.77,2.466,5359.46,1.122,0.7614,27.763,0
46.81,0.719,988.99,1.692,0.2068,1.731,0
71.62,0.21,8091.69,1.783,0.3132,0.923,0
44.05,1.438,767.06,0.595,0.8416,16.741,0
49.15,0.949,1662.94,1.552,0.7555,1.138,0
48.53,0.714,1653.39,0.488,0.5294,64.831,0
62.96,2.027,5979.72,0.352,0.2809,6.979,0
72.41,1.74,8432.64,1.403,0.5047,6.049,0
56.34,2.344,3682.8,1.671,0.5214,19.148,0
70.79,0.368,8232.37,0.326,0.391,23.763,0
62.58,2.326,5306.7,0.36,0.6851,22.665,0
42.68,1.729,200.79,2.033,0.403,20.571,0
61.77,0.371,5796.84,0.725,0.7378,10.787,0
62.77,2.185,6334.42,0.827,0.8494,3.799,0
59.79,0.311,5032.72,0.906,0.4755,11.146,0
71.33,1.405,7856.95,1.998,0.4665,2.758,0
61.78,1.291,6404.64,0.249,0.2476,6.855,0
70.63,0.236,8414.0,1.783,0.6132,3.414,0
58.89,0.678,5080.67,0.39,0.4239,2.923,0
53.45,0.989,2933.45,2.11,0.5345,4.652,0
56.82,2.082,4186.89,1.066,0.8131,3.135,0
73.69,0.374,8240.44,0.847,0.4837,6.148,0
50.39,2.653,2075.28,1.807,0.4414,0.235,0
52.33,1.979,2687.26,1.058,0.2353,2.495,0
52.06,2.084,2467.94,1.814,0.7549,8.304,0
72.09,1.284,8251.62,0.619,0.3783,4.785,0
68.49,1.013,7423.74,2.031,0.8308,27.82,0
57.71,0.705,4761.96,0.454,0.3753,18.027,0
70.4,0.795,8257.54,1.386,0.3159,30.832,0
56.48,1.528,4204.14,0.391,0.6751,17.588,0
44.79,1.476,782.98,1.405,0.7736,57.179,1
48.19,2.257,2334.46,0.752,0.2502,33.883,0
44.73,0.841,595.78,1.466,0.3791,31.357,0
57.12,1.032,4153.45,2.171,0.5733,13.834,0
67.34,1.879,7022.75,2.115,0.5683,2.308,0
63.84,2.277,6260.73,0.765,0.7035,9.898,0
65.63,0.228,6976.13,0.722,0.2508,0.461,0
61.55,1.409,5573.73,2.02,0.2533,17.698,0
58.19,1.744,4764.22,1.717,0.2254,5.753,0
50.11,0.624,2417.98,0.457,0.8193,2.381,0
66.59,1.637,7389.0,0.938,0.3707,22.946,0
57.33,1.228,4721.07,0.853,0.7353,0.633,0
49.41,1.671,2476.43,1.337,0.7683,1.035,0
63.73,0.377,6125.07,0.503,0.5159,50.678,0
49.58,2.162,2074.11,2.145,0.3867,9.578,0
62.92,1.564,6407.15,1.484,0.4272,3.031,0
66.61,2.317,7011.91,1.097,0.2307,43.63,0
50.13,1.65,2290.34,0.305,0.74,4.6,0
45.32,0.769,456.12,0.665,0.2568,36.791,0
56.18,1.943,4304.9,0.239,0.6859,12.199,0
63.84,2.013,5724.99,1.3,0.1781,16.034,0
48.37,2.025,1854.23,1.363,0.4077,41.193,0
47.11,0.753,1479.11,1.272,0.7906,24.544,0
49.28,0.616,2463.9,0.603,0.5753,7.33,0
51.47,0.877,2847.29,0.438,0.3498,0.526,0
59.25,1.255,5168.29,0.57,0.1792,29.392,0
63.02,2.473,6339.63,0.6,0.5491,24.758,0
65.69,2.326,7096.61,0.922,0.1881,17.709,0
56.79,2.499,4861.51,0.705,0.5078,6.677,0
49.17,1.499,1917.96,1.64,0.654,11.021,0
54.82,2.16,3382.34,2.042,0.4861,16.347,0
64.31,0.402,6778.03,0.415,0.1502,0.571,0
41.37,0.229,520.24,0.748,0.15,10.6,0
64.3,1.157,6221.49,1.492,0.8297,24.376,0
53.18,0.928,3231.7,1.507,0.3582,0.641,0
46.71,2.624,1108.64,2.167,0.7902,2.308,0
62.1,2.676,5448.36,1.786,0.7662,48.4,0
48.95,1.384,1566.48,1.973,0.6364,5.742,0
44.27,1.664,289.5,0.327,0.6343,4.368,0
53.8,1.324,3439.33,1.131,0.2725,0.24,0
68.96,1.907,7638.23,2.119,0.7635,22.276,0
63.76,1.945,6138.52,2.126,0.2816,21.062,0
67.08,2.789,6906.97,0.288,0.5442,35.008,0
58.16,2.06,4795.13,1.685,0.3506,1.666,0
51.11,2.334,3185.3,1.289,0.4113,41.777,0
62.68,1.862,6200.07,1.014,0.5561,8.377,0
71.0,2.195,8361.51,0.495,0.6209,39.638,0
59.65,0.425,5775.97,0.706,0.2463,46.558,0
63.0,1.372,5521.9,1.278,0.6262,39.689,0
55.43,0.577,2985.01,0.883,0.5929,24.582,0
65.69,1.692,7249.22,2.154,0.7046,31.341,0
55.1,2.775,3429.34,1.288,0.5137,15.422,0
47.62,1.631,2239.62,2.085,0.6678,20.737,0
64.45,2.375,6716.88,0.947,0.8058,13.329,0
66.51,0.77,6982.63,0.902,0.4356,25.066,0
44.64,2.369,993.98,1.99,0.2818,0.011,0
64.66,1.512,6766.19,0.416,0.251,1.349,0
70.35,2.346,8080.93,1.284,0.2176,30.324,0
44.26,0.281,297.45,0.442,0.28,26.935,0
44.38,1.297,699.22,0.915,0.4321,21.541,0
54.12,1.208,2621.81,0.617,0.45,16.035,0
56.15,1.477,4118.89,0.263,0.3737,0.568,0
62.72,2.439,5985.3,0.968,0.5273,1.857,0
61.78,2.726,5884.17,1.181,0.1691,0.71,0
55.92,2.555,4194.57,1.15,0.5306,1.559,0
63.06,1.382,6183.94,1.698,0.319,74.433,0
40.71,1.006,388.47,1.754,0.7482,4.393,0
55.05,2.443,3549.1,1.762,0.8049,10.58,0
57.15,1.404,4317.41,1.594,0.4217,46.62,0
63.09,2.015,5591.1,1.182,0.7816,6.251,0
47.61,0.955,1467.07,0.863,0.2268,3.027,0
67.4,0.215,7133.95,1.751,0.7148,42.448,0
66.38,0.314,6588.69,0.565,0.388,20.681,0
67.38,2.022,7202.52,2.023,0.2211,2.698,0
65.41,2.661,6318.99,1.326,0.4567,8.222,0
64.35,2.004,5970.94,1.47,0.2244,11.552,0
50.74,1.649,2442.78,1.045,0.1956,5.488,0
69.48,2.59,8068.76,2.013,0.7629,2.322,0
48.06,1.683,1460.76,1.529,0.4623,101.895,1
53.29,2.254,3235.86,0.571,0.4393,14.764,0
49.62,0.583,2050.89,0.466,0.641,0.203,0
44.25,1.931,603.95,1.371,0.1562,38.223,0
45.81,2.594,1251.32,1.921,0.7109,3.763,0
55.76,1.208,4087.98,1.467,0.529,29.322,0
46.72,0.53,1327.34,1.22,0.7528,1.267,0
58.99,0.842,4412.43,1.707,0.7378,8.082,0
48.85,0.882,1992.87,0.319,0.4523,36.817,0
67.06,2.62,6657.31,0.982,0.5745,36.305,0
64.67,0.531,6388.31,1.43,0.7033,39.527,0
61.37,1.757,5526.74,0.775,0.6912,10.205,0
42.56,0.372,359.68,0.37,0.7742,2.832,0
60.39,1.408,5487.76,1.814,0.792,6.51,0
58.96,1.05,4596.44,0.816,0.8139,12.893,0
54.97,2.008,3343.19,2.047,0.5736,19.472,0
57.9,1.42,4921.5,0.382,0.4928,7.545,0
56.93,0.897,4442.78,0.743,0.3523,12.97,0
50.88,2.555,2729.63,2.014,0.5462,7.713,0
52.02,1.27,2673.32,0.728,0.4467,19.372,0
63.65,2.515,6553.84,0.479,0.6889,6.292,0
61.58,1.035,5871.67,1.796,0.5572,3.428,0
64.8,2.478,6186.58,1.477,0.294,28.087,0
67.47,1.492,7075.27,0.691,0.489,5.683,0
60.64,1.597,4872.79,0.493,0.5742,5.239,0
72.1,0.208,8218.72,0.578,0.8039,47.311,0
52.54,2.776,3919.99,1.367,0.344,15.085,0
49.41,2.752,1773.2,1.391,0.4835,8.806,0
46.26,0.671,1103.34,0.923,0.7109,1.009,0
67.0,0.898,7216.27,1.768,0.798,20.892,0
49.86,2.517,1821.1,1.333,0.1569,7.414,0
60.49,0.799,5344.62,1.437,0.5494,5.584,0
59.85,2.386,4741.97,0.503,0.5376,6.855,0
49.58,0.728,1946.93,1.433,0.8181,1.721,0
62.01,2.745,6319.83,0.739,0.4904,1.81,0
67.45,0.631,7201.21,0.547,0.3042,2.045,0
50.68,1.002,2105.67,1.359,0.5698,8.8,0
49.02,2.052,1892.46,1.085,0.6674,8.735,0
60.73,1.188,5266.44,1.283,0.3402,38.438,0
57.16,1.037,4228.77,1.198,0.5809,32.787,0
58.77,1.17,5195.05,1.607,0.5707,21.607,0
53.65,1.017,3272.38,1.01,0.3241,6.182,0
48.34,1.761,2039.52,1.139,0.167,49.274,0
49.1,2.28,2150.21,0.978,0.3916,8.633,0
55.54,2.083,4224.04,2.018,0.2126,5.297,0
46.33,1.444,2019.88,0.537,0.7476,18.642,0
63.01,2.306,5132.48,1.892,0.8354,8.162,0
66.97,0.44,6489.97,1.591,0.185,1.486,0
71.18,1.378,7928.88,0.786,0.751,5.876,0
69.42,1.553,7794.09,0.664,0.2146,0.964,0
62.62,2.239,5598.82,2.108,0.8091,3.483,0
60.84,0.814,4702.68,1.815,0.2868,22.439,0
43.42,0.464,666.01,1.835,0.2751,2.386,0
56.08,0.597,3985.31,2.064,0.322,0.158,0
65.58,2.193,7285.42,1.226,0.1645,12.64,0
44.27,0.605,577.54,0.465,0.7532,32.354,0
59.5,0.926,4920.46,0.692,0.2726,2.095,0
48.37,0.374,2185.0,0.955,0.1504,11.117,0
64.29,1.962,6810.24,0.99,0.529,9.312,0
60.58,1.12,4510.43,1.411,0.6528,24.906,0
63.77,1.561,6413.7,1.015,0.5022,12.467,0
66.45,1.156,6860.65,0.797,0.5731,9.571,0
54.97,1.171,3257.93,0.829,0.2891,0.291,0
54.72,2.45,3758.52,1.781,0.6745,18.849,0
50.71,0.836,2636.57,0.233,0.309,10.405,0
55.35,2.494,4188.92,1.127,0.4411,0.949,0
70.49,2.532,8060.89,2.045,0.3568,0.982,0
54.7,1.327,4006.75,1.396,0.3983,12.935,0
57.52,2.628,4107.71,1.937,0.4856,7.823,0
48.68,2.779,1725.23,0.492,0.6478,5.655,0
42.74,0.769,307.34,1.242,0.1669,9.298,0
64.2,0.941,6807.49,0.302,0.5119,2.369,0
55.65,1.468,3782.54,1.727,0.1753,27.198,0
63.36,2.717,6220.78,2.066,0.4145,19.451,0
55.1,2.079,3794.84,0.734,0.2495,44.371,0
44.19,0.309,882.79,0.806,0.8175,3.893,0
59.89,1.286,4882.08,1.852,0.2562,14.256,0
49.89,0.372,2243.24,1.918,0.3359,11.863,0
44.27,1.418,655.15,2.162,0.7974,12.244,0
42.21,1.804,771.74,2.159,0.7454,56.089,1
50.58,1.652,2267.9,1.978,0.7201,7.225,0
60.14,2.372,5685.51,1.38,0.6278,29.536,0
64.93,0.838,6637.69,1.83,0.4537,5.719,0
68.98,2.777,7995.5,0.303,0.5642,29.121,0
52.98,2.343,2264.2,1.31,0.7411,4.448,0
69.79,0.456,8131.89,1.284,0.4041,24.423,0
54.83,1.061,3622.05,0.362,0.2637,11.811,0
70.6,2.512,7898.64,1.071,0.7205,3.011,0
56.68,0.28,4074.66,2.075,0.2328,4.838,0
65.17,1.73,7484.49,1.011,0.7446,6.075,0
60.46,0.629,5228.81,0.518,0.379,8.513,0
46.65,0.222,796.18,1.281,0.4949,1.743,0
71.93,2.301,8248.51,1.496,0.8443,0.038,0
49.87,1.154,1591.61,1.571,0.7287,7.956,0
61.73,0.305,4904.78,1.986,0.3811,0.715,0
61.14,2.336,4996.05,0.584,0.269,8.923,0
71.44,0.48,8445.24,1.387,0.5808,13.441,0
66.71,1.776,7087.14,0.72,0.6004,21.668,0
45.61,1.777,907.41,1.578,0.1724,34.409,0
61.16,1.133,5686.07,1.218,0.3556,22.014,0
52.08,2.298,3469.19,0.67,0.8392,6.662,0
51.99,0.604,2843.52,0.359,0.5614,2.254,0
46.2,1.367,1004.47,0.499,0.2014,26.483,0
60.89,1.332,5876.9,0.445,0.601,51.432,0
57.67,1.728,4737.81,2.075,0.2968,11.538,0
43.78,0.372,384.22,0.263,0.7471,5.231,0
48.49,1.494,1667.12,1.517,0.4282,22.229,0
52.58,2.713,2818.07,1.045,0.3704,44.477,0
59.8,2.02,4859.18,0.215,0.6982,55.538,0
51.01,0.585,3592.73,1.968,0.318,16.671,0
70.78,2.559,8139.33,1.642,0.4425,26.522,0
60.4,1.17,5404.92,0.205,0.488,31.304,0
54.99,0.749,4309.05,0.865,0.6111,24.01,0
54.72,2.783,4341.84,1.425,0.5786,10.275,0
69.79,2.281,8078.46,1.11,0.6534,14.258,0
58.2,1.065,4625.85,1.015,0.5889,28.25,0
55.94,2.483,4085.95,2.058,0.7899,16.892,0
48.5,1.368,2039.94,0.801,0.6064,0.711,0
50.57,2.551,2027.57,0.708,0.3358,13.619,0
44.79,1.232,440.57,1.06,0.821,29.186,1
50.01,2.318,2398.53,1.293,0.4417,12.54,0
70.83,0.996,8101.82,1.4,0.1858,80.963,0
46.98,1.919,1892.68,0.775,0.2311,4.818,0
70.44,1.617,8409.93,0.601,0.6296,1.495,0
60.97,2.661,5533.48,0.241,0.2409,24.911,0
48.96,1.28,2268.82,2.012,0.2929,3.222,0
43.72,2.623,919.88,0.819,0.5296,14.32,0
46.79,2.418,676.15,0.207,0.3177,27.145,0
65.44,2.655,6773.18,2.13,0.2294,10.803,0
46.13,1.41,1120.09,0.444,0.6176,5.871,0
42.72,2.251,799.45,0.906,0.4215,3.777,0
69.72,1.813,8037.5,2.139,0.6865,87.188,0
44.51,1.089,1463.25,1.244,0.6327,3.886,0
71.54,1.084,8425.35,0.979,0.6797,1.968,0
56.3,2.311,4404.33,0.625,0.2831,18.265,0
65.08,2.782,6597.09,0.654,0.6099,43.929,0
56.44,2.204,4252.75,0.975,0.5998,3.997,0
43.48,1.124,452.5,2.175,0.8037,18.831,0
54.6,2.378,3590.48,2.139,0.7534,1.603,0
65.86,0.503,7181.39,0.472,0.496,100.007,0
62.83,1.086,6197.59,1.45,0.1727,32.457,0
50.82,0.963,2763.36,1.917,0.1884,6.425,0
72.76,0.556,8198.26,0.717,0.4157,2.99,0
51.94,1.581,2955.51,0.35,0.3659,6.416,0
43.27,2.751,290.95,0.856,0.6483,36.656,1
67.86,1.143,7923.85,0.39,0.3349,7.311,0
67.06,0.675,7562.63,0.625,0.7103,4.74,0
51.3,1.607,2422.73,1.919,0.7181,14.331,0
58.05,1.995,4949.84,0.794,0.5367,6.357,0
68.68,2.589,7620.74,1.04,0.6105,5.641,0
43.53,0.379,537.25,2.098,0.5618,2.034,0
55.26,1.609,4106.61,0.729,0.5636,14.826,0
65.92,0.413,6770.5,0.537,0.6039,15.15,0
67.68,0.768,7380.21,1.616,0.2686,56.76,0
67.58,1.525,7356.13,2.179,0.1537,13.323,0
50.96,0.688,2395.84,1.295,0.1916,4.266,0
59.96,0.7,5701.81,1.256,0.391,9.331,0
60.56,0.847,5062.47,1.912,0.2373,9.812,0
60.89,1.494,5546.04,2.156,0.4339,3.819,0
50.32,1.866,2224.66,0.44,0.6197,2.557,0
44.08,2.795,437.73,1.69,0.6619,20.74,0
46.86,1.694,1216.88,1.504,0.6521,31.892,0
45.73,0.478,215.58,0.613,0.2511,23.193,0
66.17,1.269,6699.02,1.519,0.6262,10.547,0
47.49,1.851,1793.01,0.614,0.3972,36.717,0
66.85,2.668,7308.15,1.075,0.3265,10.222,0
45.83,2.232,1432.28,1.867,0.6738,13.373,0
49.1,0.937,1812.25,0.554,0.6883,11.538,0
65.4,0.37,6506.12,1.109,0.3622,4.572,0
49.76,2.705,1787.76,0.739,0.4862,10.377,0
44.54,2.231,1221.29,1.49,0.4192,77.482,1
58.15,0.896,4734.67,0.942,0.3284,1.873,0
67.17,1.543,7340.82,0.82,0.4326,1.171,0
72.5,0.855,8140.09,0.689,0.8204,48.223,0
69.11,1.693,7289.14,2.049,0.7953,17.776,0
74.12,1.051,8310.59,1.579,0.5377,15.106,0
42.46,0.703,112.27,0.417,0.3644,26.003,0
50.27,1.835,2209.81,1.54,0.8225,14.992,0
51.34,1.188,3097.86,1.449,0.7732,7.067,0
66.31,1.584,7305.49,1.186,0.4516,14.878,0
64.21,0.468,5893.73,1.992,0.3119,36.253,0
44.98,0.389,1821.66,1.562,0.8331,10.478,0
48.42,2.119,1240.06,0.637,0.2178,5.334,0
66.23,1.872,7812.91,1.98,0.7752,1.767,0
71.5,1.791,7857.96,0.387,0.3252,16.418,0
65.12,1.438,6369.91,0.754,0.2669,25.489,0
63.44,2.608,6220.78,1.179,0.8446,28.589,0
69.59,0.796,7554.73,1.351,0.1501,21.456,0
70.66,2.159,7951.1,1.313,0.265,24.171,0
69.58,0.701,8337.92,1.845,0.314,0.833,0
46.85,2.351,1606.89,0.595,0.3565,1.138,0
55.34,2.087,3875.52,1.648,0.4066,25.434,0
64.52,2.37,6493.18,1.064,0.6315,32.283,0
46.5,0.291,1436.18,0.55,0.74,9.816,0
45.35,0.61,812.55,0.346,0.4405,10.265,0
63.87,2.056,5977.38,1.968,0.5216,41.612,0
61.39,2.701,5070.14,1.371,0.381,10.861,0
65.25,0.761,7061.71,1.098,0.2705,32.618,0
54.45,1.021,3838.64,1.413,0.7983,28.818,0
67.25,2.209,7119.24,1.13,0.2137,15.675,0
66.72,0.53,6791.46,0.308,0.6659,13.727,0
66.43,1.889,7300.28,1.625,0.7217,0.977,0
47.19,2.477,1610.26,1.798,0.3183,0.938,0
67.13,1.601,7309.75,0.367,0.5176,1.768,0
49.9,1.627,2293.58,1.856,0.1808,12.138,0
68.34,2.017,7138.37,0.379,0.2535,10.512,0
56.39,1.848,3645.83,0.36,0.6821,11.121,0
63.47,0.286,5823.25,0.223,0.1691,19.679,0
43.01,2.305,303.34,0.261,0.3757,25.506,0
65.68,0.695,6886.97,2.106,0.2188,27.555,0
57.94,1.166,4627.86,1.775,0.6739,16.714,0
64.53,1.948,6141.49,1.789,0.5028,6.161,0
50.86,0.614,2553.96,1.292,0.2536,19.855,0
57.89,2.197,4636.11,0.501,0.727,6.139,0
62.05,0.31,5321.9,0.959,0.1783,10.267,0
43.05,0.879,320.51,0.691,0.3917,7.52,0
52.92,1.541,3136.32,1.26,0.4336,14.901,0
49.84,0.792,2080.73,0.843,0.6129,8.209,0
67.27,2.241,7001.26,0.951,0.1793,22.55,0
61.5,1.266,5350.14,1.912,0.5408,17.326,0
65.74,0.244,6706.8,1.449,0.5954,50.225,0
69.71,0.896,7867.0,0.294,0.2357,8.947,0
67.3,0.523,7113.15,1.312,0.5205,0.09,0
60.61,0.661,5354.86,2.097,0.4989,48.1,0
59.87,1.183,4431.57,1.728,0.5198,1.194,0
50.47,2.011,2349.52,1.438,0.3566,3.373,0
59.51,1.941,4899.93,1.661,0.4353,3.108,0
47.82,1.157,2138.82,1.65,0.5198,4.331,0
52.37,2.224,2700.51,0.364,0.7614,31.071,0
52.11,1.122,2549.65,1.701,0.6804,36.215,0
43.46,1.249,455.48,0.658,0.623,7.477,0
61.61,2.57,5838.74,0.247,0.2092,8.526,0
57.36,0.927,3554.01,0.781,0.553,30.346,0
59.0,2.1,4343.82,0.937,0.5393,12.512,0
46.58,2.754,1599.02,0.863,0.8307,11.282,0
68.5,0.298,7086.73,1.574,0.1903,34.508,0
50.06,2.583,2106.06,0.618,0.6855,7.895,0
66.66,2.043,7059.61,0.989,0.3053,2.744,0
46.4,0.446,958.28,1.4,0.5183,22.994,0
63.92,0.716,6713.93,1.387,0.5916,3.971,0
48.27,1.253,1920.97,0.846,0.308,38.526,0
66.98,2.587,7280.43,1.424,0.5034,25.568,0
49.02,1.212,2850.5,1.123,0.5005,9.412,0
60.26,0.228,4741.42,0.57,0.7242,106.217,0
41.31,0.478,346.95,1.757,0.2284,2.463,0
60.71,1.181,5116.45,1.145,0.642,5.515,0
50.28,2.745,2482.65,0.439,0.6573,9.666,0
41.84,1.157,125.82,1.784,0.2437,1.074,0
50.93,0.384,2714.31,0.446,0.5182,26.601,0
49.95,1.232,2509.42,1.155,0.7366,15.898,0
64.38,1.259,6454.78,0.541,0.6561,51.128,0
59.71,1.373,5195.17,0.87,0.4428,1.742,0
69.79,2.008,7943.73,1.915,0.3558,13.199,0
54.28,1.839,3520.88,1.756,0.3862,12.204,0
51.72,1.332,3422.17,1.781,0.1825,21.297,0
47.22,0.247,1078.71,0.284,0.2851,83.364,1
59.16,0.728,4470.16,0.981,0.7692,1.666,0
68.65,1.385,7418.38,0.841,0.6716,1.895,0
47.63,0.768,1574.27,1.995,0.3991,30.608,0
57.95,1.462,4376.24,1.895,0.4471,14.834,0
70.31,1.815,7680.31,2.168,0.732,6.175,0
71.43,1.642,8190.28,1.788,0.8396,27.274,0
53.1,0.817,2977.92,1.926,0.7889,24.017,0
57.2,1.877,4540.31,1.429,0.2369,1.946,0
53.7,1.997,3212.73,0.236,0.7256,12.745,0
71.17,0.952,8442.8,1.348,0.8045,22.573,0
55.46,0.864,3906.11,1.815,0.432,16.397,0
60.36,1.824,4911.41,1.816,0.7587,19.248,0
66.32,1.869,7074.37,1.719,0.6722,20.281,0
65.04,1.558,6493.11,0.49,0.6985,15.584,0
60.66,1.679,5448.93,0.494,0.5457,6.277,0
66.24,2.26,6587.32,1.914,0.8173,39.819,0
44.52,2.382,1010.18,1.814,0.3061,27.298,0
63.77,2.698,6620.66,0.31,0.5856,0.418,0
59.41,0.603,4786.43,1.48,0.47,9.734,0
68.1,0.761,7589.5,1.323,0.8463,4.66,0
59.61,1.047,5196.54,1.525,0.7855,18.907,0
67.02,1.659,7647.58,0.235,0.7231,6.031,0
42.22,1.096,125.81,1.015,0.6145,71.915,1
67.7,0.278,7678.89,1.809,0.6989,9.383,0
64.27,1.616,6510.08,0.493,0.6126,1.767,0
57.55,1.839,4725.16,2.047,0.3016,14.851,0
65.64,0.455,6893.43,1.861,0.7676,26.182,0
65.66,2.602,6880.75,0.44,0.7403,27.028,0
55.07,0.587,3448.83,1.375,0.6912,34.12,0
52.24,2.365,2383.97,0.528,0.6766,0.018,0
60.58,1.536,5708.82,1.401,0.7851,8.876,0
74.19,1.207,8486.93,0.604,0.2068,3.867,0
62.58,2.341,5239.87,1.847,0.1678,52.32,0
55.01,0.408,3251.61,1.46,0.2012,24.091,0
44.54,1.26,556.32,0.554,0.5907,3.925,0
58.32,0.573,4992.68,1.66,0.3044,5.908,0
43.28,1.488,241.27,1.085,0.3471,3.188,0
62.73,1.248,6100.25,1.926,0.62,16.328,0
52.69,1.644,2994.22,0.384,0.7607,23.237,0
69.04,2.753,7038.45,1.331,0.8027,1.244,0
63.95,0.259,6633.01,2.073,0.6222,5.488,0
71.3,0.432,8250.49,0.465,0.802,7.974,0
70.96,0.727,7917.13,2.032,0.4309,11.333,0
68.82,2.79,7888.2,2.015,0.6246,1.473,0
47.33,1.188,1472.42,0.638,0.4453,31.391,0
70.59,1.62,8328.17,2.153,0.4132,3.802,0
56.73,2.518,3858.91,1.29,0.365,16.161,0
64.47,0.324,6198.29,1.928,0.3558,0.791,0
67.76,1.321,6966.68,0.77,0.187,10.818,0
63.0,1.589,5829.21,2.055,0.7835,24.311,0
55.99,1.535,4297.13,2.03,0.2026,32.319,0
62.97,1.731,5468.12,1.855,0.2216,3.868,0
55.86,2.732,4463.17,0.543,0.5323,23.874,0
56.6,0.808,4226.97,1.052,0.7284,37.392,0
56.58,2.479,4630.62,1.896,0.2741,20.596,0
52.56,2.151,2774.91,2.12,0.166,27.719,0
59.81,2.07,5044.34,1.057,0.6265,93.549,0
55.31,2.639,3910.02,0.672,0.4336,27.245,0
45.5,2.26,1330.97,0.93,0.1516,14.002,0
45.24,1.836,808.56,0.856,0.2615,87.252,1
61.67,1.915,5801.48,0.23,0.3845,80.971,0
69.43,0.591,7971.29,0.346,0.6059,49.782,0
43.36,1.684,711.13,0.855,0.4286,10.983,0
61.37,2.209,5091.04,0.737,0.451,16.901,0
51.23,1.621,2525.95,0.232,0.2608,40.091,0
43.31,1.773,417.42,1.659,0.6136,14.067,0
71.29,1.755,8290.08,1.583,0.5052,6.212,0
46.98,2.112,1191.9,1.224,0.5907,18.757,0
49.95,1.375,2481.95,1.291,0.4705,29.918,0
68.75,1.128,7768.52,0.558,0.7766,9.245,0
52.61,0.71,3380.17,1.738,0.6097,0.478,0
60.12,2.705,5270.9,0.327,0.5895,65.254,0
58.96,1.584,4257.15,0.969,0.2549,17.59,0
