{
  "type": "FeatureCollection",
  "generator": "overpass-turbo",
  "copyright": "The data included in this document is from www.openstreetmap.org. The data is made available under ODbL.",
  "timestamp": "2026-09-02T17:02:47Z",
  "features": [
    {
      "type": "Feature",
      "properties": {
        "@id": "way/27935408",
        "name": "Musi River",
        "name:fa": "رودخانه موسی",
        "name:te": "మూసీ నది",
        "waterway": "river"
      },
      "geometry": {
        "type": "LineString",
        "coordinates": [
          [
            78.3168514,
            17.3759563
          ],
          [
            78.3169135,
            17.3759728
          ],
          [
            78.3169761,
            17.3759899
          ],
          [
            78.3170459,
            17.3759822
          ],
          [
            78.3175957,
            17.3757083
          ],
          [
            78.3180477,
            17.3754664
          ],
          [
            78.3187196,
            17.3751349
          ],
          [
            78.3189408,
            17.375149
          ],
          [
            78.3190837,
            17.3752309
          ],
          [
            78.3191621,
            17.3753576
          ],
          [
            78.3191299,
            17.3755458
          ],
          [
            78.3190455,
            17.3757416
          ],
          [
            78.3190709,
            17.3759054
          ],
          [
            78.3191675,
            17.3760949
          ],
          [
            78.3194071,
            17.3762545
          ],
          [
            78.3200231,
            17.3765454
          ],
          [
            78.320404,
            17.3767911
          ],
          [
            78.320809,
            17.3772161
          ],
          [
            78.3214393,
            17.3778074
          ],
          [
            78.3216378,
            17.37792
          ],
          [
            78.3217826,
            17.3779738
          ],
          [
            78.3219114,
            17.3781043
          ],
          [
            78.3219838,
            17.3782707
          ],
          [
            78.3220482,
            17.3785625
          ],
          [
            78.3222064,
            17.3788518
          ],
          [
            78.32248,
            17.3788953
          ],
          [
            78.3229789,
            17.3788466
          ],
          [
            78.3233491,
            17.3786137
          ],
          [
            78.3242261,
            17.3783193
          ],
          [
            78.3247733,
            17.3781376
          ],
          [
            78.3256423,
            17.3777997
          ],
          [
            78.3267716,
            17.3772775
          ],
          [
            78.3275413,
            17.376955
          ],
          [
            78.329089,
            17.3764737
          ],
          [
            78.33076,
            17.3759822
          ],
          [
            78.3314359,
            17.3758107
          ],
          [
            78.3317926,
            17.3757186
          ],
          [
            78.3324578,
            17.3754831
          ],
          [
            78.333182,
            17.3751221
          ],
          [
            78.3340001,
            17.3748534
          ],
          [
            78.3345553,
            17.3747842
          ],
          [
            78.3352151,
            17.3747049
          ],
          [
            78.3361003,
            17.3744975
          ],
          [
            78.3378008,
            17.3739728
          ],
          [
            78.3393806,
            17.3735606
          ],
          [
            78.3413172,
            17.373192
          ],
          [
            78.3417302,
            17.3732227
          ],
          [
            78.3419985,
            17.3733815
          ],
          [
            78.3422184,
            17.3736272
          ],
          [
            78.3423632,
            17.3740419
          ],
          [
            78.3424383,
            17.3748713
          ],
          [
            78.3426154,
            17.376699
          ],
          [
            78.3429202,
            17.3782532
          ],
          [
            78.3429426,
            17.3787314
          ],
          [
            78.3428192,
            17.3795966
          ],
          [
            78.3427066,
            17.3798577
          ],
          [
            78.3422828,
            17.3808407
          ],
          [
            78.3422667,
            17.3814294
          ],
          [
            78.342374,
            17.3826376
          ],
          [
            78.3426261,
            17.3833134
          ],
          [
            78.343125,
            17.3837895
          ],
          [
            78.3436131,
            17.3840915
          ],
          [
            78.3442113,
            17.3843065
          ],
          [
            78.3448952,
            17.3845062
          ],
          [
            78.3454049,
            17.384583
          ],
          [
            78.3472368,
            17.3847442
          ],
          [
            78.3475686,
            17.3847557
          ],
          [
            78.3484277,
            17.3847903
          ],
          [
            78.3488139,
            17.3847519
          ],
          [
            78.3491868,
            17.3846572
          ],
          [
            78.3495462,
            17.3845267
          ],
          [
            78.3496642,
            17.3844576
          ],
          [
            78.3498707,
            17.3843961
          ],
          [
            78.3500022,
            17.384391
          ],
          [
            78.3501416,
            17.3844064
          ],
          [
            78.3502999,
            17.3843987
          ],
          [
            78.3509678,
            17.3840915
          ],
          [
            78.3510482,
            17.3839789
          ],
          [
            78.3512011,
            17.3837383
          ],
          [
            78.3513513,
            17.3833415
          ],
          [
            78.3516128,
            17.3831112
          ],
          [
            78.3518717,
            17.3829781
          ],
          [
            78.3520997,
            17.3829397
          ],
          [
            78.3523813,
            17.382955
          ],
          [
            78.3525288,
            17.3829294
          ],
          [
            78.3526576,
            17.3828475
          ],
          [
            78.3529298,
            17.3826082
          ],
          [
            78.3531108,
            17.3825173
          ],
          [
            78.3532181,
            17.3824328
          ],
          [
            78.3534481,
            17.3821205
          ],
          [
            78.3536292,
            17.3819516
          ],
          [
            78.353833,
            17.3818486
          ],
          [
            78.3541207,
            17.3817635
          ],
          [
            78.3545566,
            17.3816419
          ],
          [
            78.3551721,
            17.3813718
          ],
          [
            78.3555436,
            17.3812093
          ],
          [
            78.3558655,
            17.3810839
          ],
          [
            78.356127,
            17.3810608
          ],
          [
            78.3563094,
            17.3810455
          ],
          [
            78.3564341,
            17.3810915
          ],
          [
            78.356536,
            17.3811261
          ],
          [
            78.3566312,
            17.3811325
          ],
          [
            78.356705,
            17.3810992
          ],
          [
            78.3568431,
            17.3809853
          ],
          [
            78.3569397,
            17.3808919
          ],
          [
            78.3570389,
            17.3808407
          ],
          [
            78.3572227,
            17.3808663
          ],
          [
            78.3573997,
            17.380888
          ],
          [
            78.3577149,
            17.3808752
          ],
          [
            78.3581159,
            17.380888
          ],
          [
            78.3584256,
            17.3809559
          ],
          [
            78.3585517,
            17.3810096
          ],
          [
            78.3586751,
            17.3810237
          ],
          [
            78.3588709,
            17.3809917
          ],
          [
            78.3590975,
            17.3810339
          ],
          [
            78.3593792,
            17.3810339
          ],
          [
            78.359693,
            17.3809968
          ],
          [
            78.3600725,
            17.3809188
          ],
          [
            78.3603555,
            17.38092
          ],
          [
            78.3606639,
            17.3810147
          ],
          [
            78.3608383,
            17.3810608
          ],
          [
            78.3610958,
            17.3810544
          ],
          [
            78.3613305,
            17.3809661
          ],
          [
            78.3615397,
            17.3808279
          ],
          [
            78.3617623,
            17.3806397
          ],
          [
            78.3618535,
            17.3804516
          ],
          [
            78.3619796,
            17.3801675
          ],
          [
            78.3621164,
            17.3799051
          ],
          [
            78.3623712,
            17.3796542
          ],
          [
            78.3625764,
            17.3795557
          ],
          [
            78.3627923,
            17.3795378
          ],
          [
            78.3630833,
            17.379571
          ],
          [
            78.3632965,
            17.3795659
          ],
          [
            78.3635151,
            17.3795135
          ],
          [
            78.3637042,
            17.379397
          ],
          [
            78.3639751,
            17.3790834
          ],
          [
            78.3645599,
            17.3784985
          ],
          [
            78.3647114,
            17.3782809
          ],
          [
            78.3648214,
            17.3782092
          ],
          [
            78.3649904,
            17.3781798
          ],
          [
            78.3652505,
            17.3781517
          ],
          [
            78.3654812,
            17.3780582
          ],
          [
            78.3656904,
            17.3778893
          ],
          [
            78.3657762,
            17.3777754
          ],
          [
            78.36585,
            17.3776871
          ],
          [
            78.3659144,
            17.3776563
          ],
          [
            78.3660109,
            17.3776256
          ],
          [
            78.3664495,
            17.3773671
          ],
          [
            78.3676323,
            17.3767527
          ],
          [
            78.3686677,
            17.3762408
          ],
          [
            78.3702233,
            17.3755765
          ],
          [
            78.3711031,
            17.3752604
          ],
          [
            78.3715725,
            17.3749916
          ],
          [
            78.3719426,
            17.3746665
          ],
          [
            78.3723128,
            17.3739421
          ],
          [
            78.3729699,
            17.3734762
          ],
          [
            78.3737317,
            17.3730551
          ],
          [
            78.3738685,
            17.3730307
          ],
          [
            78.3740321,
            17.3730154
          ],
          [
            78.3743352,
            17.3730282
          ],
          [
            78.3746396,
            17.3730512
          ],
          [
            78.374995,
            17.3730973
          ],
          [
            78.3751345,
            17.3730858
          ],
          [
            78.3752565,
            17.3730179
          ],
          [
            78.3754563,
            17.3728464
          ],
          [
            78.3760303,
            17.3724497
          ],
          [
            78.3765373,
            17.3722602
          ],
          [
            78.3771904,
            17.3722871
          ],
          [
            78.3773862,
            17.3722705
          ],
          [
            78.3779012,
            17.3722385
          ],
          [
            78.3780071,
            17.3722615
          ],
          [
            78.3781452,
            17.3723012
          ],
          [
            78.3782405,
            17.3723908
          ],
          [
            78.378329,
            17.3726045
          ],
          [
            78.3783706,
            17.3729092
          ],
          [
            78.3785395,
            17.3733776
          ],
          [
            78.3787394,
            17.3737245
          ],
          [
            78.379096,
            17.3739079
          ]
        ]
      },
      "id": "way/27935408"
    },
    {
      "type": "Feature",
      "properties": {
        "@id": "way/27935989",
        "waterway": "river"
      },
      "geometry": {
        "type": "LineString",
        "coordinates": [
          [
            78.4884936,
            17.3546824
          ],
          [
            78.4887149,
            17.3550019
          ],
          [
            78.4888879,
            17.3553431
          ],
          [
            78.4890042,
            17.3556031
          ],
          [
            78.4892426,
            17.356104
          ],
          [
            78.4894877,
            17.3565321
          ],
          [
            78.4895859,
            17.3567127
          ],
          [
            78.4898241,
            17.3571628
          ],
          [
            78.4901561,
            17.3577531
          ],
          [
            78.4904539,
            17.3581024
          ],
          [
            78.4904596,
            17.3581511
          ],
          [
            78.4905476,
            17.3584896
          ],
          [
            78.490661,
            17.3588931
          ],
          [
            78.4908426,
            17.3591476
          ],
          [
            78.491115,
            17.3595267
          ],
          [
            78.4913249,
            17.3598922
          ],
          [
            78.4915944,
            17.3604365
          ],
          [
            78.4917902,
            17.3607127
          ],
          [
            78.4919689,
            17.3610051
          ],
          [
            78.4920171,
            17.361349
          ],
          [
            78.4920568,
            17.3617768
          ],
          [
            78.4920809,
            17.3620194
          ],
          [
            78.4921079,
            17.3622913
          ],
          [
            78.4919973,
            17.3628708
          ],
          [
            78.4918611,
            17.3632959
          ],
          [
            78.4916001,
            17.3637697
          ],
          [
            78.4913902,
            17.3641759
          ],
          [
            78.4910724,
            17.3646795
          ],
          [
            78.4908606,
            17.3650227
          ],
          [
            78.4906497,
            17.3653645
          ],
          [
            78.4904029,
            17.3658059
          ],
          [
            78.4902401,
            17.3660889
          ],
          [
            78.4901958,
            17.366166
          ],
          [
            78.4899411,
            17.36666
          ],
          [
            78.4899319,
            17.3666778
          ],
          [
            78.4897616,
            17.3672649
          ],
          [
            78.489705,
            17.3677419
          ],
          [
            78.4897192,
            17.3683376
          ],
          [
            78.4898752,
            17.3691553
          ],
          [
            78.4899887,
            17.3696508
          ],
          [
            78.4900653,
            17.3698295
          ],
          [
            78.490244,
            17.3703548
          ],
          [
            78.4903915,
            17.3708394
          ],
          [
            78.4905476,
            17.3711454
          ],
          [
            78.4908228,
            17.3712916
          ],
          [
            78.4912568,
            17.3713132
          ],
          [
            78.4916597,
            17.3713295
          ],
          [
            78.4919122,
            17.3713782
          ],
          [
            78.4920171,
            17.3714567
          ],
          [
            78.4921732,
            17.3717654
          ],
          [
            78.49282,
            17.3726427
          ],
          [
            78.4934158,
            17.3734631
          ],
          [
            78.4941818,
            17.3744107
          ],
          [
            78.4947208,
            17.3751553
          ],
          [
            78.4949931,
            17.3756535
          ],
          [
            78.4952088,
            17.376111
          ],
          [
            78.4953705,
            17.3766011
          ],
          [
            78.4954125,
            17.3767916
          ]
        ]
      },
      "id": "way/27935989"
    },
    {
      "type": "Feature",
      "properties": {
        "@id": "way/27935994",
        "waterway": "river"
      },
      "geometry": {
        "type": "LineString",
        "coordinates": [
          [
            78.4737789,
            17.3289423
          ],
          [
            78.4737619,
            17.3290906
          ],
          [
            78.4736347,
            17.3294566
          ],
          [
            78.4739596,
            17.3299759
          ],
          [
            78.4742014,
            17.3304231
          ],
          [
            78.4751043,
            17.3312489
          ],
          [
            78.4754519,
            17.3312417
          ],
          [
            78.4760034,
            17.3311047
          ],
          [
            78.476215,
            17.3311552
          ],
          [
            78.4764643,
            17.3313499
          ],
          [
            78.476555,
            17.3315951
          ],
          [
            78.4766212,
            17.3319744
          ],
          [
            78.4765625,
            17.3323092
          ],
          [
            78.476691,
            17.3326121
          ],
          [
            78.4769554,
            17.3328429
          ],
          [
            78.4771972,
            17.33298
          ],
          [
            78.477341,
            17.3329892
          ],
          [
            78.4774925,
            17.3330049
          ],
          [
            78.4777024,
            17.3330223
          ],
          [
            78.4778923,
            17.3330377
          ],
          [
            78.4779268,
            17.3330395
          ],
          [
            78.4781012,
            17.3330975
          ],
          [
            78.4782924,
            17.3331136
          ],
          [
            78.4784563,
            17.3331753
          ],
          [
            78.4788084,
            17.3333858
          ],
          [
            78.4789874,
            17.333486
          ],
          [
            78.4791727,
            17.3335991
          ],
          [
            78.4793257,
            17.3336575
          ],
          [
            78.4793992,
            17.3336657
          ],
          [
            78.4795615,
            17.3336838
          ],
          [
            78.4796865,
            17.333741
          ],
          [
            78.4798309,
            17.3338037
          ],
          [
            78.4798981,
            17.3338492
          ],
          [
            78.4799732,
            17.3339077
          ],
          [
            78.4800942,
            17.3339819
          ],
          [
            78.4802127,
            17.3340274
          ],
          [
            78.4803758,
            17.3340901
          ],
          [
            78.4804766,
            17.3341213
          ],
          [
            78.4806101,
            17.3341831
          ],
          [
            78.4807546,
            17.334251
          ],
          [
            78.4808651,
            17.3342994
          ],
          [
            78.4809452,
            17.3343063
          ],
          [
            78.4811228,
            17.3343589
          ],
          [
            78.4813169,
            17.3345061
          ],
          [
            78.4813512,
            17.3345572
          ],
          [
            78.4814513,
            17.3347064
          ],
          [
            78.4815904,
            17.3350643
          ],
          [
            78.4817083,
            17.3353636
          ],
          [
            78.4815786,
            17.3357619
          ],
          [
            78.481647,
            17.3359127
          ],
          [
            78.4818049,
            17.3362908
          ],
          [
            78.4820242,
            17.3364799
          ],
          [
            78.4824788,
            17.3364772
          ],
          [
            78.482682,
            17.3364664
          ],
          [
            78.4827108,
            17.3364796
          ],
          [
            78.4829437,
            17.3365181
          ],
          [
            78.482965,
            17.3365574
          ],
          [
            78.4832219,
            17.3366577
          ],
          [
            78.4834412,
            17.3372563
          ],
          [
            78.4838042,
            17.3372563
          ],
          [
            78.4839811,
            17.3372788
          ],
          [
            78.484106,
            17.3374003
          ],
          [
            78.4841319,
            17.3377469
          ],
          [
            78.4844038,
            17.3378044
          ],
          [
            78.4845893,
            17.3378437
          ],
          [
            78.4850981,
            17.3379642
          ],
          [
            78.4853962,
            17.3380453
          ],
          [
            78.4857505,
            17.3381417
          ],
          [
            78.4861517,
            17.3382278
          ],
          [
            78.4865356,
            17.338274
          ],
          [
            78.4868287,
            17.3383222
          ],
          [
            78.4871943,
            17.3384962
          ],
          [
            78.4874448,
            17.3386309
          ],
          [
            78.4876658,
            17.3386823
          ],
          [
            78.4880072,
            17.3388678
          ],
          [
            78.4884403,
            17.3391566
          ],
          [
            78.4887234,
            17.3394639
          ],
          [
            78.4889066,
            17.3398137
          ],
          [
            78.4889649,
            17.3401025
          ],
          [
            78.4891205,
            17.3402937
          ],
          [
            78.4891524,
            17.340364
          ],
          [
            78.4893618,
            17.3405503
          ],
          [
            78.4895839,
            17.3406934
          ],
          [
            78.489781,
            17.3409372
          ],
          [
            78.4900613,
            17.3410882
          ],
          [
            78.4902057,
            17.3411094
          ],
          [
            78.490375,
            17.3413399
          ],
          [
            78.4905999,
            17.3416579
          ],
          [
            78.4908636,
            17.3418646
          ],
          [
            78.4908802,
            17.3421057
          ],
          [
            78.4908858,
            17.3424872
          ],
          [
            78.4909274,
            17.3426674
          ],
          [
            78.4910107,
            17.3428714
          ],
          [
            78.4910107,
            17.3432106
          ],
          [
            78.4910551,
            17.3434093
          ],
          [
            78.4912078,
            17.3437061
          ],
          [
            78.4915742,
            17.3438968
          ],
          [
            78.4918407,
            17.3441353
          ],
          [
            78.4920544,
            17.3444162
          ],
          [
            78.4921765,
            17.3445195
          ],
          [
            78.4923625,
            17.3446069
          ],
          [
            78.4924514,
            17.3447871
          ],
          [
            78.4925707,
            17.3450415
          ],
          [
            78.4926303,
            17.3454339
          ],
          [
            78.4926143,
            17.3457863
          ],
          [
            78.4925835,
            17.3460239
          ],
          [
            78.4925258,
            17.3461853
          ],
          [
            78.4924389,
            17.3463346
          ],
          [
            78.4923453,
            17.3464284
          ],
          [
            78.4922487,
            17.3465094
          ],
          [
            78.4920395,
            17.346598
          ],
          [
            78.4919229,
            17.3466588
          ],
          [
            78.4917213,
            17.3467452
          ],
          [
            78.4914798,
            17.3468485
          ],
          [
            78.4911023,
            17.3469545
          ],
          [
            78.4907997,
            17.3470631
          ],
          [
            78.4904527,
            17.3471903
          ],
          [
            78.490214,
            17.347283
          ],
          [
            78.4900641,
            17.3473864
          ],
          [
            78.4899559,
            17.3476381
          ],
          [
            78.4899725,
            17.3479852
          ],
          [
            78.4901585,
            17.3491298
          ],
          [
            78.4903528,
            17.3501128
          ],
          [
            78.4905693,
            17.3513899
          ],
          [
            78.4907053,
            17.3521158
          ],
          [
            78.4907522,
            17.3522825
          ],
          [
            78.4908164,
            17.3525106
          ],
          [
            78.4910051,
            17.3528233
          ],
          [
            78.4912106,
            17.353022
          ],
          [
            78.4915103,
            17.3533505
          ],
          [
            78.4918379,
            17.3536473
          ],
          [
            78.4920794,
            17.353891
          ],
          [
            78.4921266,
            17.3540102
          ],
          [
            78.4920766,
            17.354352
          ],
          [
            78.4920183,
            17.354707
          ],
          [
            78.4918712,
            17.3552025
          ],
          [
            78.4917246,
            17.3554336
          ],
          [
            78.491688,
            17.3554913
          ],
          [
            78.4915131,
            17.3556052
          ],
          [
            78.4914409,
            17.3557483
          ],
          [
            78.4913799,
            17.3559603
          ],
          [
            78.4911911,
            17.3562278
          ],
          [
            78.4910967,
            17.3563762
          ],
          [
            78.4911217,
            17.3565219
          ],
          [
            78.4911883,
            17.3568584
          ],
          [
            78.4912799,
            17.3572055
          ],
          [
            78.49123,
            17.3573592
          ],
          [
            78.4910496,
            17.3575552
          ],
          [
            78.4909802,
            17.35764
          ],
          [
            78.4908497,
            17.3576956
          ],
          [
            78.4907581,
            17.3577645
          ],
          [
            78.4905971,
            17.3579235
          ],
          [
            78.4904539,
            17.3581024
          ]
        ]
      },
      "id": "way/27935994"
    },
    {
      "type": "Feature",
      "properties": {
        "@id": "way/27936441",
        "waterway": "stream"
      },
      "geometry": {
        "type": "LineString",
        "coordinates": [
          [
            78.4812936,
            17.3730768
          ],
          [
            78.4811815,
            17.3735665
          ],
          [
            78.4811263,
            17.3742022
          ],
          [
            78.4812239,
            17.374676
          ],
          [
            78.4813173,
            17.3752388
          ],
          [
            78.4814106,
            17.3758745
          ],
          [
            78.4815418,
            17.3761895
          ],
          [
            78.481699,
            17.3765177
          ],
          [
            78.4819058,
            17.3768702
          ],
          [
            78.48203,
            17.3771824
          ],
          [
            78.4822507,
            17.3775468
          ],
          [
            78.4824755,
            17.3777614
          ],
          [
            78.4825731,
            17.3779436
          ],
          [
            78.4830186,
            17.3786562
          ],
          [
            78.4832901,
            17.3790045
          ],
          [
            78.4835786,
            17.3795349
          ],
          [
            78.4838587,
            17.3798426
          ],
          [
            78.4841684,
            17.3800613
          ],
          [
            78.4846393,
            17.3802435
          ],
          [
            78.4849787,
            17.3802516
          ],
          [
            78.4853351,
            17.3803447
          ],
          [
            78.4857424,
            17.3802961
          ],
          [
            78.4860734,
            17.3803204
          ],
          [
            78.4863958,
            17.3802354
          ],
          [
            78.4867055,
            17.3800856
          ],
          [
            78.4868116,
            17.3800127
          ],
          [
            78.4865825,
            17.3798345
          ],
          [
            78.486434,
            17.3796847
          ],
          [
            78.4865401,
            17.3796159
          ],
          [
            78.4867183,
            17.3796604
          ],
          [
            78.487011,
            17.3795389
          ],
          [
            78.4872444,
            17.3793041
          ],
          [
            78.487622,
            17.3791826
          ],
          [
            78.4881923,
            17.3789695
          ]
        ]
      },
      "id": "way/27936441"
    },
    {
      "type": "Feature",
      "properties": {
        "@id": "way/27937120",
        "name": "Musi River",
        "name:fa": "رودخانه موسی",
        "waterway": "river"
      },
      "geometry": {
        "type": "LineString",
        "coordinates": [
          [
            78.551829,
            17.3801502
          ],
          [
            78.5521026,
            17.3802567
          ],
          [
            78.5525157,
            17.3805386
          ],
          [
            78.5530548,
            17.380673
          ],
          [
            78.5536543,
            17.3806679
          ],
          [
            78.5541558,
            17.3808522
          ],
          [
            78.5546708,
            17.3810941
          ],
          [
            78.5553762,
            17.3813859
          ],
          [
            78.5559797,
            17.3818006
          ],
          [
            78.5567844,
            17.3821717
          ],
          [
            78.5573557,
            17.3825173
          ],
          [
            78.5580512,
            17.3829388
          ],
          [
            78.5589087,
            17.3834158
          ],
          [
            78.5589999,
            17.3835181
          ],
          [
            78.5592198,
            17.3838151
          ],
          [
            78.5594183,
            17.3839533
          ],
          [
            78.5596973,
            17.3840659
          ],
          [
            78.5603195,
            17.384542
          ],
          [
            78.5610169,
            17.3850744
          ],
          [
            78.5626638,
            17.3860727
          ],
          [
            78.5632002,
            17.3862212
          ],
          [
            78.5646701,
            17.3861239
          ],
          [
            78.5659522,
            17.3860676
          ],
          [
            78.566899,
            17.3862237
          ],
          [
            78.569737,
            17.387025
          ],
          [
            78.5720529,
            17.3876766
          ],
          [
            78.574156,
            17.3882136
          ],
          [
            78.5755696,
            17.3885017
          ],
          [
            78.576911,
            17.3888978
          ],
          [
            78.5775676,
            17.3891861
          ],
          [
            78.5778049,
            17.3892902
          ],
          [
            78.5786197,
            17.3895821
          ],
          [
            78.5795322,
            17.3896423
          ],
          [
            78.5802596,
            17.3896902
          ],
          [
            78.5813854,
            17.3895937
          ],
          [
            78.5821474,
            17.3894079
          ],
          [
            78.5828327,
            17.3892101
          ],
          [
            78.583931,
            17.3888283
          ],
          [
            78.5858395,
            17.3881526
          ],
          [
            78.5871389,
            17.3879157
          ],
          [
            78.5881727,
            17.3877748
          ],
          [
            78.5915577,
            17.3875293
          ],
          [
            78.592728,
            17.387503
          ],
          [
            78.5940564,
            17.3875317
          ],
          [
            78.5957032,
            17.3876264
          ],
          [
            78.5972865,
            17.3876827
          ],
          [
            78.5974585,
            17.3876713
          ],
          [
            78.5975432,
            17.3876674
          ],
          [
            78.5978155,
            17.3876251
          ],
          [
            78.5986027,
            17.3877736
          ],
          [
            78.5989594,
            17.3878875
          ],
          [
            78.5993725,
            17.3878786
          ],
          [
            78.5998446,
            17.3877813
          ],
          [
            78.6003958,
            17.3876712
          ],
          [
            78.6007941,
            17.387629
          ],
          [
            78.6016765,
            17.387629
          ],
          [
            78.6024812,
            17.387574
          ],
          [
            78.6037391,
            17.3874281
          ],
          [
            78.6046015,
            17.3873167
          ],
          [
            78.6048777,
            17.3873212
          ],
          [
            78.6051393,
            17.3873167
          ],
          [
            78.6054021,
            17.3872886
          ],
          [
            78.6055657,
            17.3872271
          ],
          [
            78.6057233,
            17.3870966
          ],
          [
            78.6058574,
            17.3870428
          ],
          [
            78.6060137,
            17.3869974
          ],
          [
            78.6063838,
            17.3869827
          ],
          [
            78.606986,
            17.3869724
          ],
          [
            78.6080414,
            17.3870403
          ],
          [
            78.6085564,
            17.3870556
          ],
          [
            78.6094791,
            17.3869904
          ],
          [
            78.610218,
            17.3871299
          ],
          [
            78.6106002,
            17.3872924
          ],
          [
            78.6109436,
            17.3873589
          ],
          [
            78.6111675,
            17.3873615
          ],
          [
            78.6116865,
            17.3872591
          ],
          [
            78.6123598,
            17.3872066
          ],
          [
            78.6127433,
            17.387103
          ],
          [
            78.6130625,
            17.3869635
          ],
          [
            78.6134474,
            17.3869212
          ],
          [
            78.6137585,
            17.3869212
          ],
          [
            78.6143178,
            17.3868944
          ],
          [
            78.615168,
            17.3867024
          ],
          [
            78.6157849,
            17.386536
          ],
          [
            78.616375,
            17.3864362
          ],
          [
            78.6169893,
            17.3864132
          ],
          [
            78.6177751,
            17.3863543
          ],
          [
            78.6185127,
            17.3861981
          ],
          [
            78.619194,
            17.3860702
          ],
          [
            78.6202401,
            17.3860062
          ],
          [
            78.6209857,
            17.3860548
          ],
          [
            78.6225978,
            17.3859499
          ],
          [
            78.6237833,
            17.3858603
          ],
          [
            78.6258969,
            17.3854251
          ],
          [
            78.6272889,
            17.3853458
          ],
          [
            78.6279595,
            17.3852997
          ],
          [
            78.6289251,
            17.3850642
          ],
          [
            78.6302367,
            17.3847289
          ],
          [
            78.6314142,
            17.3843014
          ],
          [
            78.6334526,
            17.3836769
          ],
          [
            78.6345738,
            17.3834158
          ],
          [
            78.635636,
            17.3832417
          ],
          [
            78.6362958,
            17.3831803
          ],
          [
            78.6370307,
            17.3832199
          ],
          [
            78.6372694,
            17.3832545
          ],
          [
            78.6374947,
            17.3833185
          ],
          [
            78.637661,
            17.3834439
          ],
          [
            78.6378381,
            17.3835821
          ],
          [
            78.6382203,
            17.3837127
          ],
          [
            78.6384952,
            17.3837844
          ],
          [
            78.6388908,
            17.3839226
          ],
          [
            78.639379,
            17.3840288
          ],
          [
            78.6396995,
            17.3840877
          ],
          [
            78.6403446,
            17.3842361
          ],
          [
            78.6407872,
            17.3842643
          ],
          [
            78.6412458,
            17.3842285
          ],
          [
            78.6416227,
            17.3842579
          ],
          [
            78.6419941,
            17.3843565
          ],
          [
            78.6424394,
            17.3845062
          ],
          [
            78.6434466,
            17.3850437
          ],
          [
            78.6439106,
            17.385205
          ],
          [
            78.6444765,
            17.3853534
          ],
          [
            78.6451766,
            17.3854482
          ],
          [
            78.6463433,
            17.3857272
          ],
          [
            78.64703,
            17.3857297
          ],
          [
            78.6479915,
            17.3855031
          ],
          [
            78.6487225,
            17.3853714
          ],
          [
            78.6498061,
            17.3851973
          ],
          [
            78.6508173,
            17.3848901
          ],
          [
            78.6519062,
            17.3843398
          ],
          [
            78.6529389,
            17.3835437
          ],
          [
            78.6535474,
            17.3828652
          ],
          [
            78.6538026,
            17.3825045
          ],
          [
            78.6541781,
            17.3822613
          ],
          [
            78.6544061,
            17.3819618
          ],
          [
            78.6546233,
            17.3816508
          ],
          [
            78.6549224,
            17.3812643
          ],
          [
            78.6551088,
            17.3809981
          ],
          [
            78.6552684,
            17.3808496
          ],
          [
            78.6557405,
            17.3806602
          ],
          [
            78.6560127,
            17.3806039
          ],
          [
            78.6564781,
            17.38049
          ],
          [
            78.6568952,
            17.3802635
          ],
          [
            78.6574343,
            17.3798629
          ],
          [
            78.6579332,
            17.3794802
          ],
          [
            78.6583127,
            17.379228
          ],
          [
            78.6589739,
            17.3789285
          ],
          [
            78.659631,
            17.3786444
          ],
          [
            78.6601809,
            17.3784767
          ],
          [
            78.6604665,
            17.3783987
          ],
          [
            78.6607508,
            17.3783692
          ],
          [
            78.6611344,
            17.3784179
          ],
          [
            78.6613624,
            17.3784243
          ],
          [
            78.6615723,
            17.3784287
          ],
          [
            78.6617761,
            17.3784294
          ],
          [
            78.6619578,
            17.3784192
          ],
          [
            78.662053,
            17.3784064
          ],
          [
            78.6621912,
            17.3783641
          ],
          [
            78.6624084,
            17.3782976
          ],
          [
            78.6625734,
            17.378295
          ],
          [
            78.6628295,
            17.3783628
          ],
          [
            78.6641036,
            17.3790003
          ],
          [
            78.6645569,
            17.3791474
          ],
          [
            78.6652087,
            17.3793368
          ],
          [
            78.6656579,
            17.3794123
          ],
          [
            78.6660106,
            17.3795058
          ],
          [
            78.6664478,
            17.3797259
          ],
          [
            78.666696,
            17.380051
          ],
          [
            78.6668032,
            17.3802033
          ],
          [
            78.6669467,
            17.3803083
          ],
          [
            78.6673182,
            17.3805169
          ],
          [
            78.6676817,
            17.380705
          ],
          [
            78.6680062,
            17.3808855
          ],
          [
            78.6684005,
            17.3810595
          ],
          [
            78.6687586,
            17.3811568
          ],
          [
            78.6693299,
            17.3812605
          ],
          [
            78.669759,
            17.3813808
          ],
          [
            78.6700997,
            17.3815062
          ],
          [
            78.6705261,
            17.381775
          ],
          [
            78.671127,
            17.3822153
          ],
          [
            78.6721301,
            17.3830881
          ],
          [
            78.672334,
            17.383385
          ],
          [
            78.6724949,
            17.3837895
          ],
          [
            78.6726344,
            17.3840352
          ],
          [
            78.6730581,
            17.3844396
          ],
          [
            78.6732741,
            17.3846994
          ],
          [
            78.6734846,
            17.3849593
          ],
          [
            78.6736187,
            17.3852383
          ],
          [
            78.673681,
            17.3854241
          ],
          [
            78.673726,
            17.3855582
          ],
          [
            78.673836,
            17.3861521
          ],
          [
            78.673887,
            17.3864285
          ],
          [
            78.6738977,
            17.3866896
          ],
          [
            78.6738239,
            17.3869379
          ],
          [
            78.6737582,
            17.387135
          ],
          [
            78.6736295,
            17.3874396
          ],
          [
            78.6735329,
            17.3877608
          ],
          [
            78.6734618,
            17.38805
          ],
          [
            78.6734565,
            17.388361
          ],
          [
            78.6735155,
            17.3886669
          ],
          [
            78.6735678,
            17.3889242
          ],
          [
            78.6735973,
            17.3890726
          ],
          [
            78.6735758,
            17.3891904
          ],
          [
            78.6735302,
            17.3893055
          ],
          [
            78.6734122,
            17.3894182
          ],
          [
            78.6731896,
            17.3895845
          ],
          [
            78.6730823,
            17.3897381
          ],
          [
            78.6730555,
            17.3898507
          ],
          [
            78.6730474,
            17.3900478
          ],
          [
            78.6730716,
            17.3902654
          ],
          [
            78.6730742,
            17.3904062
          ],
          [
            78.6730877,
            17.3905854
          ],
          [
            78.6730903,
            17.3907005
          ],
          [
            78.6731252,
            17.3909053
          ],
          [
            78.6731628,
            17.3910589
          ],
          [
            78.6732405,
            17.3913558
          ],
          [
            78.6733398,
            17.391686
          ],
          [
            78.6734793,
            17.3925127
          ],
          [
            78.673718,
            17.3934009
          ],
          [
            78.6737636,
            17.3936185
          ],
          [
            78.6737891,
            17.393758
          ],
          [
            78.6738239,
            17.3941598
          ],
          [
            78.6738735,
            17.3943761
          ],
          [
            78.6739325,
            17.3945245
          ],
          [
            78.6739755,
            17.3946192
          ],
          [
            78.6740398,
            17.3947754
          ],
          [
            78.674182,
            17.395126
          ],
          [
            78.6744717,
            17.3959976
          ],
          [
            78.6746085,
            17.3963418
          ],
          [
            78.6747064,
            17.3966157
          ],
          [
            78.6748137,
            17.3969638
          ],
          [
            78.6748807,
            17.3973144
          ],
          [
            78.6749411,
            17.3977086
          ],
          [
            78.6750014,
            17.397953
          ],
          [
            78.6751047,
            17.3981923
          ],
          [
            78.6753032,
            17.3987055
          ],
          [
            78.6755499,
            17.3993748
          ],
          [
            78.6762124,
            17.4010717
          ],
          [
            78.6764887,
            17.4017039
          ],
          [
            78.6766805,
            17.4019791
          ],
          [
            78.6769152,
            17.4021826
          ],
          [
            78.6772692,
            17.4023566
          ],
          [
            78.67752,
            17.4023822
          ],
          [
            78.6777413,
            17.4022952
          ],
          [
            78.677972,
            17.4020623
          ],
          [
            78.6781383,
            17.4019432
          ],
          [
            78.6783166,
            17.4018882
          ],
          [
            78.6786063,
            17.4019176
          ],
          [
            78.679018,
            17.4020699
          ],
          [
            78.6793828,
            17.4023694
          ],
          [
            78.679651,
            17.4026791
          ],
          [
            78.6802733,
            17.4036363
          ],
          [
            78.6804932,
            17.403923
          ],
          [
            78.6812067,
            17.4044041
          ],
          [
            78.681491,
            17.4045475
          ],
          [
            78.6819041,
            17.4047369
          ],
          [
            78.6822152,
            17.4048085
          ],
          [
            78.6824298,
            17.4048034
          ],
          [
            78.6829823,
            17.4047676
          ],
          [
            78.6833149,
            17.4047829
          ],
          [
            78.6836368,
            17.4048828
          ],
          [
            78.6839667,
            17.4049851
          ],
          [
            78.6846319,
            17.4050312
          ],
          [
            78.684909,
            17.4049973
          ],
          [
            78.6852461,
            17.405108
          ],
          [
            78.6856055,
            17.4053434
          ],
          [
            78.685914,
            17.4054816
          ],
          [
            78.6862841,
            17.4055226
          ],
          [
            78.6869118,
            17.4054586
          ],
          [
            78.6877057,
            17.4052564
          ],
          [
            78.6880758,
            17.4050568
          ],
          [
            78.6884433,
            17.4048827
          ],
          [
            78.6890066,
            17.4047727
          ],
          [
            78.6894491,
            17.4046268
          ]
        ]
      },
      "id": "way/27937120"
    },
    {
      "type": "Feature",
      "properties": {
        "@id": "way/27955170",
        "name": "Esi River",
        "name:te": "ఎసి నది",
        "name:ur": "دریا عیسی",
        "waterway": "river"
      },
      "geometry": {
        "type": "LineString",
        "coordinates": [
          [
            78.3621672,
            17.3303707
          ],
          [
            78.3642621,
            17.3312019
          ],
          [
            78.3642953,
            17.3312158
          ],
          [
            78.3644217,
            17.3312646
          ],
          [
            78.3651298,
            17.3315053
          ],
          [
            78.3656006,
            17.3316704
          ],
          [
            78.365909,
            17.3318394
          ],
          [
            78.3661772,
            17.3321313
          ],
          [
            78.3663556,
            17.3323566
          ],
          [
            78.3665849,
            17.3326997
          ],
          [
            78.3667982,
            17.332934
          ],
          [
            78.3671696,
            17.3330377
          ],
          [
            78.3674861,
            17.3329852
          ],
          [
            78.3677866,
            17.3328726
          ],
          [
            78.3680239,
            17.332733
          ],
          [
            78.3682251,
            17.3323682
          ],
          [
            78.3683619,
            17.3320289
          ],
          [
            78.3687025,
            17.3306066
          ],
          [
            78.3692135,
            17.3295504
          ],
          [
            78.3698183,
            17.3281588
          ],
          [
            78.3701375,
            17.3277913
          ],
          [
            78.3704165,
            17.3276083
          ],
          [
            78.3706873,
            17.3275571
          ],
          [
            78.3710575,
            17.3276185
          ],
          [
            78.3712962,
            17.3276953
          ],
          [
            78.3715966,
            17.3277465
          ],
          [
            78.3717763,
            17.3277389
          ],
          [
            78.371897,
            17.3276825
          ],
          [
            78.3720472,
            17.3276262
          ],
          [
            78.3722591,
            17.3275775
          ],
          [
            78.3725944,
            17.3275596
          ],
          [
            78.373501,
            17.3278285
          ],
          [
            78.3738202,
            17.327895
          ],
          [
            78.3741769,
            17.3279309
          ],
          [
            78.3746999,
            17.3280564
          ],
          [
            78.3749682,
            17.3281357
          ],
          [
            78.3752298,
            17.3281752
          ],
          [
            78.3755797,
            17.3281741
          ],
          [
            78.3762449,
            17.328041
          ],
          [
            78.3767921,
            17.3280666
          ],
          [
            78.3771193,
            17.3281127
          ],
          [
            78.3775485,
            17.3281434
          ],
          [
            78.3782405,
            17.3281844
          ],
          [
            78.3793026,
            17.3282758
          ],
          [
            78.3800054,
            17.3284251
          ],
          [
            78.3808154,
            17.328635
          ],
          [
            78.3814055,
            17.3287733
          ],
          [
            78.3819687,
            17.328886
          ],
          [
            78.3825159,
            17.3289474
          ],
          [
            78.383106,
            17.3289525
          ],
          [
            78.3837819,
            17.3289986
          ],
          [
            78.3842198,
            17.32905
          ],
          [
            78.3847494,
            17.329073
          ],
          [
            78.3855782,
            17.3292182
          ],
          [
            78.3863032,
            17.3294288
          ],
          [
            78.3867565,
            17.3296797
          ],
          [
            78.3871534,
            17.3299357
          ],
          [
            78.38736,
            17.3300996
          ],
          [
            78.3877248,
            17.3303505
          ],
          [
            78.3879769,
            17.3304888
          ],
          [
            78.3881217,
            17.330563
          ],
          [
            78.3884731,
            17.3306347
          ],
          [
            78.3887547,
            17.330668
          ],
          [
            78.3893529,
            17.3306322
          ],
          [
            78.3898383,
            17.3306168
          ],
          [
            78.3902192,
            17.3306271
          ],
          [
            78.390702,
            17.3306373
          ],
          [
            78.390981,
            17.3306424
          ],
          [
            78.3915442,
            17.3305912
          ],
          [
            78.3920324,
            17.3305605
          ],
          [
            78.3923113,
            17.33054
          ],
          [
            78.3928746,
            17.3304581
          ],
          [
            78.3937865,
            17.3303147
          ],
          [
            78.394559,
            17.330371
          ],
          [
            78.3949238,
            17.3304632
          ],
          [
            78.3956172,
            17.3306245
          ],
          [
            78.396159,
            17.3307973
          ],
          [
            78.3967826,
            17.3311443
          ],
          [
            78.3972681,
            17.3315527
          ],
          [
            78.3975899,
            17.3319457
          ],
          [
            78.3977307,
            17.3323438
          ],
          [
            78.3979198,
            17.3333309
          ],
          [
            78.3981316,
            17.3348042
          ],
          [
            78.3982444,
            17.3356506
          ],
          [
            78.3985058,
            17.336963
          ],
          [
            78.3987004,
            17.3381085
          ],
          [
            78.3992207,
            17.3415547
          ],
          [
            78.3993977,
            17.3429577
          ],
          [
            78.3997357,
            17.3442046
          ],
          [
            78.4004813,
            17.346071
          ],
          [
            78.4011787,
            17.3477018
          ],
          [
            78.4012082,
            17.3479719
          ],
          [
            78.4012096,
            17.3483381
          ],
          [
            78.4012498,
            17.3486747
          ],
          [
            78.4013249,
            17.3489871
          ],
          [
            78.4015703,
            17.3494146
          ],
          [
            78.4019854,
            17.349901
          ],
          [
            78.4022985,
            17.3502262
          ],
          [
            78.4027424,
            17.3506089
          ],
          [
            78.4031448,
            17.3509699
          ],
          [
            78.4036031,
            17.3513324
          ],
          [
            78.4040445,
            17.3516005
          ],
          [
            78.4045081,
            17.3519081
          ],
          [
            78.4046422,
            17.3520846
          ],
          [
            78.4047378,
            17.3522553
          ],
          [
            78.4048255,
            17.3527151
          ],
          [
            78.4049579,
            17.3529161
          ],
          [
            78.4052083,
            17.3531429
          ],
          [
            78.4054986,
            17.3533059
          ],
          [
            78.4060123,
            17.3536865
          ],
          [
            78.4061606,
            17.3538722
          ],
          [
            78.4065291,
            17.3541996
          ],
          [
            78.4070188,
            17.354702
          ],
          [
            78.4073937,
            17.3551283
          ],
          [
            78.4079193,
            17.3556506
          ],
          [
            78.4081019,
            17.3558531
          ],
          [
            78.4083779,
            17.3560997
          ],
          [
            78.408472,
            17.3561926
          ],
          [
            78.4085853,
            17.3563616
          ],
          [
            78.4087001,
            17.3565808
          ],
          [
            78.4087687,
            17.3568001
          ],
          [
            78.4090128,
            17.3572918
          ],
          [
            78.4092185,
            17.3575659
          ],
          [
            78.4095775,
            17.3580775
          ],
          [
            78.409863,
            17.3584748
          ],
          [
            78.4100129,
            17.3586423
          ],
          [
            78.4100831,
            17.3588113
          ],
          [
            78.4101469,
            17.3590115
          ],
          [
            78.4102299,
            17.3592391
          ],
          [
            78.4104028,
            17.359609
          ],
          [
            78.410545,
            17.359824
          ],
          [
            78.4106389,
            17.3599136
          ],
          [
            78.410663,
            17.3599981
          ],
          [
            78.4106362,
            17.3601491
          ],
          [
            78.4105611,
            17.3602695
          ],
          [
            78.4104592,
            17.3604205
          ],
          [
            78.4103975,
            17.3606074
          ],
          [
            78.4103734,
            17.3607829
          ],
          [
            78.4103256,
            17.3608575
          ],
          [
            78.4102179,
            17.3609466
          ],
          [
            78.4100895,
            17.3610372
          ],
          [
            78.4100089,
            17.3611415
          ],
          [
            78.4099563,
            17.3612412
          ],
          [
            78.4098821,
            17.3614475
          ],
          [
            78.4097808,
            17.3615883
          ],
          [
            78.4096859,
            17.3616576
          ],
          [
            78.4095918,
            17.361669
          ],
          [
            78.4095001,
            17.3616713
          ],
          [
            78.4093693,
            17.361752
          ],
          [
            78.4092154,
            17.3619355
          ],
          [
            78.4089649,
            17.3622537
          ],
          [
            78.4089107,
            17.3624805
          ],
          [
            78.4089027,
            17.362852
          ],
          [
            78.4087783,
            17.3633194
          ],
          [
            78.4085916,
            17.3636924
          ],
          [
            78.4083779,
            17.3639223
          ],
          [
            78.408204,
            17.3641857
          ],
          [
            78.4079839,
            17.3646957
          ],
          [
            78.4078371,
            17.3651737
          ],
          [
            78.4077781,
            17.3655285
          ],
          [
            78.4077765,
            17.3658847
          ],
          [
            78.4078084,
            17.3661329
          ],
          [
            78.4079376,
            17.3667495
          ],
          [
            78.4081482,
            17.3672519
          ],
          [
            78.4083452,
            17.3676325
          ],
          [
            78.4085597,
            17.3679918
          ],
          [
            78.4087113,
            17.3681349
          ],
          [
            78.4089075,
            17.3682582
          ],
          [
            78.4090511,
            17.3683709
          ],
          [
            78.4091372,
            17.3684729
          ],
          [
            78.4092233,
            17.3686936
          ],
          [
            78.4092233,
            17.3688778
          ],
          [
            78.409252,
            17.3690666
          ],
          [
            78.4093749,
            17.3694289
          ],
          [
            78.4094594,
            17.3697212
          ],
          [
            78.4094897,
            17.3699176
          ],
          [
            78.4095089,
            17.3699983
          ],
          [
            78.4095695,
            17.370076
          ],
          [
            78.4098598,
            17.3703378
          ],
          [
            78.4102442,
            17.3705464
          ],
          [
            78.4103623,
            17.3706195
          ],
          [
            78.4105026,
            17.3706636
          ],
          [
            78.4109477,
            17.3707123
          ],
          [
            78.4111184,
            17.3707702
          ],
          [
            78.4113337,
            17.3708646
          ],
          [
            78.4116049,
            17.3709437
          ],
          [
            78.4117357,
            17.3710305
          ],
          [
            78.4120202,
            17.3712004
          ],
          [
            78.4122509,
            17.3712465
          ],
          [
            78.4124592,
            17.3712275
          ]
        ]
      },
      "id": "way/27955170"
    },
    {
      "type": "Feature",
      "properties": {
        "@id": "way/28095682",
        "name": "Ashoknagar Nala",
        "waterway": "canal"
      },
      "geometry": {
        "type": "LineString",
        "coordinates": [
          [
            78.486186,
            17.4243229
          ],
          [
            78.4864247,
            17.424218
          ],
          [
            78.4864998,
            17.4241336
          ],
          [
            78.4865228,
            17.4240096
          ],
          [
            78.4865207,
            17.4238273
          ],
          [
            78.4864008,
            17.4230991
          ],
          [
            78.486354,
            17.4228091
          ],
          [
            78.4863622,
            17.4226074
          ],
          [
            78.4864496,
            17.4222835
          ],
          [
            78.4865471,
            17.4221051
          ],
          [
            78.4876914,
            17.4206832
          ],
          [
            78.4884043,
            17.4196688
          ],
          [
            78.4886993,
            17.4186895
          ],
          [
            78.4890127,
            17.4180973
          ],
          [
            78.4890559,
            17.4179096
          ],
          [
            78.4890559,
            17.417751
          ],
          [
            78.4890023,
            17.4175002
          ],
          [
            78.4888923,
            17.4171777
          ],
          [
            78.4888306,
            17.4169883
          ],
          [
            78.4887877,
            17.4167017
          ],
          [
            78.4887546,
            17.4160449
          ],
          [
            78.4887608,
            17.4153206
          ],
          [
            78.4887323,
            17.4150569
          ],
          [
            78.4886551,
            17.4148105
          ],
          [
            78.4884823,
            17.4145215
          ],
          [
            78.4882181,
            17.4140405
          ],
          [
            78.4881306,
            17.4138349
          ],
          [
            78.4880148,
            17.4136953
          ],
          [
            78.487842,
            17.413544
          ],
          [
            78.487781,
            17.4134354
          ],
          [
            78.4877443,
            17.413262
          ],
          [
            78.4876611,
            17.4120353
          ],
          [
            78.4876734,
            17.4119294
          ],
          [
            78.4877088,
            17.4117957
          ],
          [
            78.4879938,
            17.4113528
          ],
          [
            78.4880474,
            17.4112018
          ],
          [
            78.4881091,
            17.4109459
          ],
          [
            78.4882015,
            17.4103333
          ],
          [
            78.4883183,
            17.4096892
          ],
          [
            78.4883371,
            17.4093053
          ],
          [
            78.4883022,
            17.4091108
          ],
          [
            78.4880294,
            17.4082691
          ],
          [
            78.4877406,
            17.4070024
          ],
          [
            78.4876852,
            17.4068198
          ],
          [
            78.487335,
            17.4056654
          ],
          [
            78.487169,
            17.4047916
          ],
          [
            78.4875624,
            17.4044984
          ],
          [
            78.4879434,
            17.4040762
          ],
          [
            78.4882726,
            17.4034327
          ],
          [
            78.4886686,
            17.4033373
          ],
          [
            78.4899592,
            17.4034076
          ],
          [
            78.4908564,
            17.403437
          ],
          [
            78.4916062,
            17.4029971
          ],
          [
            78.4923191,
            17.4023638
          ],
          [
            78.4931058,
            17.4013492
          ],
          [
            78.4936896,
            17.4004637
          ],
          [
            78.4941936,
            17.3993495
          ],
          [
            78.4948757,
            17.3984698
          ],
          [
            78.4956439,
            17.3973321
          ],
          [
            78.4961848,
            17.3967867
          ],
          [
            78.496787,
            17.3963175
          ],
          [
            78.497543,
            17.3959246
          ],
          [
            78.4982927,
            17.3955551
          ],
          [
            78.4990056,
            17.3953029
          ],
          [
            78.4993805,
            17.3954671
          ],
          [
            78.5008186,
            17.3953322
          ],
          [
            78.5019003,
            17.3949979
          ],
          [
            78.5031232,
            17.3946754
          ],
          [
            78.5042418,
            17.3940186
          ],
          [
            78.5044937,
            17.3937957
          ],
          [
            78.5047457,
            17.3927342
          ],
          [
            78.5047949,
            17.3916375
          ],
          [
            78.5044999,
            17.3906698
          ],
          [
            78.5044937,
            17.3898898
          ],
          [
            78.5048317,
            17.389403
          ],
          [
            78.5050837,
            17.3889045
          ],
          [
            78.5056983,
            17.3878136
          ],
          [
            78.5056016,
            17.387367
          ],
          [
            78.5054586,
            17.3870555
          ],
          [
            78.5054955,
            17.3862301
          ],
          [
            78.50573,
            17.3859018
          ],
          [
            78.5059087,
            17.3856937
          ]
        ]
      },
      "id": "way/28095682"
    },
    {
      "type": "Feature",
      "properties": {
        "@id": "way/28475564",
        "waterway": "stream"
      },
      "geometry": {
        "type": "LineString",
        "coordinates": [
          [
            78.5298713,
            17.3686503
          ],
          [
            78.5296772,
            17.3689691
          ],
          [
            78.5296843,
            17.3692247
          ],
          [
            78.5298687,
            17.3697751
          ],
          [
            78.5297988,
            17.3704688
          ],
          [
            78.529799,
            17.3705014
          ],
          [
            78.5298015,
            17.3709785
          ],
          [
            78.5298043,
            17.3714933
          ],
          [
            78.5297651,
            17.3720151
          ],
          [
            78.5298681,
            17.3724572
          ],
          [
            78.5300075,
            17.3725638
          ],
          [
            78.5304947,
            17.3724703
          ],
          [
            78.5305388,
            17.3725119
          ],
          [
            78.5307507,
            17.3727123
          ],
          [
            78.5311939,
            17.372821
          ],
          [
            78.53123,
            17.3730622
          ],
          [
            78.5314646,
            17.3733492
          ],
          [
            78.531914,
            17.3736571
          ]
        ]
      },
      "id": "way/28475564"
    },
    {
      "type": "Feature",
      "properties": {
        "@id": "way/28476533",
        "waterway": "canal"
      },
      "geometry": {
        "type": "LineString",
        "coordinates": [
          [
            78.4661314,
            17.5197417
          ],
          [
            78.4659737,
            17.519009
          ],
          [
            78.4658398,
            17.5185807
          ],
          [
            78.4655324,
            17.5182726
          ],
          [
            78.465493,
            17.5176225
          ],
          [
            78.4650833,
            17.5166531
          ],
          [
            78.4650123,
            17.5162698
          ],
          [
            78.4649099,
            17.5159504
          ],
          [
            78.4651069,
            17.5158828
          ],
          [
            78.4652093,
            17.5158828
          ],
          [
            78.4653433,
            17.5157776
          ],
          [
            78.4654142,
            17.5156122
          ],
          [
            78.465343,
            17.5155398
          ],
          [
            78.4652615,
            17.5154697
          ],
          [
            78.4652126,
            17.5153518
          ],
          [
            78.4652409,
            17.515244
          ],
          [
            78.4652555,
            17.5151446
          ],
          [
            78.4652833,
            17.515005
          ],
          [
            78.4654064,
            17.5146578
          ],
          [
            78.4656349,
            17.5138086
          ],
          [
            78.465296,
            17.5130533
          ],
          [
            78.4649729,
            17.5123281
          ],
          [
            78.4649493,
            17.5121177
          ],
          [
            78.464902,
            17.511772
          ],
          [
            78.4649729,
            17.5116029
          ],
          [
            78.4653275,
            17.5114075
          ],
          [
            78.4656112,
            17.5113248
          ],
          [
            78.4655876,
            17.5112046
          ],
          [
            78.4655718,
            17.510919
          ],
          [
            78.4656979,
            17.5106484
          ],
          [
            78.4662732,
            17.5096451
          ],
          [
            78.4666751,
            17.5089162
          ],
          [
            78.4668012,
            17.5087433
          ],
          [
            78.4669903,
            17.5084502
          ],
          [
            78.4669824,
            17.5082022
          ],
          [
            78.4669509,
            17.5079617
          ],
          [
            78.4668642,
            17.507601
          ],
          [
            78.4668958,
            17.5072327
          ],
          [
            78.4673607,
            17.5064924
          ],
          [
            78.4680193,
            17.5058137
          ],
          [
            78.4681205,
            17.5057523
          ],
          [
            78.4681942,
            17.5056382
          ],
          [
            78.4681942,
            17.5055065
          ],
          [
            78.4681573,
            17.5053748
          ],
          [
            78.4680561,
            17.5051729
          ],
          [
            78.4678491,
            17.505003
          ],
          [
            78.4675774,
            17.5048129
          ],
          [
            78.4673197,
            17.5046549
          ],
          [
            78.467246,
            17.5045935
          ],
          [
            78.4671079,
            17.5045671
          ],
          [
            78.4668962,
            17.5044969
          ],
          [
            78.4666845,
            17.504532
          ],
          [
            78.4662334,
            17.5046637
          ],
          [
            78.4658468,
            17.5046198
          ],
          [
            78.4657363,
            17.5045408
          ],
          [
            78.4655154,
            17.5042511
          ],
          [
            78.4652393,
            17.5040579
          ],
          [
            78.4650183,
            17.5038297
          ],
          [
            78.4648987,
            17.5035575
          ],
          [
            78.4646133,
            17.5032459
          ],
          [
            78.4642911,
            17.5031581
          ],
          [
            78.4641622,
            17.5030352
          ],
          [
            78.4640702,
            17.5028508
          ],
          [
            78.4639781,
            17.5027016
          ],
          [
            78.4638401,
            17.5026401
          ],
          [
            78.4634903,
            17.5025523
          ],
          [
            78.4631405,
            17.5023855
          ],
          [
            78.462984,
            17.5022977
          ],
          [
            78.4627078,
            17.5019817
          ],
          [
            78.4622752,
            17.5017534
          ],
          [
            78.4621279,
            17.5014988
          ],
          [
            78.4620634,
            17.5012969
          ],
          [
            78.4618609,
            17.5009545
          ],
          [
            78.4616308,
            17.5007789
          ],
          [
            78.461327,
            17.5006824
          ],
          [
            78.4611964,
            17.5006605
          ],
          [
            78.4609956,
            17.5006209
          ],
          [
            78.4608023,
            17.5005419
          ],
          [
            78.4605722,
            17.500419
          ],
          [
            78.460563,
            17.5002083
          ],
          [
            78.460609,
            17.4999976
          ],
          [
            78.460655,
            17.4998834
          ],
          [
            78.460528,
            17.4997008
          ],
          [
            78.4603308,
            17.4994571
          ],
          [
            78.4601997,
            17.499308
          ],
          [
            78.4600291,
            17.4991455
          ],
          [
            78.4599627,
            17.4991039
          ],
          [
            78.4598899,
            17.4990888
          ],
          [
            78.4597445,
            17.4991082
          ],
          [
            78.4596167,
            17.4990676
          ],
          [
            78.4594996,
            17.499018
          ],
          [
            78.4593759,
            17.4989621
          ],
          [
            78.4592978,
            17.4988938
          ],
          [
            78.4591871,
            17.4989062
          ],
          [
            78.4590635,
            17.4989869
          ],
          [
            78.4588747,
            17.4991359
          ],
          [
            78.458764,
            17.4992601
          ],
          [
            78.4585362,
            17.4993035
          ],
          [
            78.4583407,
            17.499154
          ],
          [
            78.4582758,
            17.4990801
          ],
          [
            78.4582368,
            17.4988814
          ],
          [
            78.4581587,
            17.4988566
          ],
          [
            78.458035,
            17.4987759
          ],
          [
            78.4578983,
            17.4986765
          ],
          [
            78.4577681,
            17.4986765
          ],
          [
            78.4574817,
            17.4986455
          ],
          [
            78.4572409,
            17.4986021
          ],
          [
            78.4570717,
            17.4981147
          ],
          [
            78.4570209,
            17.4978849
          ],
          [
            78.4570952,
            17.4977396
          ],
          [
            78.4571498,
            17.4976926
          ],
          [
            78.457332,
            17.4975995
          ],
          [
            78.4574014,
            17.4975582
          ],
          [
            78.4574449,
            17.4974319
          ],
          [
            78.4575468,
            17.4971897
          ],
          [
            78.4575488,
            17.4970232
          ],
          [
            78.4575208,
            17.496988
          ],
          [
            78.457306,
            17.4969445
          ],
          [
            78.4571042,
            17.4968266
          ],
          [
            78.4570417,
            17.4966901
          ],
          [
            78.4570442,
            17.4965275
          ],
          [
            78.4571584,
            17.4963667
          ],
          [
            78.4572393,
            17.4962834
          ],
          [
            78.4572214,
            17.4961002
          ],
          [
            78.4571563,
            17.496032
          ],
          [
            78.4569024,
            17.4958768
          ],
          [
            78.4567618,
            17.4957403
          ],
          [
            78.4566046,
            17.4955908
          ],
          [
            78.4561213,
            17.4950542
          ],
          [
            78.4559845,
            17.494936
          ],
          [
            78.4558169,
            17.4948533
          ],
          [
            78.4556928,
            17.4948088
          ],
          [
            78.4555153,
            17.4948036
          ],
          [
            78.4554068,
            17.4948722
          ],
          [
            78.4552361,
            17.4949549
          ],
          [
            78.4550107,
            17.4950241
          ],
          [
            78.4548939,
            17.4949674
          ],
          [
            78.4548524,
            17.4948929
          ],
          [
            78.4548192,
            17.4947528
          ],
          [
            78.4548376,
            17.4944693
          ],
          [
            78.4548336,
            17.4943657
          ],
          [
            78.4547907,
            17.4942058
          ],
          [
            78.4546942,
            17.4941252
          ],
          [
            78.4544729,
            17.494069
          ],
          [
            78.4543289,
            17.4939744
          ],
          [
            78.4542797,
            17.4938788
          ],
          [
            78.4542911,
            17.4936849
          ],
          [
            78.4542925,
            17.4934064
          ],
          [
            78.4542577,
            17.4931268
          ],
          [
            78.4542529,
            17.4928845
          ],
          [
            78.4543105,
            17.4926
          ],
          [
            78.4544239,
            17.4924859
          ],
          [
            78.4545884,
            17.492361
          ],
          [
            78.454722,
            17.4922843
          ],
          [
            78.4548233,
            17.4921702
          ],
          [
            78.4549153,
            17.4920385
          ],
          [
            78.454989,
            17.4919419
          ],
          [
            78.4551086,
            17.49174
          ],
          [
            78.4555045,
            17.4917312
          ],
          [
            78.4555781,
            17.4914634
          ],
          [
            78.4553495,
            17.491318
          ],
          [
            78.4553995,
            17.4911575
          ],
          [
            78.4555096,
            17.4910043
          ],
          [
            78.4553244,
            17.4905942
          ],
          [
            78.4552722,
            17.4903652
          ],
          [
            78.4551291,
            17.4895997
          ],
          [
            78.4550074,
            17.489027
          ],
          [
            78.4550258,
            17.48879
          ],
          [
            78.4550166,
            17.4882281
          ],
          [
            78.4548785,
            17.4878857
          ],
          [
            78.4546392,
            17.4875345
          ],
          [
            78.4546852,
            17.4870823
          ],
          [
            78.4546852,
            17.4868189
          ],
          [
            78.4546484,
            17.4862658
          ],
          [
            78.4548233,
            17.4858048
          ],
          [
            78.4548969,
            17.4854888
          ],
          [
            78.454943,
            17.4851902
          ],
          [
            78.4550718,
            17.4848039
          ],
          [
            78.4551915,
            17.4842947
          ],
          [
            78.4551363,
            17.4838118
          ],
          [
            78.4550718,
            17.4833552
          ],
          [
            78.4550258,
            17.4829777
          ],
          [
            78.4551179,
            17.4825914
          ],
          [
            78.4552283,
            17.4821875
          ],
          [
            78.4552651,
            17.4818714
          ],
          [
            78.4554308,
            17.4815114
          ],
          [
            78.455799,
            17.4806466
          ],
          [
            78.4557622,
            17.4803568
          ],
          [
            78.4557346,
            17.4790442
          ],
          [
            78.4557898,
            17.4787895
          ],
          [
            78.4558727,
            17.4783681
          ],
          [
            78.4559187,
            17.4774725
          ],
          [
            78.4561304,
            17.4770949
          ],
          [
            78.4562685,
            17.4765242
          ],
          [
            78.4562317,
            17.4761203
          ],
          [
            78.4563882,
            17.475813
          ],
          [
            78.4566459,
            17.4754267
          ],
          [
            78.457051,
            17.4750403
          ],
          [
            78.4572443,
            17.4748472
          ],
          [
            78.4573824,
            17.4745135
          ],
          [
            78.4574284,
            17.4742589
          ],
          [
            78.4575665,
            17.4739603
          ],
          [
            78.4579531,
            17.4737584
          ],
          [
            78.4582477,
            17.4735038
          ],
          [
            78.458487,
            17.4731525
          ],
          [
            78.4587079,
            17.4727837
          ],
          [
            78.458938,
            17.4725116
          ],
          [
            78.459564,
            17.4723447
          ],
          [
            78.4599768,
            17.4726131
          ],
          [
            78.4602128,
            17.4725926
          ],
          [
            78.4602772,
            17.4724186
          ],
          [
            78.4603523,
            17.472214
          ],
          [
            78.4605561,
            17.4720093
          ],
          [
            78.4608136,
            17.471733
          ],
          [
            78.4607814,
            17.4714567
          ],
          [
            78.4607814,
            17.4712008
          ],
          [
            78.4606312,
            17.4707198
          ],
          [
            78.4604918,
            17.470638
          ],
          [
            78.4603094,
            17.470597
          ],
          [
            78.4602523,
            17.4704287
          ],
          [
            78.4600762,
            17.4702681
          ],
          [
            78.4600197,
            17.4701979
          ],
          [
            78.4599553,
            17.4699318
          ],
          [
            78.4598051,
            17.4695224
          ],
          [
            78.4590434,
            17.4688368
          ],
          [
            78.4588288,
            17.4687754
          ],
          [
            78.4587751,
            17.4683148
          ],
          [
            78.458802,
            17.4678293
          ],
          [
            78.4587995,
            17.4672302
          ],
          [
            78.4586952,
            17.4668701
          ],
          [
            78.4586432,
            17.4665711
          ],
          [
            78.4584634,
            17.4658745
          ],
          [
            78.4582772,
            17.4656349
          ],
          [
            78.4577452,
            17.4652037
          ],
          [
            78.4575628,
            17.4650194
          ],
          [
            78.4575091,
            17.4645794
          ],
          [
            78.4569834,
            17.4645487
          ],
          [
            78.4567689,
            17.464651
          ],
          [
            78.456183,
            17.4647096
          ],
          [
            78.4556531,
            17.4645896
          ],
          [
            78.4557044,
            17.4640137
          ],
          [
            78.4557406,
            17.4635897
          ],
          [
            78.4557594,
            17.4634853
          ],
          [
            78.4558372,
            17.463184
          ],
          [
            78.4560655,
            17.4627492
          ],
          [
            78.4560756,
            17.4621433
          ]
        ]
      },
      "id": "way/28476533"
    },
    {
      "type": "Feature",
      "properties": {
        "@id": "way/28476617",
        "waterway": "canal"
      },
      "geometry": {
        "type": "LineString",
        "coordinates": [
          [
            78.4539346,
            17.451523
          ],
          [
            78.4536759,
            17.45061
          ],
          [
            78.4533586,
            17.4501147
          ],
          [
            78.4525316,
            17.4495688
          ],
          [
            78.4526181,
            17.4491101
          ],
          [
            78.452681,
            17.4486573
          ],
          [
            78.4526946,
            17.4484703
          ],
          [
            78.4526325,
            17.4483808
          ],
          [
            78.4526265,
            17.4482882
          ],
          [
            78.4525631,
            17.4481835
          ],
          [
            78.4525024,
            17.4480035
          ],
          [
            78.4524713,
            17.4476851
          ],
          [
            78.4525513,
            17.447427
          ],
          [
            78.4527001,
            17.4473063
          ],
          [
            78.4529385,
            17.4471
          ],
          [
            78.4533394,
            17.446913
          ],
          [
            78.4538827,
            17.4467891
          ],
          [
            78.4542144,
            17.4465414
          ],
          [
            78.4548203,
            17.4463304
          ],
          [
            78.4551088,
            17.445913
          ],
          [
            78.4552338,
            17.4449635
          ],
          [
            78.4550511,
            17.4445736
          ],
          [
            78.4551088,
            17.4443351
          ],
          [
            78.4550161,
            17.4438469
          ],
          [
            78.4550352,
            17.4436682
          ],
          [
            78.4552193,
            17.4433626
          ],
          [
            78.4553151,
            17.4428653
          ],
          [
            78.455864,
            17.4424454
          ],
          [
            78.4568641,
            17.4413151
          ],
          [
            78.4569238,
            17.4412477
          ],
          [
            78.4580593,
            17.440932
          ],
          [
            78.4582668,
            17.440825
          ],
          [
            78.4588575,
            17.4405232
          ],
          [
            78.4596905,
            17.4404687
          ],
          [
            78.4601359,
            17.4406635
          ],
          [
            78.4605079,
            17.4406247
          ],
          [
            78.461038,
            17.4405066
          ],
          [
            78.4614397,
            17.4402571
          ],
          [
            78.4619943,
            17.4396396
          ],
          [
            78.4637548,
            17.4389748
          ],
          [
            78.4654063,
            17.4393395
          ],
          [
            78.4658459,
            17.4393399
          ],
          [
            78.466805,
            17.4393706
          ],
          [
            78.467787,
            17.4390804
          ],
          [
            78.4681071,
            17.4388232
          ],
          [
            78.4682129,
            17.4384052
          ],
          [
            78.4687716,
            17.4381629
          ],
          [
            78.4692424,
            17.4379734
          ],
          [
            78.4693059,
            17.4378571
          ],
          [
            78.4694064,
            17.4377693
          ],
          [
            78.4695383,
            17.4368742
          ],
          [
            78.4696077,
            17.4343682
          ],
          [
            78.4704514,
            17.4278277
          ],
          [
            78.4717834,
            17.4263789
          ],
          [
            78.483279,
            17.4254475
          ]
        ]
      },
      "id": "way/28476617"
    },
    {
      "type": "Feature",
      "properties": {
        "@id": "way/28476618",
        "waterway": "drain"
      },
      "geometry": {
        "type": "LineString",
        "coordinates": [
          [
            78.4407858,
            17.4652417
          ],
          [
            78.4407982,
            17.4650968
          ],
          [
            78.441914,
            17.4638333
          ],
          [
            78.4422821,
            17.4634194
          ],
          [
            78.4426282,
            17.4623765
          ],
          [
            78.4431885,
            17.4623556
          ],
          [
            78.4433457,
            17.4625627
          ],
          [
            78.4434192,
            17.4626595
          ],
          [
            78.4435621,
            17.4630683
          ],
          [
            78.4451112,
            17.4638333
          ],
          [
            78.4452376,
            17.4636447
          ],
          [
            78.4451826,
            17.4630263
          ],
          [
            78.4454079,
            17.4626019
          ],
          [
            78.4457045,
            17.4625337
          ],
          [
            78.4461605,
            17.4623137
          ],
          [
            78.4470998,
            17.4622822
          ],
          [
            78.4474075,
            17.4625495
          ],
          [
            78.4473086,
            17.4631626
          ],
          [
            78.4474899,
            17.4636604
          ],
          [
            78.4477206,
            17.4640587
          ],
          [
            78.448248,
            17.4643626
          ],
          [
            78.4488248,
            17.4644569
          ],
          [
            78.4492643,
            17.4644936
          ],
          [
            78.4498521,
            17.4644622
          ],
          [
            78.4502861,
            17.4641792
          ],
          [
            78.4503465,
            17.4637338
          ],
          [
            78.4504179,
            17.463063
          ],
          [
            78.4504838,
            17.4627014
          ],
          [
            78.4507304,
            17.4623792
          ],
          [
            78.4507805,
            17.4623137
          ],
          [
            78.4511143,
            17.4620336
          ],
          [
            78.4513079,
            17.4618682
          ],
          [
            78.4519121,
            17.4616481
          ]
        ]
      },
      "id": "way/28476618"
    },
    {
      "type": "Feature",
      "properties": {
        "@id": "way/28668220",
        "waterway": "drain"
      },
      "geometry": {
        "type": "LineString",
        "coordinates": [
          [
            78.4780564,
            17.4071183
          ],
          [
            78.4793134,
            17.4071433
          ],
          [
            78.4796345,
            17.4067957
          ],
          [
            78.4800095,
            17.4063022
          ],
          [
            78.4800956,
            17.4063653
          ],
          [
            78.4801801,
            17.4064342
          ],
          [
            78.4802936,
            17.4065066
          ],
          [
            78.4804087,
            17.4065357
          ],
          [
            78.4804881,
            17.4065327
          ],
          [
            78.4805702,
            17.4065261
          ],
          [
            78.4813887,
            17.4064272
          ],
          [
            78.4816617,
            17.4064546
          ],
          [
            78.4822206,
            17.406191
          ],
          [
            78.4827664,
            17.4059087
          ],
          [
            78.4831352,
            17.4055474
          ],
          [
            78.483415,
            17.4052689
          ],
          [
            78.4837084,
            17.4049759
          ],
          [
            78.484167,
            17.4047981
          ],
          [
            78.4844235,
            17.4045847
          ],
          [
            78.4846649,
            17.4044069
          ],
          [
            78.4849298,
            17.4043337
          ],
          [
            78.4852,
            17.4042489
          ],
          [
            78.4854212,
            17.4041795
          ],
          [
            78.4857424,
            17.4040052
          ],
          [
            78.4858969,
            17.4039097
          ],
          [
            78.4860452,
            17.4038127
          ],
          [
            78.486507,
            17.403535
          ],
          [
            78.4867349,
            17.4033907
          ],
          [
            78.4868522,
            17.4033286
          ],
          [
            78.486918,
            17.4032865
          ],
          [
            78.4869943,
            17.4032555
          ],
          [
            78.4872144,
            17.4031849
          ],
          [
            78.4874345,
            17.4031815
          ],
          [
            78.4877475,
            17.4031985
          ],
          [
            78.4880006,
            17.4032357
          ],
          [
            78.4882726,
            17.4034327
          ]
        ]
      },
      "id": "way/28668220"
    },
    {
      "type": "Feature",
      "properties": {
        "@id": "way/51720608",
        "boat": "no",
        "waterway": "canal"
      },
      "geometry": {
        "type": "LineString",
        "coordinates": [
          [
            78.6606622,
            17.4058624
          ],
          [
            78.6604935,
            17.4054519
          ],
          [
            78.6604198,
            17.4052756
          ],
          [
            78.6603268,
            17.4051177
          ],
          [
            78.6602845,
            17.4050677
          ],
          [
            78.6599748,
            17.4049546
          ],
          [
            78.6594006,
            17.4048409
          ],
          [
            78.6591165,
            17.404801
          ],
          [
            78.6585249,
            17.4050312
          ],
          [
            78.6579754,
            17.405278
          ],
          [
            78.6576037,
            17.4055586
          ],
          [
            78.6572926,
            17.4056917
          ],
          [
            78.6570541,
            17.4058838
          ],
          [
            78.6568878,
            17.4059176
          ],
          [
            78.656733,
            17.405887
          ],
          [
            78.656485,
            17.4056304
          ],
          [
            78.6563982,
            17.4055384
          ],
          [
            78.6561231,
            17.405405
          ],
          [
            78.6556986,
            17.4054039
          ],
          [
            78.6555223,
            17.4053334
          ],
          [
            78.6550824,
            17.4050058
          ],
          [
            78.6547391,
            17.4048522
          ],
          [
            78.6542563,
            17.4045041
          ],
          [
            78.6540739,
            17.4043198
          ],
          [
            78.6538379,
            17.4041867
          ],
          [
            78.6536711,
            17.4041407
          ],
          [
            78.653398,
            17.4038182
          ],
          [
            78.6531834,
            17.4035111
          ],
          [
            78.6530869,
            17.4031016
          ],
          [
            78.6531512,
            17.4028866
          ],
          [
            78.6532371,
            17.4025487
          ],
          [
            78.6533229,
            17.4024054
          ],
          [
            78.6535268,
            17.4023132
          ],
          [
            78.6536448,
            17.4022416
          ],
          [
            78.6535697,
            17.4019754
          ],
          [
            78.6536019,
            17.4016785
          ],
          [
            78.6535602,
            17.4014383
          ],
          [
            78.6537046,
            17.4011743
          ],
          [
            78.6538808,
            17.4010833
          ],
          [
            78.6543529,
            17.4007776
          ],
          [
            78.6546104,
            17.4006957
          ],
          [
            78.6547928,
            17.4005523
          ],
          [
            78.6546855,
            17.4001838
          ],
          [
            78.6546962,
            17.3999995
          ],
          [
            78.6549537,
            17.3996719
          ],
          [
            78.6552648,
            17.3994467
          ],
          [
            78.6556403,
            17.3992009
          ],
          [
            78.6558442,
            17.3990986
          ],
          [
            78.6559622,
            17.3989552
          ],
          [
            78.6560695,
            17.3987198
          ],
          [
            78.6564665,
            17.3984024
          ],
          [
            78.656755,
            17.3982084
          ],
          [
            78.6569707,
            17.3980236
          ],
          [
            78.6572543,
            17.3978979
          ],
          [
            78.6573466,
            17.3977482
          ],
          [
            78.6573784,
            17.3975424
          ],
          [
            78.6573677,
            17.397266
          ],
          [
            78.6573999,
            17.3970305
          ],
          [
            78.6574642,
            17.3966824
          ],
          [
            78.6574539,
            17.3964738
          ],
          [
            78.6574362,
            17.3963202
          ],
          [
            78.6574353,
            17.3960716
          ],
          [
            78.6572389,
            17.3957917
          ],
          [
            78.6567776,
            17.3954026
          ],
          [
            78.6565201,
            17.3951979
          ],
          [
            78.6565094,
            17.3948907
          ],
          [
            78.6564986,
            17.3947064
          ],
          [
            78.6563806,
            17.3944914
          ],
          [
            78.6562412,
            17.3942764
          ],
          [
            78.6559944,
            17.3939386
          ],
          [
            78.6558227,
            17.3936519
          ],
          [
            78.655812,
            17.3934369
          ],
          [
            78.6558227,
            17.3931502
          ],
          [
            78.6557691,
            17.392925
          ],
          [
            78.655576,
            17.392669
          ],
          [
            78.6550717,
            17.3921776
          ],
          [
            78.6545675,
            17.3914507
          ],
          [
            78.6536662,
            17.3903654
          ],
          [
            78.6532907,
            17.3898228
          ],
          [
            78.653162,
            17.3894439
          ],
          [
            78.6528938,
            17.3889627
          ],
          [
            78.6526041,
            17.3886658
          ],
          [
            78.6521441,
            17.3884918
          ],
          [
            78.6517364,
            17.3883791
          ],
          [
            78.6514655,
            17.3882153
          ],
          [
            78.6512093,
            17.3882051
          ],
          [
            78.6510269,
            17.3881641
          ],
          [
            78.6508875,
            17.3880413
          ],
          [
            78.6507265,
            17.3879798
          ],
          [
            78.6506192,
            17.387816
          ],
          [
            78.650233,
            17.387601
          ],
          [
            78.6499541,
            17.387386
          ],
          [
            78.6496858,
            17.38713
          ],
          [
            78.6494605,
            17.3869662
          ],
          [
            78.6492245,
            17.386915
          ],
          [
            78.6489992,
            17.3869867
          ],
          [
            78.6487417,
            17.3871812
          ],
          [
            78.6484842,
            17.3872119
          ],
          [
            78.6482053,
            17.387386
          ],
          [
            78.6479585,
            17.3874679
          ],
          [
            78.6476903,
            17.387386
          ],
          [
            78.6474864,
            17.3873553
          ],
          [
            78.6472933,
            17.3874372
          ],
          [
            78.6470573,
            17.3875498
          ],
          [
            78.6468856,
            17.3874474
          ],
          [
            78.6467247,
            17.387345
          ],
          [
            78.6463599,
            17.3874065
          ],
          [
            78.6458771,
            17.3872529
          ],
          [
            78.6453824,
            17.3871008
          ],
          [
            78.6452295,
            17.3870885
          ],
          [
            78.6450153,
            17.3870998
          ],
          [
            78.6448917,
            17.3871209
          ],
          [
            78.644711,
            17.3871805
          ],
          [
            78.6444211,
            17.3872961
          ],
          [
            78.6441712,
            17.3874269
          ],
          [
            78.6439465,
            17.3877578
          ],
          [
            78.6438064,
            17.3880208
          ],
          [
            78.643779,
            17.3883126
          ],
          [
            78.6436562,
            17.3886658
          ],
          [
            78.6435275,
            17.3890344
          ],
          [
            78.6434725,
            17.3893045
          ],
          [
            78.6434765,
            17.389577
          ],
          [
            78.6434171,
            17.3896633
          ],
          [
            78.643327,
            17.3897299
          ],
          [
            78.642991,
            17.3898944
          ],
          [
            78.6428623,
            17.390048
          ],
          [
            78.6426376,
            17.3900781
          ],
          [
            78.6424794,
            17.3899961
          ],
          [
            78.6423688,
            17.3898739
          ],
          [
            78.6421589,
            17.3897574
          ],
          [
            78.6420247,
            17.3896475
          ],
          [
            78.6418323,
            17.3893313
          ],
          [
            78.6413281,
            17.389147
          ],
          [
            78.6408131,
            17.3887272
          ],
          [
            78.6407165,
            17.3887784
          ],
          [
            78.6403625,
            17.3886658
          ],
          [
            78.6400728,
            17.388461
          ],
          [
            78.6397295,
            17.3881744
          ],
          [
            78.6396115,
            17.3879696
          ],
          [
            78.6396329,
            17.3877341
          ],
          [
            78.6398475,
            17.3875703
          ],
          [
            78.6399011,
            17.3872734
          ],
          [
            78.6401801,
            17.3869457
          ],
          [
            78.6406307,
            17.3866181
          ],
          [
            78.6408453,
            17.386485
          ],
          [
            78.6407909,
            17.3859993
          ],
          [
            78.6404053,
            17.3856601
          ],
          [
            78.6401666,
            17.385767
          ],
          [
            78.639806,
            17.3857606
          ],
          [
            78.6393875,
            17.3856966
          ],
          [
            78.6388604,
            17.3857478
          ],
          [
            78.6381094,
            17.3856249
          ],
          [
            78.6377547,
            17.3856109
          ],
          [
            78.6374442,
            17.3856454
          ],
          [
            78.6368836,
            17.3857107
          ],
          [
            78.6366718,
            17.3856659
          ],
          [
            78.6360938,
            17.3857325
          ],
          [
            78.6359042,
            17.3857208
          ],
          [
            78.6356847,
            17.3856864
          ],
          [
            78.6353092,
            17.3856557
          ],
          [
            78.6347835,
            17.3856454
          ],
          [
            78.63429,
            17.3856659
          ],
          [
            78.6339989,
            17.3857568
          ],
          [
            78.6336007,
            17.3859065
          ],
          [
            78.6330735,
            17.3862367
          ],
          [
            78.6329167,
            17.3865055
          ],
          [
            78.6327316,
            17.3866475
          ],
          [
            78.6323527,
            17.3866757
          ],
          [
            78.6319511,
            17.3866079
          ],
          [
            78.6313932,
            17.3863212
          ],
          [
            78.6310031,
            17.3860254
          ],
          [
            78.6309493,
            17.3860191
          ],
          [
            78.6301379,
            17.3863416
          ],
          [
            78.629525,
            17.3866891
          ],
          [
            78.6294083,
            17.3868126
          ],
          [
            78.6290623,
            17.387004
          ],
          [
            78.6283676,
            17.3872836
          ],
          [
            78.6279707,
            17.3874577
          ],
          [
            78.6281316,
            17.3881129
          ],
          [
            78.6279921,
            17.3881846
          ],
          [
            78.6276153,
            17.3881091
          ],
          [
            78.6270607,
            17.3880969
          ],
          [
            78.6261575,
            17.3882767
          ],
          [
            78.6256962,
            17.3882767
          ],
          [
            78.6251704,
            17.3881232
          ],
          [
            78.6246984,
            17.3879082
          ],
          [
            78.6240895,
            17.3878003
          ],
          [
            78.6235289,
            17.3876112
          ],
          [
            78.6229858,
            17.3875319
          ],
          [
            78.6226184,
            17.3877059
          ],
          [
            78.6206536,
            17.3878877
          ],
          [
            78.6201749,
            17.3877392
          ],
          [
            78.619688,
            17.3875498
          ],
          [
            78.6190335,
            17.3875908
          ],
          [
            78.6185186,
            17.3876317
          ],
          [
            78.6177173,
            17.3877683
          ],
          [
            78.617455,
            17.38788
          ],
          [
            78.6160617,
            17.3881539
          ],
          [
            78.6154394,
            17.3881436
          ],
          [
            78.6151068,
            17.3882767
          ],
          [
            78.6148815,
            17.3885429
          ],
          [
            78.6146178,
            17.3891951
          ],
          [
            78.6144589,
            17.3894091
          ],
          [
            78.6140983,
            17.3895258
          ],
          [
            78.6131649,
            17.3897613
          ],
          [
            78.6121242,
            17.3899354
          ],
          [
            78.6112659,
            17.390048
          ],
          [
            78.6106329,
            17.3901811
          ],
          [
            78.6102735,
            17.3903206
          ],
          [
            78.6098765,
            17.3907704
          ],
          [
            78.6086489,
            17.3899582
          ],
          [
            78.6071187,
            17.3893235
          ],
          [
            78.6057039,
            17.3886285
          ],
          [
            78.6049466,
            17.3885634
          ],
          [
            78.6038308,
            17.3886863
          ],
          [
            78.6023931,
            17.388717
          ],
          [
            78.600617,
            17.388704
          ],
          [
            78.5999469,
            17.3887477
          ],
          [
            78.5985209,
            17.3886004
          ],
          [
            78.5978396,
            17.3886029
          ],
          [
            78.5976881,
            17.3882766
          ],
          [
            78.5972865,
            17.3876827
          ]
        ]
      },
      "id": "way/51720608"
    },
    {
      "type": "Feature",
      "properties": {
        "@id": "way/51759402",
        "boat": "no",
        "name": "Musi River",
        "source": "US Army Map Service (1955)",
        "waterway": "river"
      },
      "geometry": {
        "type": "LineString",
        "coordinates": [
          [
            78.290488,
            17.2696208
          ],
          [
            78.2906771,
            17.2696298
          ],
          [
            78.2908447,
            17.2696644
          ],
          [
            78.2910097,
            17.2697591
          ],
          [
            78.2911545,
            17.2698641
          ],
          [
            78.2913993,
            17.2701158
          ],
          [
            78.2916722,
            17.2703546
          ],
          [
            78.2920396,
            17.2706325
          ],
          [
            78.2923521,
            17.2709271
          ],
          [
            78.2926646,
            17.2712793
          ],
          [
            78.2930347,
            17.2717224
          ],
          [
            78.2932788,
            17.2719554
          ],
          [
            78.2935202,
            17.2722781
          ],
          [
            78.2937053,
            17.2727212
          ],
          [
            78.2939386,
            17.2730773
          ],
          [
            78.2941344,
            17.2733078
          ],
          [
            78.2945462,
            17.2736062
          ],
          [
            78.294982,
            17.2739263
          ],
          [
            78.2954675,
            17.2742324
          ],
          [
            78.2958578,
            17.2743732
          ],
          [
            78.2962936,
            17.2745039
          ],
          [
            78.2967895,
            17.2747983
          ],
          [
            78.2970768,
            17.2749085
          ],
          [
            78.2973611,
            17.2749726
          ],
          [
            78.2976964,
            17.2749649
          ],
          [
            78.2981068,
            17.2749265
          ],
          [
            78.2985547,
            17.2747497
          ],
          [
            78.2993299,
            17.2744603
          ],
          [
            78.2997,
            17.2743246
          ],
          [
            78.3001573,
            17.2742887
          ],
          [
            78.300565,
            17.2743822
          ],
          [
            78.3010572,
            17.2745282
          ],
          [
            78.3015802,
            17.2747446
          ],
          [
            78.3019102,
            17.2749649
          ],
          [
            78.3027028,
            17.2755079
          ],
          [
            78.3035356,
            17.2761366
          ],
          [
            78.3037743,
            17.2762685
          ],
          [
            78.3040787,
            17.2763108
          ],
          [
            78.3044945,
            17.276321
          ],
          [
            78.3052327,
            17.2763351
          ],
          [
            78.3056277,
            17.2763274
          ],
          [
            78.3061682,
            17.276266
          ],
          [
            78.3065236,
            17.2761981
          ],
          [
            78.3068401,
            17.2761354
          ],
          [
            78.3071043,
            17.2759676
          ],
          [
            78.3073845,
            17.2757614
          ],
          [
            78.3076903,
            17.2754758
          ],
          [
            78.3078352,
            17.2753388
          ],
          [
            78.3079076,
            17.2752133
          ],
          [
            78.3080886,
            17.2748586
          ],
          [
            78.308267,
            17.2746037
          ],
          [
            78.3083978,
            17.2744578
          ],
          [
            78.3085419,
            17.2743284
          ],
          [
            78.3087029,
            17.2742285
          ],
          [
            78.3090422,
            17.2740659
          ],
          [
            78.3093372,
            17.2739084
          ],
          [
            78.3095276,
            17.2737752
          ],
          [
            78.3096805,
            17.2736727
          ],
          [
            78.3098629,
            17.2735882
          ],
          [
            78.3100346,
            17.2735293
          ],
          [
            78.3102921,
            17.2734806
          ],
          [
            78.3107963,
            17.2734666
          ],
          [
            78.3111155,
            17.2735088
          ],
          [
            78.3114561,
            17.2735882
          ],
          [
            78.3117659,
            17.2736817
          ],
          [
            78.3120811,
            17.2737893
          ],
          [
            78.3123292,
            17.2739545
          ],
          [
            78.3125719,
            17.2741376
          ],
          [
            78.3128026,
            17.2743784
          ],
          [
            78.3131023,
            17.2747132
          ],
          [
            78.3133726,
            17.2750283
          ],
          [
            78.3136864,
            17.2753721
          ],
          [
            78.3139493,
            17.2756833
          ],
          [
            78.3142845,
            17.2761815
          ],
          [
            78.3145756,
            17.2765285
          ],
          [
            78.3149457,
            17.2769332
          ],
          [
            78.3155988,
            17.277859
          ],
          [
            78.3160092,
            17.2784532
          ],
          [
            78.3162472,
            17.2787875
          ],
          [
            78.3169466,
            17.2796954
          ],
          [
            78.3173315,
            17.2801538
          ],
          [
            78.3175917,
            17.2804535
          ],
          [
            78.3178237,
            17.2807659
          ],
          [
            78.3181657,
            17.2811565
          ],
          [
            78.3185747,
            17.281574
          ],
          [
            78.3189341,
            17.2819249
          ],
          [
            78.3191621,
            17.282181
          ],
          [
            78.3195202,
            17.2824781
          ],
          [
            78.3199145,
            17.2827137
          ],
          [
            78.3202431,
            17.2829275
          ],
          [
            78.3206132,
            17.2831158
          ],
          [
            78.3209096,
            17.2832131
          ],
          [
            78.3211926,
            17.2832938
          ],
          [
            78.3214742,
            17.2833219
          ],
          [
            78.3220938,
            17.2833309
          ],
          [
            78.322539,
            17.2832771
          ],
          [
            78.3229414,
            17.2832272
          ],
          [
            78.323345,
            17.2831401
          ],
          [
            78.3237366,
            17.2830287
          ],
          [
            78.3240974,
            17.2828366
          ],
          [
            78.3244635,
            17.2826343
          ],
          [
            78.3248994,
            17.2823948
          ],
          [
            78.3251314,
            17.282181
          ],
          [
            78.3253741,
            17.2819172
          ],
          [
            78.3255579,
            17.2818083
          ],
          [
            78.3258703,
            17.2817148
          ],
          [
            78.3260715,
            17.2816495
          ],
          [
            78.3262351,
            17.2815484
          ],
          [
            78.3263759,
            17.2814254
          ],
          [
            78.3265771,
            17.2812564
          ],
          [
            78.3268695,
            17.2810515
          ],
          [
            78.3270961,
            17.2808966
          ],
          [
            78.3273509,
            17.2807275
          ],
          [
            78.3275186,
            17.2806212
          ],
          [
            78.3277412,
            17.2805303
          ],
          [
            78.3279745,
            17.2804624
          ],
          [
            78.3283755,
            17.2803715
          ],
          [
            78.3288194,
            17.280319
          ],
          [
            78.3291373,
            17.280287
          ],
          [
            78.3294484,
            17.2803498
          ],
          [
            78.3297206,
            17.2804778
          ],
          [
            78.3298574,
            17.2805764
          ],
          [
            78.3298963,
            17.2807224
          ],
          [
            78.3298467,
            17.2809721
          ],
          [
            78.329777,
            17.2812007
          ],
          [
            78.3298387,
            17.2813588
          ],
          [
            78.3299889,
            17.2815573
          ],
          [
            78.3306447,
            17.2821541
          ],
          [
            78.3313554,
            17.2826202
          ],
          [
            78.3316934,
            17.2827406
          ],
          [
            78.332077,
            17.2828148
          ],
          [
            78.3325624,
            17.2827944
          ],
          [
            78.3329728,
            17.2827175
          ],
          [
            78.333343,
            17.2825741
          ],
          [
            78.3336031,
            17.2825767
          ],
          [
            78.3338338,
            17.282697
          ],
          [
            78.334102,
            17.2827022
          ],
          [
            78.3344266,
            17.282551
          ],
          [
            78.334782,
            17.282487
          ],
          [
            78.3351883,
            17.2826279
          ],
          [
            78.3358937,
            17.2830633
          ],
          [
            78.3364892,
            17.2834679
          ],
          [
            78.3371115,
            17.2839084
          ],
          [
            78.3377552,
            17.284728
          ],
          [
            78.3380476,
            17.2851877
          ],
          [
            78.3382165,
            17.2853887
          ],
          [
            78.338462,
            17.285545
          ],
          [
            78.3389233,
            17.2857639
          ],
          [
            78.3393076,
            17.2858991
          ],
          [
            78.3393956,
            17.2859301
          ],
          [
            78.3395859,
            17.2860451
          ],
          [
            78.3397034,
            17.2861869
          ],
          [
            78.339856,
            17.2864915
          ],
          [
            78.3399573,
            17.2868024
          ],
          [
            78.3400458,
            17.2871866
          ],
          [
            78.3399385,
            17.287581
          ],
          [
            78.3398259,
            17.2880369
          ],
          [
            78.3398634,
            17.2883698
          ],
          [
            78.3401316,
            17.2886822
          ],
          [
            78.3406305,
            17.2889281
          ],
          [
            78.3412743,
            17.2896221
          ],
          [
            78.3418,
            17.2899781
          ],
          [
            78.3422908,
            17.2902854
          ],
          [
            78.3427763,
            17.2908437
          ],
          [
            78.3431277,
            17.2912817
          ],
          [
            78.3433664,
            17.2917964
          ],
          [
            78.3434361,
            17.29226
          ],
          [
            78.3436319,
            17.2930078
          ],
          [
            78.3438438,
            17.2937018
          ],
          [
            78.3441335,
            17.2943164
          ],
          [
            78.3445305,
            17.2951923
          ],
          [
            78.3447987,
            17.2957557
          ],
          [
            78.3450133,
            17.2966827
          ],
          [
            78.3453351,
            17.297241
          ],
          [
            78.3458769,
            17.2978249
          ],
          [
            78.3465743,
            17.2982551
          ],
          [
            78.3477223,
            17.2999094
          ],
          [
            78.3489775,
            17.3019069
          ],
          [
            78.351767,
            17.305533
          ],
          [
            78.3552646,
            17.310716
          ],
          [
            78.3572387,
            17.3174147
          ],
          [
            78.3580112,
            17.3201187
          ],
          [
            78.3600283,
            17.3259056
          ],
          [
            78.3608544,
            17.3286709
          ],
          [
            78.3613371,
            17.3296337
          ],
          [
            78.3621672,
            17.3303707
          ]
        ]
      },
      "id": "way/51759402"
    },
    {
      "type": "Feature",
      "properties": {
        "@id": "way/84835091",
        "layer": "-1",
        "waterway": "drain"
      },
      "geometry": {
        "type": "LineString",
        "coordinates": [
          [
            78.4883987,
            17.439048
          ],
          [
            78.48814,
            17.4389665
          ],
          [
            78.4878005,
            17.4387497
          ],
          [
            78.4876911,
            17.4386799
          ],
          [
            78.4873121,
            17.4383751
          ],
          [
            78.4872622,
            17.438339
          ],
          [
            78.4870409,
            17.438174
          ],
          [
            78.4868929,
            17.4380348
          ],
          [
            78.4865466,
            17.4377597
          ],
          [
            78.4864562,
            17.4376879
          ],
          [
            78.486342,
            17.4376079
          ],
          [
            78.4861927,
            17.4374787
          ],
          [
            78.4859858,
            17.437311
          ],
          [
            78.4857562,
            17.4371316
          ],
          [
            78.4855441,
            17.436918
          ],
          [
            78.4853355,
            17.4366561
          ],
          [
            78.4851956,
            17.4364492
          ],
          [
            78.4849994,
            17.4360027
          ],
          [
            78.4849405,
            17.4355669
          ],
          [
            78.4849099,
            17.4352742
          ],
          [
            78.4849418,
            17.4350947
          ],
          [
            78.4849555,
            17.435059
          ],
          [
            78.4849495,
            17.4348826
          ],
          [
            78.4850353,
            17.4345144
          ],
          [
            78.4851132,
            17.4341481
          ],
          [
            78.4851454,
            17.4340602
          ]
        ]
      },
      "id": "way/84835091"
    },
    {
      "type": "Feature",
      "properties": {
        "@id": "way/108243591",
        "waterway": "drain"
      },
      "geometry": {
        "type": "LineString",
        "coordinates": [
          [
            78.4315492,
            17.4396387
          ],
          [
            78.4314634,
            17.4396336
          ],
          [
            78.4313239,
            17.4395415
          ],
          [
            78.4311469,
            17.4393521
          ],
          [
            78.4310718,
            17.4393112
          ],
          [
            78.4309592,
            17.4393061
          ],
          [
            78.4308358,
            17.4393419
          ],
          [
            78.4305863,
            17.439562
          ],
          [
            78.4304764,
            17.4396438
          ],
          [
            78.4303208,
            17.4396285
          ],
          [
            78.4301998,
            17.4396313
          ],
          [
            78.4301131,
            17.4397083
          ],
          [
            78.4300445,
            17.4398076
          ],
          [
            78.4299265,
            17.4398537
          ],
          [
            78.4297709,
            17.4398742
          ],
          [
            78.4295832,
            17.4399458
          ],
          [
            78.4294759,
            17.4399867
          ],
          [
            78.4293096,
            17.4400123
          ],
          [
            78.4292184,
            17.4400123
          ],
          [
            78.4290065,
            17.4400865
          ]
        ]
      },
      "id": "way/108243591"
    },
    {
      "type": "Feature",
      "properties": {
        "@id": "way/109559926",
        "designation": "drain from mansarovar to hussain sagar",
        "waterway": "stream"
      },
      "geometry": {
        "type": "LineString",
        "coordinates": [
          [
            78.4955776,
            17.4772203
          ],
          [
            78.495569,
            17.4771888
          ],
          [
            78.4955355,
            17.4770193
          ],
          [
            78.4955308,
            17.4769586
          ],
          [
            78.4955201,
            17.4769068
          ],
          [
            78.4954738,
            17.4768396
          ],
          [
            78.495388,
            17.4767578
          ],
          [
            78.4951975,
            17.4766752
          ],
          [
            78.4950815,
            17.4766177
          ],
          [
            78.4950158,
            17.4765505
          ],
          [
            78.4949313,
            17.4764181
          ],
          [
            78.4948321,
            17.4759103
          ],
          [
            78.4939119,
            17.4743733
          ],
          [
            78.4930498,
            17.4725623
          ],
          [
            78.4926389,
            17.4722554
          ],
          [
            78.4923696,
            17.4720619
          ],
          [
            78.4921765,
            17.4720798
          ],
          [
            78.4918868,
            17.4721946
          ],
          [
            78.4916239,
            17.472113
          ],
          [
            78.4914201,
            17.471957
          ],
          [
            78.4909614,
            17.4718751
          ],
          [
            78.4906124,
            17.4718384
          ],
          [
            78.4903231,
            17.4717907
          ],
          [
            78.4902506,
            17.4717855
          ],
          [
            78.4897061,
            17.4714606
          ],
          [
            78.4894165,
            17.4714146
          ],
          [
            78.4891187,
            17.4710743
          ],
          [
            78.4888821,
            17.470961
          ],
          [
            78.4887513,
            17.4708671
          ],
          [
            78.4886118,
            17.4707877
          ],
          [
            78.4884648,
            17.4707284
          ],
          [
            78.4883168,
            17.4706317
          ],
          [
            78.4880378,
            17.470404
          ],
          [
            78.4879252,
            17.47034
          ],
          [
            78.4878893,
            17.4703501
          ],
          [
            78.4876329,
            17.469851
          ],
          [
            78.4872961,
            17.4692586
          ],
          [
            78.4869514,
            17.4693322
          ],
          [
            78.48623,
            17.4695034
          ],
          [
            78.4853234,
            17.4695597
          ],
          [
            78.4847843,
            17.4696006
          ],
          [
            78.4846287,
            17.4691452
          ],
          [
            78.4846073,
            17.4686105
          ],
          [
            78.4845005,
            17.468411
          ],
          [
            78.4842023,
            17.4677917
          ],
          [
            78.4840386,
            17.4672877
          ],
          [
            78.4839957,
            17.4670139
          ],
          [
            78.4840502,
            17.4668599
          ],
          [
            78.4841351,
            17.466751
          ],
          [
            78.4842044,
            17.4667421
          ],
          [
            78.4842639,
            17.4667018
          ],
          [
            78.4842693,
            17.4665534
          ],
          [
            78.4839796,
            17.4664818
          ],
          [
            78.4834807,
            17.4660391
          ],
          [
            78.4832422,
            17.4662132
          ],
          [
            78.482939,
            17.4659767
          ]
        ]
      },
      "id": "way/109559926"
    },
    {
      "type": "Feature",
      "properties": {
        "@id": "way/116932933",
        "waterway": "drain"
      },
      "geometry": {
        "type": "LineString",
        "coordinates": [
          [
            78.5414689,
            17.3965722
          ],
          [
            78.5414728,
            17.3965451
          ],
          [
            78.5415011,
            17.3963495
          ],
          [
            78.5415601,
            17.396155
          ],
          [
            78.5416191,
            17.3959067
          ],
          [
            78.5416272,
            17.3957196
          ],
          [
            78.5416298,
            17.3956585
          ],
          [
            78.5416244,
            17.3955919
          ],
          [
            78.5415923,
            17.3955202
          ],
          [
            78.5414769,
            17.3952157
          ],
          [
            78.541198,
            17.3944785
          ]
        ]
      },
      "id": "way/116932933"
    },
    {
      "type": "Feature",
      "properties": {
        "@id": "way/118971594",
        "waterway": "stream"
      },
      "geometry": {
        "type": "LineString",
        "coordinates": [
          [
            78.4474053,
            17.4372064
          ],
          [
            78.4475069,
            17.4372209
          ],
          [
            78.4481081,
            17.4370828
          ],
          [
            78.4481839,
            17.4370249
          ],
          [
            78.4483472,
            17.4367738
          ],
          [
            78.4489257,
            17.4367554
          ],
          [
            78.4494958,
            17.4367015
          ],
          [
            78.4500909,
            17.4369877
          ],
          [
            78.4505048,
            17.4372465
          ],
          [
            78.4507957,
            17.4372817
          ],
          [
            78.4511517,
            17.4373096
          ],
          [
            78.4519517,
            17.4372465
          ],
          [
            78.4525461,
            17.4370768
          ],
          [
            78.4527669,
            17.4370898
          ],
          [
            78.4530022,
            17.4371075
          ],
          [
            78.4533603,
            17.4372631
          ],
          [
            78.4536892,
            17.437438
          ],
          [
            78.4543272,
            17.4377774
          ],
          [
            78.4545325,
            17.4380694
          ],
          [
            78.4548702,
            17.4384775
          ],
          [
            78.4553289,
            17.4390317
          ],
          [
            78.4556768,
            17.4392441
          ],
          [
            78.4559724,
            17.4395959
          ],
          [
            78.4560215,
            17.4396712
          ],
          [
            78.456282,
            17.4400704
          ],
          [
            78.4565949,
            17.4400551
          ],
          [
            78.4568941,
            17.4400405
          ],
          [
            78.456979,
            17.4403105
          ],
          [
            78.4569557,
            17.4404019
          ],
          [
            78.4571503,
            17.4406082
          ],
          [
            78.457927,
            17.440335
          ],
          [
            78.4588575,
            17.4405232
          ]
        ]
      },
      "id": "way/118971594"
    },
    {
      "type": "Feature",
      "properties": {
        "@id": "way/140391599",
        "layer": "-1",
        "waterway": "drain"
      },
      "geometry": {
        "type": "LineString",
        "coordinates": [
          [
            78.5475278,
            17.4320821
          ],
          [
            78.5475818,
            17.4320672
          ],
          [
            78.5476184,
            17.4320039
          ],
          [
            78.547665,
            17.4318819
          ],
          [
            78.5476765,
            17.4318149
          ],
          [
            78.547695,
            17.4317467
          ],
          [
            78.5477459,
            17.4316442
          ],
          [
            78.5479353,
            17.4312692
          ],
          [
            78.5480013,
            17.4310763
          ],
          [
            78.548026,
            17.4308649
          ],
          [
            78.5481227,
            17.4306512
          ],
          [
            78.5484441,
            17.4300981
          ],
          [
            78.5485367,
            17.4299817
          ],
          [
            78.5486504,
            17.4298815
          ],
          [
            78.548827,
            17.4295306
          ],
          [
            78.5488885,
            17.4292641
          ],
          [
            78.5489378,
            17.4291343
          ],
          [
            78.5490253,
            17.4290637
          ],
          [
            78.5491634,
            17.4289291
          ],
          [
            78.5493158,
            17.428627
          ],
          [
            78.5493503,
            17.4285072
          ],
          [
            78.5493643,
            17.4283964
          ],
          [
            78.5493771,
            17.4274571
          ],
          [
            78.5495258,
            17.427301
          ],
          [
            78.5500305,
            17.4271263
          ],
          [
            78.5502902,
            17.4268686
          ],
          [
            78.5509031,
            17.4265335
          ],
          [
            78.55108,
            17.4264118
          ],
          [
            78.5511476,
            17.4263572
          ],
          [
            78.5511491,
            17.4262899
          ],
          [
            78.5510536,
            17.4260809
          ],
          [
            78.5510771,
            17.4259352
          ],
          [
            78.5511359,
            17.4256268
          ],
          [
            78.5510099,
            17.4254146
          ],
          [
            78.5509434,
            17.4252461
          ],
          [
            78.5510452,
            17.4251125
          ],
          [
            78.5512571,
            17.4248429
          ],
          [
            78.551546,
            17.4246585
          ],
          [
            78.5517724,
            17.4245633
          ],
          [
            78.5518493,
            17.4244761
          ],
          [
            78.5519001,
            17.4243644
          ],
          [
            78.5518864,
            17.4242732
          ]
        ]
      },
      "id": "way/140391599"
    },
    {
      "type": "Feature",
      "properties": {
        "@id": "way/152700184",
        "name": "Musi River",
        "name:fa": "رودخانه موسی",
        "name:ml": "മൂസി നദി",
        "name:te": "మూసి",
        "waterway": "river"
      },
      "geometry": {
        "type": "LineString",
        "coordinates": [
          [
            78.4557308,
            17.3637843
          ],
          [
            78.4559199,
            17.3644474
          ],
          [
            78.4561077,
            17.3648493
          ],
          [
            78.4562391,
            17.3650746
          ],
          [
            78.4564027,
            17.3652294
          ],
          [
            78.4565838,
            17.3653306
          ],
          [
            78.4568406,
            17.3654362
          ],
          [
            78.456964,
            17.3654765
          ],
          [
            78.4570196,
            17.3654979
          ],
          [
            78.4570813,
            17.3655405
          ],
          [
            78.4571135,
            17.3656019
          ],
          [
            78.4571323,
            17.3657248
          ],
          [
            78.4571537,
            17.3658067
          ],
          [
            78.4572315,
            17.3659501
          ],
          [
            78.4575024,
            17.3663341
          ],
          [
            78.4576043,
            17.3665593
          ],
          [
            78.4576714,
            17.3668102
          ],
          [
            78.4577331,
            17.367143
          ],
          [
            78.4578243,
            17.3672838
          ],
          [
            78.4581193,
            17.3674323
          ],
          [
            78.4586075,
            17.3676038
          ],
          [
            78.4589133,
            17.3677011
          ],
          [
            78.4596696,
            17.3679443
          ],
          [
            78.4601551,
            17.3680748
          ],
          [
            78.4604421,
            17.3681388
          ],
          [
            78.4606835,
            17.3681388
          ],
          [
            78.4608337,
            17.368167
          ],
          [
            78.4610242,
            17.3682079
          ],
          [
            78.4611744,
            17.3682745
          ],
          [
            78.4614614,
            17.3683487
          ],
          [
            78.4617028,
            17.3684204
          ],
          [
            78.4620112,
            17.3684972
          ],
          [
            78.4621266,
            17.3684972
          ],
          [
            78.4622794,
            17.3684742
          ],
          [
            78.4624323,
            17.3684383
          ],
          [
            78.4625557,
            17.3684434
          ],
          [
            78.4626281,
            17.3684844
          ],
          [
            78.4626469,
            17.3685689
          ],
          [
            78.4626469,
            17.36883
          ],
          [
            78.4626952,
            17.3688991
          ],
          [
            78.4627998,
            17.3689477
          ],
          [
            78.463013,
            17.3690015
          ],
          [
            78.4631672,
            17.3690578
          ],
          [
            78.4633443,
            17.3690949
          ],
          [
            78.4635977,
            17.3691692
          ],
          [
            78.4638861,
            17.3692447
          ],
          [
            78.4641262,
            17.3693151
          ],
          [
            78.4647404,
            17.3696133
          ],
          [
            78.4650689,
            17.3697669
          ],
          [
            78.465317,
            17.3698245
          ],
          [
            78.4655517,
            17.3698232
          ],
          [
            78.4657851,
            17.3697887
          ],
          [
            78.4659836,
            17.369708
          ],
          [
            78.4660935,
            17.3696594
          ],
          [
            78.4661995,
            17.3696159
          ],
          [
            78.4663752,
            17.3695916
          ],
          [
            78.4668191,
            17.3696069
          ],
          [
            78.4676519,
            17.3697311
          ],
          [
            78.4678879,
            17.3697234
          ],
          [
            78.4681173,
            17.3696581
          ],
          [
            78.4683238,
            17.369612
          ],
          [
            78.468537,
            17.3695852
          ],
          [
            78.4687395,
            17.3696095
          ],
          [
            78.4691244,
            17.3697349
          ],
          [
            78.4693538,
            17.3698002
          ],
          [
            78.4698922,
            17.369948
          ],
          [
            78.4702107,
            17.3700331
          ],
          [
            78.4706238,
            17.3701125
          ],
          [
            78.470951,
            17.3701816
          ],
          [
            78.4712809,
            17.3702149
          ],
          [
            78.4715036,
            17.3702354
          ],
          [
            78.4718013,
            17.3702661
          ],
          [
            78.4720185,
            17.370307
          ],
          [
            78.4722304,
            17.3703301
          ],
          [
            78.472437,
            17.3703326
          ],
          [
            78.4725979,
            17.3703506
          ],
          [
            78.472909,
            17.3703621
          ],
          [
            78.4738532,
            17.3705067
          ],
          [
            78.4744915,
            17.3705426
          ],
          [
            78.4748067,
            17.3705643
          ],
          [
            78.4751138,
            17.370636
          ],
          [
            78.4753378,
            17.3707179
          ],
          [
            78.4754089,
            17.3707755
          ],
          [
            78.4754893,
            17.3708536
          ],
          [
            78.4756596,
            17.3710008
          ],
          [
            78.4757683,
            17.3710507
          ],
          [
            78.4759071,
            17.3710897
          ],
          [
            78.476129,
            17.3710949
          ],
          [
            78.4764375,
            17.3711531
          ],
          [
            78.4769592,
            17.3713131
          ],
          [
            78.4778282,
            17.371674
          ],
          [
            78.4785832,
            17.3719415
          ],
          [
            78.4791666,
            17.3721169
          ],
          [
            78.479687,
            17.3722346
          ],
          [
            78.4798586,
            17.3722705
          ],
          [
            78.4800893,
            17.3723524
          ],
          [
            78.4803183,
            17.3724848
          ],
          [
            78.4807759,
            17.3727364
          ],
          [
            78.4812936,
            17.3730768
          ],
          [
            78.4818408,
            17.3733942
          ],
          [
            78.4821063,
            17.3735786
          ],
          [
            78.482514,
            17.3740931
          ],
          [
            78.4828359,
            17.3745436
          ],
          [
            78.4830666,
            17.3747791
          ],
          [
            78.4838873,
            17.3755727
          ],
          [
            78.484295,
            17.3759464
          ],
          [
            78.484928,
            17.3765505
          ],
          [
            78.4852606,
            17.3768648
          ],
          [
            78.4854725,
            17.3771228
          ],
          [
            78.4856453,
            17.3772862
          ],
          [
            78.4859505,
            17.3775683
          ],
          [
            78.4860653,
            17.3776922
          ],
          [
            78.4862235,
            17.3778944
          ],
          [
            78.4864703,
            17.3782016
          ],
          [
            78.4865802,
            17.378327
          ],
          [
            78.4867626,
            17.3785215
          ],
          [
            78.4869665,
            17.3786828
          ],
          [
            78.4871663,
            17.3788543
          ],
          [
            78.4872441,
            17.3788991
          ],
          [
            78.4873313,
            17.3789209
          ],
          [
            78.4874949,
            17.3789209
          ],
          [
            78.4876183,
            17.3788825
          ],
          [
            78.48768,
            17.3788799
          ],
          [
            78.4881923,
            17.3789695
          ],
          [
            78.48849,
            17.3789977
          ],
          [
            78.4886375,
            17.3790335
          ],
          [
            78.4888628,
            17.3790898
          ],
          [
            78.4890854,
            17.3791794
          ],
          [
            78.489241,
            17.3792562
          ],
          [
            78.4894153,
            17.3793867
          ],
          [
            78.4895655,
            17.3795019
          ],
          [
            78.4898123,
            17.3796402
          ],
          [
            78.4899545,
            17.3797067
          ],
          [
            78.4901208,
            17.3797989
          ],
          [
            78.4902576,
            17.3798629
          ],
          [
            78.4904695,
            17.3799499
          ],
          [
            78.4906492,
            17.379978
          ],
          [
            78.4908879,
            17.3799499
          ],
          [
            78.4911615,
            17.3798859
          ],
          [
            78.491309,
            17.3798347
          ],
          [
            78.4914565,
            17.3798424
          ],
          [
            78.4916094,
            17.3799141
          ],
          [
            78.4917998,
            17.3800139
          ],
          [
            78.4919447,
            17.3800523
          ],
          [
            78.4924167,
            17.3800907
          ],
          [
            78.4928969,
            17.3801905
          ],
          [
            78.4937015,
            17.380449
          ],
          [
            78.4943908,
            17.3806717
          ],
          [
            78.495681,
            17.3810583
          ],
          [
            78.4957547,
            17.3810839
          ],
          [
            78.4959841,
            17.3811338
          ],
          [
            78.4961235,
            17.3812042
          ],
          [
            78.4961933,
            17.3812682
          ],
          [
            78.496322,
            17.3815984
          ],
          [
            78.4964682,
            17.3817647
          ],
          [
            78.4966439,
            17.3819209
          ],
          [
            78.4969711,
            17.3821769
          ],
          [
            78.4972393,
            17.3823151
          ],
          [
            78.4976873,
            17.3825096
          ],
          [
            78.4978777,
            17.3826069
          ],
          [
            78.4981191,
            17.3827426
          ],
          [
            78.4982344,
            17.3828219
          ],
          [
            78.498331,
            17.3829397
          ],
          [
            78.498449,
            17.3831419
          ],
          [
            78.4986529,
            17.3834183
          ],
          [
            78.4987199,
            17.3835463
          ],
          [
            78.498736,
            17.383682
          ],
          [
            78.4987172,
            17.3838586
          ],
          [
            78.4987333,
            17.384025
          ],
          [
            78.4988299,
            17.3842349
          ],
          [
            78.4991625,
            17.3847647
          ],
          [
            78.4992939,
            17.3848773
          ],
          [
            78.499428,
            17.3849132
          ],
          [
            78.4995273,
            17.3849106
          ],
          [
            78.4996667,
            17.384862
          ],
          [
            78.4997982,
            17.3848594
          ],
          [
            78.4999618,
            17.3848748
          ],
          [
            78.50012,
            17.3848876
          ],
          [
            78.5003212,
            17.3848722
          ],
          [
            78.5005143,
            17.3848466
          ],
          [
            78.5006565,
            17.3848338
          ],
          [
            78.500796,
            17.384798
          ],
          [
            78.5009649,
            17.384798
          ],
          [
            78.5011661,
            17.3848364
          ],
          [
            78.5013458,
            17.3848518
          ],
          [
            78.5015523,
            17.3848748
          ],
          [
            78.5017186,
            17.384926
          ],
          [
            78.5019064,
            17.3850821
          ],
          [
            78.5021022,
            17.3853279
          ],
          [
            78.502298,
            17.3855326
          ],
          [
            78.5027137,
            17.385763
          ],
          [
            78.5031375,
            17.3860983
          ],
          [
            78.5034057,
            17.3863184
          ],
          [
            78.5036203,
            17.3864413
          ],
          [
            78.5039476,
            17.3865053
          ],
          [
            78.5042372,
            17.3864976
          ],
          [
            78.504484,
            17.3864311
          ],
          [
            78.5046315,
            17.3863108
          ],
          [
            78.504948,
            17.3859806
          ],
          [
            78.5051841,
            17.385827
          ],
          [
            78.5055783,
            17.3857144
          ],
          [
            78.5059087,
            17.3856937
          ]
        ]
      },
      "id": "way/152700184"
    },
    {
      "type": "Feature",
      "properties": {
        "@id": "way/152700200",
        "name": "Musa",
        "name:fa": "رودخانه موسی",
        "name:te": "మూసా నది",
        "waterway": "river"
      },
      "geometry": {
        "type": "LineString",
        "coordinates": [
          [
            78.379096,
            17.3739079
          ],
          [
            78.3799127,
            17.3735646
          ],
          [
            78.3812545,
            17.3733048
          ],
          [
            78.3825767,
            17.3729151
          ],
          [
            78.3843365,
            17.372581
          ],
          [
            78.3863005,
            17.3715696
          ],
          [
            78.3878464,
            17.3708087
          ],
          [
            78.3904812,
            17.3708922
          ],
          [
            78.3931938,
            17.3708829
          ],
          [
            78.3956925,
            17.3709943
          ],
          [
            78.3976565,
            17.37092
          ],
          [
            78.398969,
            17.3708829
          ],
          [
            78.3997469,
            17.3715603
          ],
          [
            78.4009427,
            17.3721171
          ],
          [
            78.401633,
            17.372813
          ],
          [
            78.4024595,
            17.3729893
          ],
          [
            78.4041415,
            17.3722191
          ],
          [
            78.4057846,
            17.3715789
          ],
          [
            78.407068,
            17.3717181
          ],
          [
            78.4085847,
            17.3721171
          ],
          [
            78.4106653,
            17.3722098
          ],
          [
            78.4117265,
            17.3718734
          ],
          [
            78.4124592,
            17.3712275
          ]
        ]
      },
      "id": "way/152700200"
    },
    {
      "type": "Feature",
      "properties": {
        "@id": "way/152700214",
        "name": "Musi River",
        "name:fa": "رودخانه موسی",
        "name:te": "మూసి",
        "waterway": "river"
      },
      "geometry": {
        "type": "LineString",
        "coordinates": [
          [
            78.5059087,
            17.3856937
          ],
          [
            78.5072869,
            17.3856184
          ],
          [
            78.5081801,
            17.3856017
          ],
          [
            78.5090384,
            17.385635
          ],
          [
            78.5093388,
            17.3856875
          ],
          [
            78.5097291,
            17.3858155
          ],
          [
            78.5100321,
            17.3859153
          ],
          [
            78.5103701,
            17.3859818
          ],
          [
            78.510751,
            17.3859486
          ],
          [
            78.511038,
            17.3858449
          ],
          [
            78.5113317,
            17.3856478
          ],
          [
            78.512013,
            17.385086
          ],
          [
            78.5126996,
            17.3844819
          ],
          [
            78.5132749,
            17.3840582
          ],
          [
            78.5134399,
            17.3838368
          ],
          [
            78.5134828,
            17.3836461
          ],
          [
            78.5134909,
            17.3834234
          ],
          [
            78.5135324,
            17.3832033
          ],
          [
            78.5136196,
            17.3829358
          ],
          [
            78.5138811,
            17.3825186
          ],
          [
            78.5145436,
            17.381496
          ],
          [
            78.5148762,
            17.3810839
          ],
          [
            78.5152893,
            17.380801
          ],
          [
            78.5157238,
            17.3805514
          ],
          [
            78.5161167,
            17.3802033
          ],
          [
            78.5164838,
            17.3798844
          ],
          [
            78.5167699,
            17.379612
          ],
          [
            78.5169576,
            17.3794059
          ],
          [
            78.5171574,
            17.3792101
          ],
          [
            78.5175946,
            17.3789605
          ],
          [
            78.5179138,
            17.3788364
          ],
          [
            78.5181981,
            17.3786598
          ],
          [
            78.5184409,
            17.3784729
          ],
          [
            78.5186675,
            17.3782784
          ],
          [
            78.5189264,
            17.3780992
          ],
          [
            78.5196237,
            17.377641
          ],
          [
            78.5200945,
            17.3773677
          ],
          [
            78.5203509,
            17.3771789
          ],
          [
            78.5204562,
            17.3771114
          ],
          [
            78.5205437,
            17.377074
          ],
          [
            78.5206718,
            17.3770612
          ],
          [
            78.5208153,
            17.3771117
          ],
          [
            78.5210694,
            17.377161
          ],
          [
            78.5212156,
            17.377154
          ],
          [
            78.5213484,
            17.3771188
          ],
          [
            78.5217319,
            17.3768167
          ],
          [
            78.5220471,
            17.3765812
          ],
          [
            78.5221966,
            17.3765083
          ],
          [
            78.5223837,
            17.3764916
          ],
          [
            78.5225433,
            17.3765095
          ],
          [
            78.5226808,
            17.3765588
          ],
          [
            78.522827,
            17.3766299
          ],
          [
            78.5229933,
            17.3767316
          ],
          [
            78.5232259,
            17.3768314
          ],
          [
            78.5234821,
            17.3768711
          ],
          [
            78.5236772,
            17.3768225
          ],
          [
            78.5238744,
            17.37669
          ],
          [
            78.5240977,
            17.3765479
          ],
          [
            78.5243967,
            17.376411
          ],
          [
            78.5246569,
            17.3762971
          ],
          [
            78.5249493,
            17.3761665
          ],
          [
            78.5251705,
            17.3761064
          ],
          [
            78.5253925,
            17.3760833
          ],
          [
            78.525489,
            17.3761006
          ],
          [
            78.5256091,
            17.3761249
          ],
          [
            78.525704,
            17.3761182
          ],
          [
            78.5258324,
            17.3760757
          ],
          [
            78.5259913,
            17.3759899
          ],
          [
            78.5260731,
            17.3759214
          ],
          [
            78.5261187,
            17.3757979
          ],
          [
            78.5261697,
            17.3756891
          ],
          [
            78.5262273,
            17.3756296
          ],
          [
            78.5262951,
            17.3756123
          ],
          [
            78.5264064,
            17.3755989
          ],
          [
            78.5264976,
            17.3755963
          ],
          [
            78.5266384,
            17.3755906
          ],
          [
            78.5266826,
            17.3755835
          ],
          [
            78.5267463,
            17.3755592
          ],
          [
            78.5269334,
            17.3754805
          ],
          [
            78.5270635,
            17.3754607
          ],
          [
            78.5272586,
            17.3754523
          ],
          [
            78.5275993,
            17.3754511
          ],
          [
            78.5279285,
            17.3755227
          ],
          [
            78.5282169,
            17.3755189
          ],
          [
            78.5283054,
            17.3755234
          ],
          [
            78.5283476,
            17.3755298
          ],
          [
            78.5283892,
            17.3755535
          ],
          [
            78.5284522,
            17.3755803
          ],
          [
            78.5286105,
            17.3756143
          ],
          [
            78.5289431,
            17.3756418
          ],
          [
            78.5292904,
            17.3756687
          ],
          [
            78.5295667,
            17.3757122
          ],
          [
            78.5297933,
            17.3758248
          ],
          [
            78.5299824,
            17.3760206
          ],
          [
            78.5301031,
            17.3764788
          ],
          [
            78.5301836,
            17.3766286
          ],
          [
            78.5302976,
            17.3767195
          ],
          [
            78.5305135,
            17.3768295
          ],
          [
            78.530826,
            17.3769575
          ],
          [
            78.5314147,
            17.3772161
          ],
          [
            78.5317205,
            17.3772455
          ],
          [
            78.5318841,
            17.3772122
          ],
          [
            78.5320289,
            17.3771841
          ],
          [
            78.5326874,
            17.3770842
          ],
          [
            78.5328417,
            17.3770804
          ],
          [
            78.5329758,
            17.3771021
          ],
          [
            78.5330649,
            17.3771604
          ],
          [
            78.533134,
            17.3772308
          ],
          [
            78.5331595,
            17.3773479
          ],
          [
            78.5331407,
            17.3774682
          ],
          [
            78.5330898,
            17.3776301
          ],
          [
            78.5330837,
            17.3777504
          ],
          [
            78.5331119,
            17.377863
          ],
          [
            78.5331682,
            17.3779386
          ],
          [
            78.5333171,
            17.378071
          ],
          [
            78.5336959,
            17.3783936
          ],
          [
            78.5338891,
            17.3785215
          ],
          [
            78.5340513,
            17.378638
          ],
          [
            78.5345261,
            17.3789285
          ],
          [
            78.5347112,
            17.3791461
          ],
          [
            78.5348667,
            17.3793599
          ],
          [
            78.5349566,
            17.3796286
          ],
          [
            78.5350129,
            17.3797989
          ],
          [
            78.5350907,
            17.3799153
          ],
          [
            78.535198,
            17.3800408
          ],
          [
            78.5353884,
            17.3802263
          ],
          [
            78.5355574,
            17.3804887
          ],
          [
            78.5360415,
            17.3810992
          ],
          [
            78.5364345,
            17.3814089
          ],
          [
            78.5367912,
            17.3816368
          ],
          [
            78.5370165,
            17.3817724
          ],
          [
            78.5373236,
            17.3818761
          ],
          [
            78.5376267,
            17.3819106
          ],
          [
            78.5379539,
            17.3819606
          ],
          [
            78.5382235,
            17.3821308
          ],
          [
            78.538481,
            17.3823868
          ],
          [
            78.5388592,
            17.3825903
          ],
          [
            78.5394466,
            17.382635
          ],
          [
            78.5398892,
            17.3825647
          ],
          [
            78.5403384,
            17.3824943
          ],
          [
            78.5405396,
            17.3824508
          ],
          [
            78.5406777,
            17.3824162
          ],
          [
            78.5408413,
            17.3824316
          ],
          [
            78.5409982,
            17.3824853
          ],
          [
            78.5411726,
            17.3825787
          ],
          [
            78.5413215,
            17.3826376
          ],
          [
            78.5416755,
            17.3827221
          ],
          [
            78.542043,
            17.3829102
          ],
          [
            78.5424024,
            17.3832007
          ],
          [
            78.5429764,
            17.383403
          ],
          [
            78.5436067,
            17.3835514
          ],
          [
            78.5441217,
            17.3836641
          ],
          [
            78.5449156,
            17.3835745
          ],
          [
            78.545444,
            17.3832545
          ],
          [
            78.5456868,
            17.3829972
          ],
          [
            78.545841,
            17.3829
          ],
          [
            78.5460328,
            17.3828501
          ],
          [
            78.5463734,
            17.3828987
          ],
          [
            78.5467985,
            17.3829025
          ],
          [
            78.5471821,
            17.382763
          ],
          [
            78.5475133,
            17.3824674
          ],
          [
            78.5476555,
            17.3822178
          ],
          [
            78.5477118,
            17.3820412
          ],
          [
            78.5478164,
            17.3818838
          ],
          [
            78.5480109,
            17.3816201
          ],
          [
            78.5483931,
            17.3812912
          ],
          [
            78.548951,
            17.3809853
          ],
          [
            78.5494767,
            17.3807473
          ],
          [
            78.5501929,
            17.3803287
          ],
          [
            78.5503766,
            17.3802302
          ],
          [
            78.5505503,
            17.3801802
          ],
          [
            78.551259,
            17.3801483
          ],
          [
            78.551829,
            17.3801502
          ]
        ]
      },
      "id": "way/152700214"
    },
    {
      "type": "Feature",
      "properties": {
        "@id": "way/163627508",
        "waterway": "drain"
      },
      "geometry": {
        "type": "LineString",
        "coordinates": [
          [
            78.4287143,
            17.4710365
          ],
          [
            78.4287867,
            17.4710493
          ]
        ]
      },
      "id": "way/163627508"
    },
    {
      "type": "Feature",
      "properties": {
        "@id": "way/163627512",
        "waterway": "drain"
      },
      "geometry": {
        "type": "LineString",
        "coordinates": [
          [
            78.426524,
            17.4721553
          ],
          [
            78.4266232,
            17.4718483
          ],
          [
            78.4266445,
            17.4717038
          ],
          [
            78.4266516,
            17.4716556
          ],
          [
            78.4267536,
            17.4715661
          ],
          [
            78.4269976,
            17.4714919
          ],
          [
            78.4275673,
            17.4712163
          ],
          [
            78.4287143,
            17.4710365
          ]
        ]
      },
      "id": "way/163627512"
    },
    {
      "type": "Feature",
      "properties": {
        "@id": "way/163627513",
        "waterway": "drain"
      },
      "geometry": {
        "type": "LineString",
        "coordinates": [
          [
            78.4287867,
            17.4710493
          ],
          [
            78.428832,
            17.471053
          ],
          [
            78.4289422,
            17.4710621
          ],
          [
            78.4293526,
            17.4708932
          ],
          [
            78.4295162,
            17.4706911
          ],
          [
            78.4297147,
            17.4703636
          ],
          [
            78.4299534,
            17.4701845
          ],
          [
            78.4301868,
            17.4701154
          ],
          [
            78.4307447,
            17.4700208
          ],
          [
            78.4313051,
            17.4699148
          ],
          [
            78.4317049,
            17.4698391
          ],
          [
            78.432221,
            17.4696224
          ],
          [
            78.4326866,
            17.4695474
          ],
          [
            78.4328529,
            17.4694707
          ],
          [
            78.4331077,
            17.4692302
          ],
          [
            78.4333572,
            17.4688694
          ],
          [
            78.4334018,
            17.4688004
          ],
          [
            78.4334494,
            17.4685913
          ],
          [
            78.4334064,
            17.4684766
          ],
          [
            78.4334108,
            17.468414
          ],
          [
            78.4335299,
            17.4681922
          ],
          [
            78.4337756,
            17.4680456
          ],
          [
            78.4338856,
            17.4679432
          ],
          [
            78.4343952,
            17.4677923
          ],
          [
            78.434827,
            17.4677488
          ],
          [
            78.4349997,
            17.4678186
          ],
          [
            78.4353098,
            17.4680686
          ],
          [
            78.4356301,
            17.4681973
          ],
          [
            78.4358811,
            17.4682375
          ],
          [
            78.4361815,
            17.4680814
          ]
        ]
      },
      "id": "way/163627513"
    },
    {
      "type": "Feature",
      "properties": {
        "@id": "way/163627518",
        "tunnel": "yes",
        "waterway": "drain"
      },
      "geometry": {
        "type": "LineString",
        "coordinates": [
          [
            78.426524,
            17.4722299
          ],
          [
            78.426524,
            17.4721553
          ]
        ]
      },
      "id": "way/163627518"
    },
    {
      "type": "Feature",
      "properties": {
        "@id": "way/163627519",
        "source": "bing",
        "waterway": "drain"
      },
      "geometry": {
        "type": "LineString",
        "coordinates": [
          [
            78.4138229,
            17.5049139
          ],
          [
            78.4138429,
            17.5048646
          ],
          [
            78.4138028,
            17.5047322
          ],
          [
            78.4137492,
            17.5045848
          ],
          [
            78.4137212,
            17.5044235
          ],
          [
            78.413703,
            17.50429
          ],
          [
            78.413703,
            17.5041519
          ],
          [
            78.4136823,
            17.504001
          ],
          [
            78.4136397,
            17.5038141
          ],
          [
            78.4136275,
            17.5037305
          ],
          [
            78.4135995,
            17.5036017
          ],
          [
            78.4135776,
            17.5034821
          ],
          [
            78.4135362,
            17.5032988
          ],
          [
            78.4135241,
            17.5032454
          ],
          [
            78.4134802,
            17.5030747
          ],
          [
            78.4134729,
            17.5030213
          ],
          [
            78.4134705,
            17.5029563
          ],
          [
            78.4135034,
            17.5029169
          ],
          [
            78.413546,
            17.5028728
          ],
          [
            78.4135715,
            17.5028182
          ],
          [
            78.4134802,
            17.5022715
          ],
          [
            78.4134644,
            17.5021984
          ],
          [
            78.4134717,
            17.5021415
          ],
          [
            78.4135241,
            17.5021194
          ],
          [
            78.4135764,
            17.5020997
          ],
          [
            78.4136263,
            17.5020951
          ],
          [
            78.4136835,
            17.5020881
          ],
          [
            78.4137261,
            17.5020649
          ],
          [
            78.4137614,
            17.5020231
          ],
          [
            78.4137577,
            17.5019314
          ],
          [
            78.4137407,
            17.501907
          ],
          [
            78.4136628,
            17.5018153
          ],
          [
            78.4136385,
            17.5016401
          ],
          [
            78.4136044,
            17.5015135
          ],
          [
            78.4135837,
            17.5013696
          ],
          [
            78.4136117,
            17.5012837
          ],
          [
            78.4136519,
            17.5011746
          ],
          [
            78.4137541,
            17.5010504
          ],
          [
            78.4138965,
            17.5009471
          ],
          [
            78.4141131,
            17.500809
          ],
          [
            78.4142141,
            17.5007289
          ],
          [
            78.4143103,
            17.5006407
          ],
          [
            78.414331,
            17.5005443
          ],
          [
            78.4142516,
            17.5003238
          ],
          [
            78.4142223,
            17.5002604
          ],
          [
            78.4142047,
            17.5001112
          ],
          [
            78.4142027,
            17.499975
          ],
          [
            78.41419,
            17.4998471
          ],
          [
            78.4141756,
            17.499746
          ],
          [
            78.4141379,
            17.4996496
          ],
          [
            78.4141379,
            17.4994331
          ],
          [
            78.4141702,
            17.4993757
          ],
          [
            78.4143059,
            17.4991274
          ],
          [
            78.4144746,
            17.4990365
          ],
          [
            78.4147533,
            17.4989945
          ],
          [
            78.4151566,
            17.498991
          ],
          [
            78.4154353,
            17.4988267
          ],
          [
            78.4156664,
            17.4987427
          ],
          [
            78.4158084,
            17.4986471
          ]
        ]
      },
      "id": "way/163627519"
    },
    {
      "type": "Feature",
      "properties": {
        "@id": "way/163628033",
        "waterway": "drain"
      },
      "geometry": {
        "type": "LineString",
        "coordinates": [
          [
            78.4390274,
            17.4675569
          ],
          [
            78.4393637,
            17.4674784
          ],
          [
            78.4398213,
            17.467452
          ],
          [
            78.4401485,
            17.4672831
          ],
          [
            78.4406179,
            17.4667535
          ],
          [
            78.4407682,
            17.4666319
          ],
          [
            78.4408204,
            17.4665464
          ],
          [
            78.440899,
            17.4665265
          ],
          [
            78.4410963,
            17.4662956
          ],
          [
            78.4411462,
            17.4661313
          ],
          [
            78.4411567,
            17.4657541
          ],
          [
            78.4410551,
            17.4655382
          ],
          [
            78.4408365,
            17.4652976
          ],
          [
            78.4407858,
            17.4652417
          ]
        ]
      },
      "id": "way/163628033"
    },
    {
      "type": "Feature",
      "properties": {
        "@id": "way/163628034",
        "waterway": "drain"
      },
      "geometry": {
        "type": "LineString",
        "coordinates": [
          [
            78.4361815,
            17.4680814
          ],
          [
            78.436365,
            17.467967
          ]
        ]
      },
      "id": "way/163628034"
    },
    {
      "type": "Feature",
      "properties": {
        "@id": "way/163628035",
        "waterway": "drain"
      },
      "geometry": {
        "type": "LineString",
        "coordinates": [
          [
            78.436365,
            17.467967
          ],
          [
            78.4366949,
            17.467747
          ],
          [
            78.4369111,
            17.4677283
          ],
          [
            78.4372517,
            17.467846
          ],
          [
            78.4378778,
            17.4678801
          ],
          [
            78.4383498,
            17.4677598
          ],
          [
            78.4385285,
            17.4677693
          ],
          [
            78.4389013,
            17.4676132
          ]
        ]
      },
      "id": "way/163628035"
    },
    {
      "type": "Feature",
      "properties": {
        "@id": "way/163628036",
        "layer": "-1",
        "tunnel": "yes",
        "waterway": "drain"
      },
      "geometry": {
        "type": "LineString",
        "coordinates": [
          [
            78.4389013,
            17.4676132
          ],
          [
            78.4390274,
            17.4675569
          ]
        ]
      },
      "id": "way/163628036"
    },
    {
      "type": "Feature",
      "properties": {
        "@id": "way/173752018",
        "intermittent": "yes",
        "waterway": "stream"
      },
      "geometry": {
        "type": "LineString",
        "coordinates": [
          [
            78.6424085,
            17.2085446
          ],
          [
            78.6426526,
            17.2087404
          ],
          [
            78.6428189,
            17.2089608
          ],
          [
            78.6433393,
            17.2092836
          ],
          [
            78.643865,
            17.2094066
          ],
          [
            78.6446053,
            17.2096628
          ],
          [
            78.6454046,
            17.2103597
          ],
          [
            78.6460376,
            17.2108772
          ],
          [
            78.6463165,
            17.2113948
          ],
          [
            78.6462575,
            17.2119123
          ],
          [
            78.6458284,
            17.2125734
          ],
          [
            78.6454958,
            17.2129115
          ],
          [
            78.6449647,
            17.2131831
          ],
          [
            78.6437684,
            17.2133778
          ],
          [
            78.6428511,
            17.213383
          ],
          [
            78.6412632,
            17.2135316
          ],
          [
            78.6408448,
            17.2137263
          ],
          [
            78.6404368,
            17.2142102
          ]
        ]
      },
      "id": "way/173752018"
    },
    {
      "type": "Feature",
      "properties": {
        "@id": "way/184706437",
        "waterway": "drain"
      },
      "geometry": {
        "type": "LineString",
        "coordinates": [
          [
            78.5503766,
            17.3802302
          ],
          [
            78.5500039,
            17.3801341
          ],
          [
            78.5498589,
            17.3801696
          ],
          [
            78.5498268,
            17.3801417
          ],
          [
            78.549757,
            17.3800954
          ],
          [
            78.5497142,
            17.380088
          ],
          [
            78.5497007,
            17.3801057
          ],
          [
            78.5496793,
            17.3801341
          ],
          [
            78.5496631,
            17.3801722
          ],
          [
            78.5496176,
            17.3801673
          ],
          [
            78.5495854,
            17.3801699
          ],
          [
            78.5495934,
            17.3802106
          ],
          [
            78.5495157,
            17.3801981
          ],
          [
            78.549478,
            17.3802285
          ],
          [
            78.5494352,
            17.3801955
          ],
          [
            78.5494271,
            17.3801671
          ],
          [
            78.5493734,
            17.3801876
          ],
          [
            78.549309,
            17.3801671
          ],
          [
            78.5492592,
            17.3801208
          ],
          [
            78.5493278,
            17.3799725
          ],
          [
            78.5493478,
            17.3798834
          ],
          [
            78.5493628,
            17.3798167
          ],
          [
            78.5493333,
            17.379745
          ],
          [
            78.5493038,
            17.3797194
          ],
          [
            78.5493038,
            17.3796324
          ]
        ]
      },
      "id": "way/184706437"
    },
    {
      "type": "Feature",
      "properties": {
        "@id": "way/209298781",
        "layer": "-1",
        "tunnel": "yes",
        "waterway": "drain"
      },
      "geometry": {
        "type": "LineString",
        "coordinates": [
          [
            78.4602389,
            17.4127323
          ],
          [
            78.4605947,
            17.4128958
          ]
        ]
      },
      "id": "way/209298781"
    },
    {
      "type": "Feature",
      "properties": {
        "@id": "way/209298783",
        "layer": "-1",
        "waterway": "drain"
      },
      "geometry": {
        "type": "LineString",
        "coordinates": [
          [
            78.4605947,
            17.4128958
          ],
          [
            78.4606572,
            17.4129563
          ],
          [
            78.46067,
            17.4130354
          ],
          [
            78.4606888,
            17.4131521
          ],
          [
            78.4606754,
            17.4132519
          ],
          [
            78.4605923,
            17.4136844
          ],
          [
            78.4605844,
            17.4142786
          ],
          [
            78.4606509,
            17.41473
          ],
          [
            78.4607075,
            17.4151328
          ],
          [
            78.4609113,
            17.4156703
          ],
          [
            78.4610481,
            17.4161269
          ],
          [
            78.4611412,
            17.4161022
          ],
          [
            78.4613995,
            17.4160337
          ],
          [
            78.4618166,
            17.4160004
          ],
          [
            78.4623857,
            17.4159056
          ],
          [
            78.4625478,
            17.4158807
          ],
          [
            78.4642562,
            17.4155398
          ],
          [
            78.4651896,
            17.4154732
          ],
          [
            78.4658747,
            17.4156526
          ]
        ]
      },
      "id": "way/209298783"
    },
    {
      "type": "Feature",
      "properties": {
        "@id": "way/209298790",
        "layer": "-1",
        "tunnel": "yes",
        "waterway": "drain"
      },
      "geometry": {
        "type": "LineString",
        "coordinates": [
          [
            78.4364611,
            17.3996675
          ],
          [
            78.4368205,
            17.4010497
          ],
          [
            78.4370351,
            17.401884
          ],
          [
            78.4372657,
            17.4023038
          ],
          [
            78.4373516,
            17.4031177
          ],
          [
            78.4374654,
            17.4033854
          ],
          [
            78.4375018,
            17.4034709
          ],
          [
            78.4380691,
            17.403851
          ],
          [
            78.4382476,
            17.4039301
          ],
          [
            78.4382813,
            17.403873
          ],
          [
            78.4384781,
            17.4037883
          ],
          [
            78.4386143,
            17.4037355
          ],
          [
            78.4389877,
            17.4037012
          ],
          [
            78.4390319,
            17.4036653
          ],
          [
            78.4393673,
            17.4037012
          ],
          [
            78.4396596,
            17.4037549
          ],
          [
            78.4398339,
            17.4037421
          ],
          [
            78.4402711,
            17.4038496
          ],
          [
            78.4405595,
            17.4040544
          ],
          [
            78.4413266,
            17.4043411
          ],
          [
            78.4425229,
            17.4045766
          ],
          [
            78.4431129,
            17.4047864
          ],
          [
            78.4432692,
            17.4049182
          ],
          [
            78.4440034,
            17.4054212
          ],
          [
            78.4441025,
            17.4054411
          ],
          [
            78.4448242,
            17.4053546
          ],
          [
            78.4454748,
            17.4054699
          ],
          [
            78.4454885,
            17.4054723
          ],
          [
            78.4467921,
            17.4056106
          ],
          [
            78.4480527,
            17.4057283
          ],
          [
            78.4485698,
            17.4058382
          ],
          [
            78.45022,
            17.4068954
          ],
          [
            78.4510461,
            17.4071615
          ],
          [
            78.4513159,
            17.4073929
          ],
          [
            78.4514699,
            17.407525
          ],
          [
            78.4519466,
            17.4080076
          ],
          [
            78.4523496,
            17.4084156
          ],
          [
            78.4531007,
            17.4086306
          ],
          [
            78.4534654,
            17.4088046
          ],
          [
            78.4537123,
            17.408766
          ],
          [
            78.4539482,
            17.4087944
          ],
          [
            78.4548082,
            17.4092809
          ],
          [
            78.455875,
            17.4100365
          ],
          [
            78.4569757,
            17.4104562
          ],
          [
            78.4573859,
            17.4102537
          ],
          [
            78.457508,
            17.4101284
          ],
          [
            78.4577033,
            17.4102379
          ],
          [
            78.4579239,
            17.4108899
          ],
          [
            78.4582049,
            17.4114808
          ],
          [
            78.4584222,
            17.4117735
          ],
          [
            78.4586698,
            17.4119959
          ],
          [
            78.4602389,
            17.4127323
          ]
        ]
      },
      "id": "way/209298790"
    },
    {
      "type": "Feature",
      "properties": {
        "@id": "way/211851775",
        "layer": "-1",
        "waterway": "river"
      },
      "geometry": {
        "type": "LineString",
        "coordinates": [
          [
            78.4954834,
            17.3771124
          ],
          [
            78.4955265,
            17.3773078
          ],
          [
            78.4957109,
            17.3776083
          ],
          [
            78.496162,
            17.3782825
          ],
          [
            78.4963776,
            17.378713
          ],
          [
            78.4960655,
            17.3789566
          ],
          [
            78.4957421,
            17.3791489
          ],
          [
            78.4956173,
            17.3793682
          ],
          [
            78.4955634,
            17.379712
          ],
          [
            78.4954852,
            17.3803569
          ],
          [
            78.495512,
            17.3804721
          ],
          [
            78.4955952,
            17.3806129
          ],
          [
            78.4956434,
            17.3807306
          ],
          [
            78.4956729,
            17.3808637
          ],
          [
            78.495681,
            17.3810583
          ]
        ]
      },
      "id": "way/211851775"
    },
    {
      "type": "Feature",
      "properties": {
        "@id": "way/211851776",
        "layer": "-1",
        "tunnel": "yes",
        "waterway": "river"
      },
      "geometry": {
        "type": "LineString",
        "coordinates": [
          [
            78.4954125,
            17.3767916
          ],
          [
            78.4954451,
            17.3769392
          ],
          [
            78.4954834,
            17.3771124
          ]
        ]
      },
      "id": "way/211851776"
    },
    {
      "type": "Feature",
      "properties": {
        "@id": "way/213819216",
        "intermittent": "no",
        "waterway": "drain"
      },
      "geometry": {
        "type": "LineString",
        "coordinates": [
          [
            78.5133809,
            17.417816
          ],
          [
            78.5135109,
            17.4182102
          ],
          [
            78.5135656,
            17.4184033
          ],
          [
            78.5135986,
            17.4185007
          ],
          [
            78.5136381,
            17.4185619
          ],
          [
            78.5136825,
            17.4186409
          ],
          [
            78.5137158,
            17.4186549
          ],
          [
            78.5137701,
            17.418691
          ],
          [
            78.5137745,
            17.4187281
          ],
          [
            78.5137978,
            17.4187826
          ],
          [
            78.5138282,
            17.418796
          ],
          [
            78.5139262,
            17.4187637
          ],
          [
            78.5139509,
            17.41876
          ],
          [
            78.5139625,
            17.4187645
          ],
          [
            78.5140716,
            17.419058
          ],
          [
            78.5143446,
            17.4199338
          ],
          [
            78.5143474,
            17.4199404
          ]
        ]
      },
      "id": "way/213819216"
    },
    {
      "type": "Feature",
      "properties": {
        "@id": "way/237977943",
        "layer": "-1",
        "tunnel": "yes",
        "waterway": "drain"
      },
      "geometry": {
        "type": "LineString",
        "coordinates": [
          [
            78.4405346,
            17.4234115
          ],
          [
            78.441675,
            17.4231184
          ],
          [
            78.4418237,
            17.4229079
          ],
          [
            78.4420156,
            17.422853
          ],
          [
            78.4421787,
            17.4227477
          ],
          [
            78.4435075,
            17.4227065
          ],
          [
            78.4442616,
            17.4228436
          ],
          [
            78.4447093,
            17.4229633
          ],
          [
            78.4450418,
            17.4230507
          ],
          [
            78.4455811,
            17.4234358
          ],
          [
            78.4460798,
            17.4234941
          ],
          [
            78.4461971,
            17.4235773
          ],
          [
            78.4463375,
            17.4235103
          ],
          [
            78.4467582,
            17.423274
          ],
          [
            78.44723,
            17.4234919
          ]
        ]
      },
      "id": "way/237977943"
    },
    {
      "type": "Feature",
      "properties": {
        "@id": "way/237977944",
        "layer": "-1",
        "tunnel": "culvert",
        "waterway": "stream"
      },
      "geometry": {
        "type": "LineString",
        "coordinates": [
          [
            78.4261728,
            17.4157664
          ],
          [
            78.4285807,
            17.415288
          ],
          [
            78.4294581,
            17.4151054
          ],
          [
            78.4304543,
            17.4149544
          ],
          [
            78.4330074,
            17.4145641
          ],
          [
            78.4334456,
            17.4145316
          ],
          [
            78.4339279,
            17.4144333
          ],
          [
            78.4343763,
            17.414361
          ],
          [
            78.4347972,
            17.4142286
          ],
          [
            78.4357925,
            17.4140634
          ],
          [
            78.4358106,
            17.4141306
          ],
          [
            78.4367414,
            17.4139787
          ],
          [
            78.4376386,
            17.4136104
          ],
          [
            78.4379137,
            17.4135997
          ],
          [
            78.4380909,
            17.4135793
          ],
          [
            78.4381191,
            17.4135774
          ],
          [
            78.4383257,
            17.4135632
          ],
          [
            78.4385094,
            17.4135506
          ],
          [
            78.4387745,
            17.4134981
          ],
          [
            78.440498,
            17.4131567
          ],
          [
            78.4407386,
            17.4131064
          ],
          [
            78.441399,
            17.4129492
          ],
          [
            78.4421842,
            17.4127623
          ],
          [
            78.4425766,
            17.4127103
          ],
          [
            78.4431934,
            17.4125088
          ],
          [
            78.4444436,
            17.4122413
          ],
          [
            78.4461151,
            17.4116698
          ],
          [
            78.4463404,
            17.4116228
          ]
        ]
      },
      "id": "way/237977944"
    },
    {
      "type": "Feature",
      "properties": {
        "@id": "way/238168690",
        "layer": "-1",
        "tunnel": "yes",
        "waterway": "drain"
      },
      "geometry": {
        "type": "LineString",
        "coordinates": [
          [
            78.4484774,
            17.423124
          ],
          [
            78.4486258,
            17.4232134
          ]
        ]
      },
      "id": "way/238168690"
    },
    {
      "type": "Feature",
      "properties": {
        "@id": "way/238168691",
        "waterway": "drain"
      },
      "geometry": {
        "type": "LineString",
        "coordinates": [
          [
            78.44723,
            17.4234919
          ],
          [
            78.4477366,
            17.4234995
          ],
          [
            78.4482156,
            17.4230781
          ],
          [
            78.4484774,
            17.423124
          ]
        ]
      },
      "id": "way/238168691"
    },
    {
      "type": "Feature",
      "properties": {
        "@id": "way/238222326",
        "waterway": "drain"
      },
      "geometry": {
        "type": "LineString",
        "coordinates": [
          [
            78.4446619,
            17.3497849
          ],
          [
            78.4461469,
            17.3499806
          ],
          [
            78.446691,
            17.3500276
          ],
          [
            78.4468748,
            17.3501418
          ],
          [
            78.4471707,
            17.3502436
          ],
          [
            78.4475721,
            17.3504523
          ],
          [
            78.4479006,
            17.3509029
          ],
          [
            78.4479071,
            17.3510909
          ],
          [
            78.4479996,
            17.3513058
          ],
          [
            78.4480094,
            17.3515186
          ],
          [
            78.4479256,
            17.3517087
          ],
          [
            78.4479572,
            17.3517626
          ],
          [
            78.4483967,
            17.3518976
          ],
          [
            78.4488133,
            17.3524074
          ],
          [
            78.4492582,
            17.3529785
          ],
          [
            78.4492267,
            17.35321
          ],
          [
            78.4491092,
            17.3534509
          ],
          [
            78.4488633,
            17.3538745
          ],
          [
            78.4488992,
            17.3546595
          ],
          [
            78.4488775,
            17.3548547
          ],
          [
            78.448413,
            17.3550727
          ],
          [
            78.4483803,
            17.3551392
          ],
          [
            78.4485246,
            17.3554868
          ]
        ]
      },
      "id": "way/238222326"
    },
    {
      "type": "Feature",
      "properties": {
        "@id": "way/238222328",
        "waterway": "drain"
      },
      "geometry": {
        "type": "LineString",
        "coordinates": [
          [
            78.4642902,
            17.3716712
          ],
          [
            78.4643722,
            17.3713439
          ],
          [
            78.4644089,
            17.3708669
          ],
          [
            78.4643327,
            17.3706431
          ],
          [
            78.4639868,
            17.3703353
          ],
          [
            78.4638519,
            17.3698709
          ],
          [
            78.463934,
            17.3695856
          ],
          [
            78.4641262,
            17.3693151
          ]
        ]
      },
      "id": "way/238222328"
    },
    {
      "type": "Feature",
      "properties": {
        "@id": "way/238231556",
        "layer": "-1",
        "tunnel": "yes",
        "waterway": "drain"
      },
      "geometry": {
        "type": "LineString",
        "coordinates": [
          [
            78.4809917,
            17.3786502
          ],
          [
            78.4815494,
            17.378356
          ],
          [
            78.4823263,
            17.3779387
          ],
          [
            78.4825731,
            17.3779436
          ]
        ]
      },
      "id": "way/238231556"
    },
    {
      "type": "Feature",
      "properties": {
        "@id": "way/238233522",
        "waterway": "canal"
      },
      "geometry": {
        "type": "LineString",
        "coordinates": [
          [
            78.4957547,
            17.3810839
          ],
          [
            78.4956709,
            17.3813187
          ],
          [
            78.4955888,
            17.3815169
          ],
          [
            78.495567,
            17.3818472
          ],
          [
            78.4956348,
            17.3819512
          ],
          [
            78.4962955,
            17.382092
          ],
          [
            78.4965278,
            17.3823322
          ],
          [
            78.4971353,
            17.3828681
          ],
          [
            78.4973628,
            17.3832515
          ],
          [
            78.4980791,
            17.3840298
          ],
          [
            78.4983236,
            17.3844779
          ],
          [
            78.4990327,
            17.3848913
          ],
          [
            78.4995022,
            17.3854156
          ],
          [
            78.4997902,
            17.3855865
          ],
          [
            78.500388,
            17.3858174
          ],
          [
            78.5005792,
            17.3859953
          ],
          [
            78.5015215,
            17.3865289
          ],
          [
            78.5033793,
            17.3868775
          ],
          [
            78.5040763,
            17.386933
          ],
          [
            78.5052428,
            17.3873302
          ],
          [
            78.5056016,
            17.387367
          ]
        ]
      },
      "id": "way/238233522"
    },
    {
      "type": "Feature",
      "properties": {
        "@id": "way/238299276",
        "waterway": "drain"
      },
      "geometry": {
        "type": "LineString",
        "coordinates": [
          [
            78.4635635,
            17.4325508
          ],
          [
            78.4625241,
            17.4308929
          ]
        ]
      },
      "id": "way/238299276"
    },
    {
      "type": "Feature",
      "properties": {
        "@id": "way/238299277",
        "tunnel": "yes",
        "waterway": "drain"
      },
      "geometry": {
        "type": "LineString",
        "coordinates": [
          [
            78.4610625,
            17.4319879
          ],
          [
            78.461593,
            17.4317245
          ],
          [
            78.4622588,
            17.4312648
          ],
          [
            78.4622534,
            17.4309859
          ],
          [
            78.4625241,
            17.4308929
          ]
        ]
      },
      "id": "way/238299277"
    },
    {
      "type": "Feature",
      "properties": {
        "@id": "way/252608593",
        "waterway": "stream"
      },
      "geometry": {
        "type": "LineString",
        "coordinates": [
          [
            78.5806962,
            17.4013872
          ],
          [
            78.5806554,
            17.4009408
          ],
          [
            78.5804809,
            17.4005354
          ],
          [
            78.5803606,
            17.4004104
          ],
          [
            78.580311,
            17.4003159
          ],
          [
            78.5802402,
            17.4001436
          ],
          [
            78.5801447,
            17.4000592
          ],
          [
            78.5801057,
            17.3998768
          ],
          [
            78.5799571,
            17.3998464
          ],
          [
            78.5795713,
            17.3998025
          ],
          [
            78.5794899,
            17.399735
          ],
          [
            78.579359,
            17.399708
          ],
          [
            78.5790723,
            17.3995087
          ],
          [
            78.5789343,
            17.3992183
          ],
          [
            78.5788493,
            17.3991474
          ],
          [
            78.5788246,
            17.3990866
          ],
          [
            78.5788281,
            17.3989852
          ],
          [
            78.5788989,
            17.3988941
          ],
          [
            78.5789095,
            17.39884
          ],
          [
            78.5788387,
            17.3987995
          ],
          [
            78.5787892,
            17.3987522
          ],
          [
            78.5788033,
            17.398661
          ],
          [
            78.5788493,
            17.3986002
          ],
          [
            78.5788776,
            17.3984651
          ],
          [
            78.5789378,
            17.3982828
          ],
          [
            78.5790051,
            17.3981409
          ],
          [
            78.5790723,
            17.3980903
          ],
          [
            78.5790829,
            17.3979552
          ],
          [
            78.5790369,
            17.3978775
          ],
          [
            78.5789449,
            17.3978032
          ],
          [
            78.5788989,
            17.3977357
          ],
          [
            78.5788918,
            17.3976411
          ],
          [
            78.5788741,
            17.3974081
          ],
          [
            78.5788246,
            17.3972628
          ],
          [
            78.5787361,
            17.3970838
          ],
          [
            78.5787007,
            17.3968947
          ],
          [
            78.5786547,
            17.3968508
          ],
          [
            78.5785273,
            17.3968407
          ],
          [
            78.5784742,
            17.3967596
          ],
          [
            78.5785025,
            17.3966448
          ],
          [
            78.5784954,
            17.3965502
          ],
          [
            78.5784105,
            17.3965029
          ],
          [
            78.5783468,
            17.3963915
          ],
          [
            78.5782264,
            17.3962564
          ],
          [
            78.5781238,
            17.3961551
          ],
          [
            78.5779575,
            17.3959896
          ],
          [
            78.5779114,
            17.3958579
          ],
          [
            78.5778017,
            17.3957869
          ],
          [
            78.5776885,
            17.3956451
          ],
          [
            78.5776425,
            17.3952466
          ],
          [
            78.5776531,
            17.3950541
          ],
          [
            78.5777062,
            17.3949055
          ],
          [
            78.5776495,
            17.3948278
          ],
          [
            78.5775929,
            17.3947028
          ],
          [
            78.5775469,
            17.394615
          ],
          [
            78.5775646,
            17.3944664
          ],
          [
            78.5775434,
            17.3941928
          ],
          [
            78.5775611,
            17.3940746
          ],
          [
            78.5775363,
            17.393926
          ],
          [
            78.5775752,
            17.3938146
          ],
          [
            78.5776354,
            17.3936964
          ],
          [
            78.5776849,
            17.3935647
          ],
          [
            78.5776885,
            17.3934296
          ],
          [
            78.5777133,
            17.3933181
          ],
          [
            78.5777557,
            17.3931661
          ],
          [
            78.5777699,
            17.3929432
          ],
          [
            78.5777557,
            17.3927744
          ],
          [
            78.5778336,
            17.3926697
          ],
          [
            78.5779398,
            17.392521
          ],
          [
            78.5780247,
            17.3924366
          ],
          [
            78.578138,
            17.3922036
          ],
          [
            78.5781273,
            17.3919536
          ],
          [
            78.5783114,
            17.3915484
          ],
          [
            78.5784777,
            17.391366
          ],
          [
            78.5788341,
            17.3910265
          ],
          [
            78.5790393,
            17.3907515
          ],
          [
            78.5791395,
            17.3905858
          ],
          [
            78.5792459,
            17.390427
          ],
          [
            78.5793024,
            17.3899069
          ],
          [
            78.5793793,
            17.3897996
          ],
          [
            78.5795322,
            17.3896423
          ]
        ]
      },
      "id": "way/252608593"
    },
    {
      "type": "Feature",
      "properties": {
        "@id": "way/252608594",
        "waterway": "drain"
      },
      "geometry": {
        "type": "LineString",
        "coordinates": [
          [
            78.5781172,
            17.388305
          ],
          [
            78.5778666,
            17.3889011
          ],
          [
            78.5778049,
            17.3892902
          ]
        ]
      },
      "id": "way/252608594"
    },
    {
      "type": "Feature",
      "properties": {
        "@id": "way/252710949",
        "waterway": "ditch"
      },
      "geometry": {
        "type": "LineString",
        "coordinates": [
          [
            78.5619001,
            17.3770263
          ],
          [
            78.561959,
            17.3765646
          ],
          [
            78.5620729,
            17.376489
          ],
          [
            78.5624693,
            17.376163
          ],
          [
            78.562516,
            17.3761145
          ],
          [
            78.5625607,
            17.3760563
          ],
          [
            78.562703,
            17.3759651
          ],
          [
            78.5628001,
            17.3759431
          ],
          [
            78.5630219,
            17.3758122
          ],
          [
            78.5633177,
            17.3756475
          ],
          [
            78.5635426,
            17.3755093
          ],
          [
            78.5637044,
            17.37538
          ],
          [
            78.5639108,
            17.3752682
          ],
          [
            78.5639924,
            17.3752388
          ],
          [
            78.5640571,
            17.3752285
          ],
          [
            78.5641634,
            17.37523
          ],
          [
            78.5642204,
            17.3752491
          ],
          [
            78.564299,
            17.3752579
          ],
          [
            78.5643914,
            17.375277
          ],
          [
            78.5644577,
            17.3752726
          ],
          [
            78.5646533,
            17.3752726
          ],
          [
            78.5648952,
            17.37528
          ],
          [
            78.5650277,
            17.3752932
          ],
          [
            78.565118,
            17.3753103
          ],
          [
            78.5651304,
            17.3752397
          ],
          [
            78.5650996,
            17.3747487
          ],
          [
            78.5650687,
            17.3744252
          ],
          [
            78.5650164,
            17.3736901
          ],
          [
            78.5649763,
            17.3731961
          ]
        ]
      },
      "id": "way/252710949"
    },
    {
      "type": "Feature",
      "properties": {
        "@id": "way/267617769",
        "waterway": "river"
      },
      "geometry": {
        "type": "LineString",
        "coordinates": [
          [
            78.4710197,
            17.3267895
          ],
          [
            78.4710221,
            17.3268811
          ],
          [
            78.4710563,
            17.3269272
          ],
          [
            78.4711133,
            17.326979
          ],
          [
            78.4711857,
            17.3270232
          ],
          [
            78.4713138,
            17.3270635
          ],
          [
            78.4715136,
            17.3271154
          ],
          [
            78.471692,
            17.3272479
          ],
          [
            78.4718634,
            17.3273333
          ],
          [
            78.4718714,
            17.3273362
          ],
          [
            78.4719261,
            17.3273718
          ],
          [
            78.4720277,
            17.327426
          ],
          [
            78.4721575,
            17.3274952
          ],
          [
            78.4723325,
            17.3275859
          ],
          [
            78.4725271,
            17.3277036
          ],
          [
            78.472555,
            17.3277337
          ],
          [
            78.4727206,
            17.3278425
          ],
          [
            78.4728232,
            17.3279173
          ],
          [
            78.4730656,
            17.3280718
          ],
          [
            78.4732323,
            17.3281762
          ],
          [
            78.4735346,
            17.3283513
          ]
        ]
      },
      "id": "way/267617769"
    },
    {
      "type": "Feature",
      "properties": {
        "@id": "way/273656193",
        "waterway": "stream"
      },
      "geometry": {
        "type": "LineString",
        "coordinates": [
          [
            78.4119078,
            17.4658044
          ],
          [
            78.4119023,
            17.4658996
          ],
          [
            78.4119133,
            17.4659595
          ],
          [
            78.4119561,
            17.4660197
          ],
          [
            78.4120258,
            17.4661287
          ],
          [
            78.4120423,
            17.466196
          ],
          [
            78.4120456,
            17.4662275
          ],
          [
            78.4120882,
            17.4662542
          ],
          [
            78.4122272,
            17.4662355
          ],
          [
            78.4122165,
            17.4663474
          ],
          [
            78.4122853,
            17.4664175
          ],
          [
            78.412382,
            17.4664242
          ],
          [
            78.4124303,
            17.4664316
          ],
          [
            78.4124787,
            17.466451
          ],
          [
            78.4125286,
            17.4664971
          ],
          [
            78.4125869,
            17.4665278
          ],
          [
            78.4126782,
            17.4665313
          ],
          [
            78.4127094,
            17.4665892
          ],
          [
            78.4127328,
            17.466619
          ],
          [
            78.4127595,
            17.4666661
          ],
          [
            78.412778,
            17.4667231
          ],
          [
            78.4128091,
            17.4667721
          ],
          [
            78.4128356,
            17.4668019
          ],
          [
            78.4128575,
            17.4668569
          ],
          [
            78.4128886,
            17.4669476
          ],
          [
            78.4129031,
            17.4670353
          ],
          [
            78.4129307,
            17.4671275
          ],
          [
            78.4129502,
            17.4672168
          ],
          [
            78.4129527,
            17.4672594
          ],
          [
            78.4129535,
            17.4673122
          ],
          [
            78.4129613,
            17.4673486
          ],
          [
            78.412966,
            17.467417
          ],
          [
            78.4129652,
            17.4674542
          ],
          [
            78.4129551,
            17.4675033
          ],
          [
            78.4129504,
            17.4675694
          ],
          [
            78.4129465,
            17.4676014
          ],
          [
            78.4129309,
            17.4676557
          ],
          [
            78.4129286,
            17.467733
          ],
          [
            78.4129348,
            17.4677754
          ],
          [
            78.4129262,
            17.4678133
          ]
        ]
      },
      "id": "way/273656193"
    },
    {
      "type": "Feature",
      "properties": {
        "@id": "way/274753697",
        "name": "Laxmi Nagar Nala",
        "waterway": "canal"
      },
      "geometry": {
        "type": "LineString",
        "coordinates": [
          [
            78.4166925,
            17.3789578
          ],
          [
            78.4166571,
            17.3789172
          ],
          [
            78.4162252,
            17.3789961
          ],
          [
            78.4157283,
            17.3787631
          ],
          [
            78.4152527,
            17.3785771
          ],
          [
            78.4149765,
            17.3782369
          ],
          [
            78.4148986,
            17.3777661
          ],
          [
            78.4149058,
            17.3777028
          ],
          [
            78.414868,
            17.3773922
          ],
          [
            78.4148211,
            17.3770247
          ],
          [
            78.4150585,
            17.3768302
          ],
          [
            78.4151858,
            17.376569
          ],
          [
            78.4152239,
            17.3765223
          ],
          [
            78.41534,
            17.3761082
          ],
          [
            78.4155198,
            17.3758606
          ],
          [
            78.4155312,
            17.3757568
          ],
          [
            78.4155312,
            17.3755158
          ],
          [
            78.4155053,
            17.3752815
          ],
          [
            78.4154769,
            17.3750224
          ],
          [
            78.4153613,
            17.3748602
          ],
          [
            78.4152716,
            17.3747679
          ],
          [
            78.4149969,
            17.3747319
          ],
          [
            78.4147547,
            17.3746327
          ],
          [
            78.414554,
            17.3745314
          ],
          [
            78.4145399,
            17.3743399
          ],
          [
            78.4147452,
            17.3739772
          ],
          [
            78.4148349,
            17.3738173
          ],
          [
            78.414868,
            17.3736844
          ],
          [
            78.4147886,
            17.3733056
          ]
        ]
      },
      "id": "way/274753697"
    },
    {
      "type": "Feature",
      "properties": {
        "@id": "way/274904644",
        "waterway": "canal"
      },
      "geometry": {
        "type": "LineString",
        "coordinates": [
          [
            78.4141638,
            17.3844761
          ],
          [
            78.4147386,
            17.384488
          ],
          [
            78.4147644,
            17.3842527
          ],
          [
            78.414788,
            17.384009
          ],
          [
            78.4147919,
            17.3839797
          ],
          [
            78.4148176,
            17.3837843
          ],
          [
            78.4148255,
            17.3837154
          ],
          [
            78.4149126,
            17.3830536
          ],
          [
            78.4149863,
            17.3825389
          ]
        ]
      },
      "id": "way/274904644"
    },
    {
      "type": "Feature",
      "properties": {
        "@id": "way/274917515",
        "layer": "-1",
        "tunnel": "culvert",
        "waterway": "canal"
      },
      "geometry": {
        "type": "LineString",
        "coordinates": [
          [
            78.4065364,
            17.4097033
          ],
          [
            78.4067473,
            17.4097803
          ],
          [
            78.406867,
            17.4097114
          ]
        ]
      },
      "id": "way/274917515"
    },
    {
      "type": "Feature",
      "properties": {
        "@id": "way/281272462",
        "waterway": "drain"
      },
      "geometry": {
        "type": "LineString",
        "coordinates": [
          [
            78.4556974,
            17.3547719
          ],
          [
            78.4557362,
            17.3546701
          ],
          [
            78.455784,
            17.3545992
          ],
          [
            78.4558831,
            17.3545333
          ],
          [
            78.4561309,
            17.3543526
          ],
          [
            78.4562317,
            17.3542884
          ],
          [
            78.4562428,
            17.3542302
          ],
          [
            78.4561823,
            17.3538368
          ],
          [
            78.4561779,
            17.3535874
          ],
          [
            78.456421,
            17.3533273
          ],
          [
            78.4566536,
            17.3530844
          ],
          [
            78.456756,
            17.352979
          ],
          [
            78.4567777,
            17.3527347
          ],
          [
            78.4567158,
            17.3522971
          ]
        ]
      },
      "id": "way/281272462"
    },
    {
      "type": "Feature",
      "properties": {
        "@id": "way/281499659",
        "waterway": "stream"
      },
      "geometry": {
        "type": "LineString",
        "coordinates": [
          [
            78.4654063,
            17.4393395
          ],
          [
            78.4656855,
            17.4391973
          ],
          [
            78.4658615,
            17.4391198
          ],
          [
            78.4662632,
            17.4391068
          ],
          [
            78.4667056,
            17.4390595
          ],
          [
            78.4670486,
            17.4390207
          ],
          [
            78.4672427,
            17.4389949
          ],
          [
            78.4676083,
            17.4389647
          ],
          [
            78.4678069,
            17.4389389
          ],
          [
            78.4681071,
            17.4388232
          ]
        ]
      },
      "id": "way/281499659"
    },
    {
      "type": "Feature",
      "properties": {
        "@id": "way/318505359",
        "waterway": "drain"
      },
      "geometry": {
        "type": "LineString",
        "coordinates": [
          [
            78.4717834,
            17.4263789
          ],
          [
            78.4721284,
            17.4240443
          ],
          [
            78.4732079,
            17.4146012
          ],
          [
            78.4742296,
            17.4113095
          ],
          [
            78.4742676,
            17.4094739
          ],
          [
            78.4744109,
            17.408984
          ],
          [
            78.4747646,
            17.4086207
          ]
        ]
      },
      "id": "way/318505359"
    },
    {
      "type": "Feature",
      "properties": {
        "@id": "way/318598243",
        "waterway": "drain"
      },
      "geometry": {
        "type": "LineString",
        "coordinates": [
          [
            78.4635182,
            17.4171357
          ],
          [
            78.4648133,
            17.4167348
          ],
          [
            78.4655053,
            17.4165461
          ],
          [
            78.4657134,
            17.4162532
          ],
          [
            78.4658747,
            17.4156526
          ],
          [
            78.4667228,
            17.415444
          ],
          [
            78.4732079,
            17.4146012
          ]
        ]
      },
      "id": "way/318598243"
    },
    {
      "type": "Feature",
      "properties": {
        "@id": "way/318619691",
        "waterway": "stream"
      },
      "geometry": {
        "type": "LineString",
        "coordinates": [
          [
            78.6032583,
            17.4804987
          ],
          [
            78.6051165,
            17.4798043
          ],
          [
            78.6062166,
            17.4800275
          ],
          [
            78.6066771,
            17.4803441
          ],
          [
            78.6070597,
            17.48094
          ],
          [
            78.6071965,
            17.4810449
          ],
          [
            78.6073226,
            17.4810884
          ],
          [
            78.6074996,
            17.481091
          ],
          [
            78.6078429,
            17.4810756
          ],
          [
            78.6080977,
            17.4810833
          ],
          [
            78.6088085,
            17.4810808
          ],
          [
            78.6091465,
            17.4811166
          ],
          [
            78.6093235,
            17.4811294
          ],
          [
            78.6094201,
            17.4811191
          ],
          [
            78.609632,
            17.4810731
          ],
          [
            78.6098197,
            17.4809771
          ],
          [
            78.6099431,
            17.4809324
          ],
          [
            78.6100021,
            17.4809273
          ],
          [
            78.6101268,
            17.4809452
          ],
          [
            78.6102113,
            17.4809682
          ],
          [
            78.6103843,
            17.4809925
          ],
          [
            78.610505,
            17.4809771
          ],
          [
            78.6107598,
            17.4809298
          ],
          [
            78.6108389,
            17.4809017
          ],
          [
            78.6110669,
            17.4807712
          ],
          [
            78.6111903,
            17.4806625
          ],
          [
            78.6112453,
            17.4805844
          ],
          [
            78.6112761,
            17.4805077
          ],
          [
            78.6113432,
            17.4802966
          ],
          [
            78.6113714,
            17.4802045
          ],
          [
            78.6113767,
            17.4801495
          ],
          [
            78.6113955,
            17.4801086
          ],
          [
            78.6114384,
            17.4800996
          ],
          [
            78.6115269,
            17.4801482
          ],
          [
            78.6116289,
            17.4801917
          ],
          [
            78.6116664,
            17.4802109
          ],
          [
            78.6117201,
            17.4802148
          ],
          [
            78.6117469,
            17.4802032
          ],
          [
            78.6117563,
            17.4801841
          ],
          [
            78.6117603,
            17.480138
          ],
          [
            78.6117388,
            17.4800613
          ],
          [
            78.6117429,
            17.4800203
          ],
          [
            78.6117697,
            17.4799768
          ],
          [
            78.6118354,
            17.479918
          ],
          [
            78.6119588,
            17.4798067
          ],
          [
            78.6120164,
            17.4797479
          ],
          [
            78.612054,
            17.4796826
          ],
          [
            78.6120835,
            17.479634
          ],
          [
            78.612109,
            17.479611
          ],
          [
            78.6121586,
            17.4795931
          ],
          [
            78.6123008,
            17.4795905
          ],
          [
            78.6123557,
            17.479588
          ],
          [
            78.6124845,
            17.4795406
          ],
          [
            78.6126655,
            17.4794102
          ],
          [
            78.6128654,
            17.4792618
          ],
          [
            78.6129391,
            17.479185
          ],
          [
            78.6129887,
            17.4791338
          ],
          [
            78.6130437,
            17.4790481
          ],
          [
            78.6131336,
            17.4788614
          ],
          [
            78.6132275,
            17.4786759
          ],
          [
            78.6132462,
            17.4785748
          ],
          [
            78.6132529,
            17.4784687
          ],
          [
            78.6132435,
            17.4782947
          ],
          [
            78.6132275,
            17.4781924
          ],
          [
            78.6131845,
            17.4780939
          ],
          [
            78.6130075,
            17.4778393
          ],
          [
            78.6129472,
            17.4777216
          ],
          [
            78.6129123,
            17.4776052
          ],
          [
            78.6128975,
            17.4774504
          ],
          [
            78.6128747,
            17.4772458
          ],
          [
            78.6127903,
            17.4769579
          ],
          [
            78.6127675,
            17.4767213
          ],
          [
            78.6127715,
            17.4765486
          ],
          [
            78.6127889,
            17.4764719
          ],
          [
            78.6127849,
            17.4764028
          ],
          [
            78.6127648,
            17.4763657
          ],
          [
            78.6127232,
            17.4763375
          ],
          [
            78.6126682,
            17.4762928
          ],
          [
            78.6125529,
            17.4762224
          ],
          [
            78.6124416,
            17.4761405
          ],
          [
            78.6123759,
            17.4760548
          ],
          [
            78.6123423,
            17.475996
          ],
          [
            78.6123356,
            17.4759077
          ],
          [
            78.6123651,
            17.4756173
          ],
          [
            78.6123718,
            17.4754997
          ],
          [
            78.6123745,
            17.4753653
          ],
          [
            78.6123504,
            17.4753001
          ],
          [
            78.6123477,
            17.4752451
          ],
          [
            78.6123759,
            17.4751722
          ],
          [
            78.6124228,
            17.475144
          ],
          [
            78.6124925,
            17.4750954
          ],
          [
            78.6125167,
            17.4750583
          ],
          [
            78.6125194,
            17.4749982
          ],
          [
            78.6124764,
            17.4749304
          ],
          [
            78.6123987,
            17.4748511
          ],
          [
            78.612282,
            17.4747309
          ],
          [
            78.6121573,
            17.4745773
          ],
          [
            78.6120795,
            17.4744699
          ],
          [
            78.6120553,
            17.4744059
          ],
          [
            78.6120674,
            17.474356
          ],
          [
            78.6121009,
            17.4743138
          ],
          [
            78.6121908,
            17.4741718
          ],
          [
            78.612278,
            17.4739991
          ],
          [
            78.6122994,
            17.4739154
          ],
          [
            78.6123048,
            17.4738533
          ],
          [
            78.6123001,
            17.4737452
          ],
          [
            78.612288,
            17.4736902
          ],
          [
            78.6122639,
            17.4736218
          ],
          [
            78.6122022,
            17.4734887
          ],
          [
            78.6121968,
            17.473442
          ],
          [
            78.6122116,
            17.4734075
          ],
          [
            78.6122397,
            17.4733563
          ],
          [
            78.6123101,
            17.4732898
          ],
          [
            78.612349,
            17.4732476
          ],
          [
            78.6123645,
            17.4732124
          ],
          [
            78.6124094,
            17.4731126
          ],
          [
            78.6124308,
            17.4730269
          ],
          [
            78.6124657,
            17.4729604
          ],
          [
            78.6125073,
            17.4729246
          ],
          [
            78.6125824,
            17.4729118
          ],
          [
            78.6126789,
            17.4729169
          ],
          [
            78.6127567,
            17.4729182
          ],
          [
            78.6128546,
            17.4728926
          ],
          [
            78.6129834,
            17.4728351
          ],
          [
            78.6133079,
            17.4726265
          ],
          [
            78.613788,
            17.4723336
          ],
          [
            78.6138833,
            17.4722581
          ],
          [
            78.6139329,
            17.4721775
          ],
          [
            78.6139704,
            17.4720969
          ]
        ]
      },
      "id": "way/318619691"
    },
    {
      "type": "Feature",
      "properties": {
        "@id": "way/318619693",
        "waterway": "stream"
      },
      "geometry": {
        "type": "LineString",
        "coordinates": [
          [
            78.6283814,
            17.4705242
          ],
          [
            78.6289561,
            17.4702136
          ],
          [
            78.6286304,
            17.4674362
          ],
          [
            78.6293392,
            17.4655175
          ],
          [
            78.631159,
            17.4642018
          ],
          [
            78.6347412,
            17.4631603
          ],
          [
            78.6380744,
            17.462338
          ],
          [
            78.6379211,
            17.4609675
          ],
          [
            78.6365994,
            17.4590305
          ],
          [
            78.63704,
            17.4584092
          ],
          [
            78.6400283,
            17.4558874
          ],
          [
            78.641301,
            17.4558006
          ],
          [
            78.6418543,
            17.4554333
          ],
          [
            78.6429401,
            17.455394
          ],
          [
            78.6439293,
            17.4544844
          ],
          [
            78.6447216,
            17.4527077
          ],
          [
            78.6460242,
            17.4508619
          ],
          [
            78.6502206,
            17.4508732
          ],
          [
            78.6544825,
            17.4519919
          ],
          [
            78.6566473,
            17.4530459
          ],
          [
            78.6587219,
            17.452207
          ],
          [
            78.6598945,
            17.4514756
          ],
          [
            78.6611623,
            17.4510891
          ],
          [
            78.663509,
            17.4511005
          ],
          [
            78.6641518,
            17.451047
          ],
          [
            78.664644,
            17.4514991
          ],
          [
            78.6658575,
            17.4519016
          ],
          [
            78.6669727,
            17.4517162
          ],
          [
            78.6677424,
            17.4514816
          ],
          [
            78.6690529,
            17.4516545
          ],
          [
            78.6716714,
            17.4511253
          ],
          [
            78.6735403,
            17.4484578
          ],
          [
            78.6740106,
            17.4481197
          ],
          [
            78.676243,
            17.4473883
          ],
          [
            78.6781597,
            17.4457103
          ],
          [
            78.677844,
            17.4438387
          ],
          [
            78.6793097,
            17.4434515
          ],
          [
            78.6811953,
            17.4454677
          ],
          [
            78.6823032,
            17.4456378
          ],
          [
            78.6833349,
            17.4450288
          ]
        ]
      },
      "id": "way/318619693"
    },
    {
      "type": "Feature",
      "properties": {
        "@id": "way/319567755",
        "waterway": "drain"
      },
      "geometry": {
        "type": "LineString",
        "coordinates": [
          [
            78.513045,
            17.412884
          ],
          [
            78.5128404,
            17.4128057
          ],
          [
            78.5125309,
            17.4126466
          ],
          [
            78.5122259,
            17.4124305
          ],
          [
            78.5119927,
            17.4121386
          ],
          [
            78.5118233,
            17.4118132
          ],
          [
            78.511663,
            17.4110378
          ],
          [
            78.5115624,
            17.4106819
          ],
          [
            78.5113538,
            17.4100323
          ],
          [
            78.5104754,
            17.4086424
          ],
          [
            78.5102595,
            17.408335
          ],
          [
            78.5092493,
            17.4076051
          ],
          [
            78.5085393,
            17.4072105
          ],
          [
            78.5082794,
            17.406966
          ],
          [
            78.5070753,
            17.4052512
          ],
          [
            78.5063286,
            17.4035504
          ]
        ]
      },
      "id": "way/319567755"
    },
    {
      "type": "Feature",
      "properties": {
        "@id": "way/319567758",
        "waterway": "drain"
      },
      "geometry": {
        "type": "LineString",
        "coordinates": [
          [
            78.5038534,
            17.3952894
          ],
          [
            78.5043447,
            17.3946734
          ],
          [
            78.5043447,
            17.394379
          ],
          [
            78.5042418,
            17.3940186
          ]
        ]
      },
      "id": "way/319567758"
    },
    {
      "type": "Feature",
      "properties": {
        "@id": "way/319567760",
        "waterway": "drain"
      },
      "geometry": {
        "type": "LineString",
        "coordinates": [
          [
            78.5055885,
            17.4023837
          ],
          [
            78.5053796,
            17.4018301
          ],
          [
            78.5053237,
            17.4015215
          ],
          [
            78.505148,
            17.4011553
          ]
        ]
      },
      "id": "way/319567760"
    },
    {
      "type": "Feature",
      "properties": {
        "@id": "way/325157469",
        "waterway": "stream"
      },
      "geometry": {
        "type": "LineString",
        "coordinates": [
          [
            78.5760075,
            17.409335
          ],
          [
            78.5759751,
            17.4092407
          ],
          [
            78.5759034,
            17.409163
          ],
          [
            78.5757032,
            17.4090526
          ],
          [
            78.5755452,
            17.4089439
          ],
          [
            78.5754719,
            17.4088444
          ],
          [
            78.5754117,
            17.4088056
          ],
          [
            78.5752977,
            17.4087264
          ],
          [
            78.5752228,
            17.4086207
          ],
          [
            78.5751674,
            17.408529
          ],
          [
            78.5750876,
            17.4084172
          ],
          [
            78.5749183,
            17.4082711
          ],
          [
            78.5748043,
            17.4081266
          ],
          [
            78.5747017,
            17.4079836
          ],
          [
            78.5746203,
            17.4078702
          ],
          [
            78.5744982,
            17.4077723
          ],
          [
            78.5744428,
            17.407676
          ],
          [
            78.5744037,
            17.4075439
          ],
          [
            78.5744018,
            17.4074885
          ],
          [
            78.5744387,
            17.4073517
          ],
          [
            78.5744924,
            17.4071691
          ],
          [
            78.5745463,
            17.4070437
          ],
          [
            78.5745563,
            17.4069354
          ],
          [
            78.5746301,
            17.4067468
          ],
          [
            78.5746854,
            17.4066862
          ],
          [
            78.5747766,
            17.406666
          ],
          [
            78.5748955,
            17.4065946
          ],
          [
            78.5749997,
            17.4065231
          ],
          [
            78.5751218,
            17.4064563
          ],
          [
            78.5752342,
            17.4063864
          ],
          [
            78.5753612,
            17.4062931
          ],
          [
            78.5754817,
            17.4062108
          ],
          [
            78.5755485,
            17.4061533
          ],
          [
            78.5755998,
            17.4060934
          ],
          [
            78.5756364,
            17.4060507
          ],
          [
            78.5756628,
            17.4059552
          ],
          [
            78.5756669,
            17.4058756
          ],
          [
            78.5757011,
            17.4057637
          ],
          [
            78.5757116,
            17.4056697
          ],
          [
            78.5757005,
            17.4055538
          ],
          [
            78.5757012,
            17.4055003
          ],
          [
            78.575698,
            17.4054615
          ],
          [
            78.5756898,
            17.4054226
          ],
          [
            78.5756803,
            17.4053492
          ],
          [
            78.5756572,
            17.4052932
          ],
          [
            78.5756326,
            17.4052202
          ],
          [
            78.5756087,
            17.4051651
          ],
          [
            78.575441,
            17.404716
          ],
          [
            78.5754459,
            17.4046523
          ],
          [
            78.5754605,
            17.4045911
          ],
          [
            78.5755615,
            17.4046026
          ],
          [
            78.5757305,
            17.4045711
          ]
        ]
      },
      "id": "way/325157469"
    },
    {
      "type": "Feature",
      "properties": {
        "@id": "way/325157885",
        "waterway": "stream"
      },
      "geometry": {
        "type": "LineString",
        "coordinates": [
          [
            78.5766587,
            17.4125571
          ],
          [
            78.5767527,
            17.4124468
          ],
          [
            78.5768297,
            17.4123645
          ],
          [
            78.5768421,
            17.4123292
          ],
          [
            78.5767527,
            17.4121146
          ],
          [
            78.5767589,
            17.4118971
          ],
          [
            78.5767573,
            17.4118104
          ],
          [
            78.5767555,
            17.4117062
          ],
          [
            78.5767542,
            17.411631
          ]
        ]
      },
      "id": "way/325157885"
    },
    {
      "type": "Feature",
      "properties": {
        "@id": "way/325157886",
        "waterway": "stream"
      },
      "geometry": {
        "type": "LineString",
        "coordinates": [
          [
            78.577148,
            17.4132688
          ],
          [
            78.5769915,
            17.4132698
          ],
          [
            78.5769081,
            17.4132452
          ],
          [
            78.5768075,
            17.4132535
          ],
          [
            78.5767532,
            17.4131852
          ],
          [
            78.5766387,
            17.4130745
          ],
          [
            78.5766094,
            17.4129731
          ],
          [
            78.5765909,
            17.4129143
          ],
          [
            78.5765832,
            17.4128672
          ],
          [
            78.5765802,
            17.4127982
          ],
          [
            78.5765879,
            17.4127364
          ],
          [
            78.5766202,
            17.4126438
          ],
          [
            78.5766587,
            17.4125571
          ]
        ]
      },
      "id": "way/325157886"
    },
    {
      "type": "Feature",
      "properties": {
        "@id": "way/350094280",
        "waterway": "drain"
      },
      "geometry": {
        "type": "LineString",
        "coordinates": [
          [
            78.4752249,
            17.4083843
          ],
          [
            78.4758502,
            17.4082824
          ]
        ]
      },
      "id": "way/350094280"
    },
    {
      "type": "Feature",
      "properties": {
        "@id": "way/350094281",
        "layer": "-1",
        "tunnel": "culvert",
        "waterway": "drain"
      },
      "geometry": {
        "type": "LineString",
        "coordinates": [
          [
            78.4747646,
            17.4086207
          ],
          [
            78.4752249,
            17.4083843
          ]
        ]
      },
      "id": "way/350094281"
    },
    {
      "type": "Feature",
      "properties": {
        "@id": "way/361860134",
        "layer": "-1",
        "tunnel": "culvert",
        "waterway": "stream"
      },
      "geometry": {
        "type": "LineString",
        "coordinates": [
          [
            78.6139704,
            17.4720969
          ],
          [
            78.6139672,
            17.4719661
          ]
        ]
      },
      "id": "way/361860134"
    },
    {
      "type": "Feature",
      "properties": {
        "@id": "way/361860135",
        "waterway": "stream"
      },
      "geometry": {
        "type": "LineString",
        "coordinates": [
          [
            78.6144218,
            17.4718278
          ],
          [
            78.6145175,
            17.4718051
          ],
          [
            78.6147088,
            17.4716744
          ],
          [
            78.6154885,
            17.4709575
          ],
          [
            78.6185091,
            17.4700143
          ],
          [
            78.624416,
            17.4697202
          ],
          [
            78.6267914,
            17.4699761
          ],
          [
            78.6283814,
            17.4705242
          ]
        ]
      },
      "id": "way/361860135"
    },
    {
      "type": "Feature",
      "properties": {
        "@id": "way/363265691",
        "layer": "-1",
        "tunnel": "yes",
        "waterway": "drain"
      },
      "geometry": {
        "type": "LineString",
        "coordinates": [
          [
            78.4758502,
            17.4082824
          ],
          [
            78.475948,
            17.408247
          ],
          [
            78.4760083,
            17.4082074
          ],
          [
            78.4760889,
            17.4081336
          ],
          [
            78.4767005,
            17.4072964
          ],
          [
            78.4772092,
            17.4070456
          ]
        ]
      },
      "id": "way/363265691"
    },
    {
      "type": "Feature",
      "properties": {
        "@id": "way/363265692",
        "tunnel": "yes",
        "waterway": "drain"
      },
      "geometry": {
        "type": "LineString",
        "coordinates": [
          [
            78.4772092,
            17.4070456
          ],
          [
            78.4780564,
            17.4071183
          ]
        ]
      },
      "id": "way/363265692"
    },
    {
      "type": "Feature",
      "properties": {
        "@id": "way/363724302",
        "layer": "-1",
        "tunnel": "yes",
        "waterway": "drain"
      },
      "geometry": {
        "type": "LineString",
        "coordinates": [
          [
            78.505148,
            17.4011553
          ],
          [
            78.5049812,
            17.4008138
          ]
        ]
      },
      "id": "way/363724302"
    },
    {
      "type": "Feature",
      "properties": {
        "@id": "way/363724306",
        "layer": "-1",
        "tunnel": "yes",
        "waterway": "drain"
      },
      "geometry": {
        "type": "LineString",
        "coordinates": [
          [
            78.5063286,
            17.4035504
          ],
          [
            78.5061813,
            17.4032196
          ]
        ]
      },
      "id": "way/363724306"
    },
    {
      "type": "Feature",
      "properties": {
        "@id": "way/363724308",
        "waterway": "drain"
      },
      "geometry": {
        "type": "LineString",
        "coordinates": [
          [
            78.5061813,
            17.4032196
          ],
          [
            78.5058823,
            17.4025483
          ],
          [
            78.5055885,
            17.4023837
          ]
        ]
      },
      "id": "way/363724308"
    },
    {
      "type": "Feature",
      "properties": {
        "@id": "way/363724310",
        "waterway": "drain"
      },
      "geometry": {
        "type": "LineString",
        "coordinates": [
          [
            78.5049812,
            17.4008138
          ],
          [
            78.5046779,
            17.400337
          ],
          [
            78.5042577,
            17.4000003
          ],
          [
            78.5030638,
            17.3992671
          ]
        ]
      },
      "id": "way/363724310"
    },
    {
      "type": "Feature",
      "properties": {
        "@id": "way/363727508",
        "waterway": "stream"
      },
      "geometry": {
        "type": "LineString",
        "coordinates": [
          [
            78.531964,
            17.3737392
          ],
          [
            78.5323834,
            17.3747279
          ],
          [
            78.5326635,
            17.3748815
          ],
          [
            78.5327165,
            17.3750883
          ],
          [
            78.5326733,
            17.3751873
          ],
          [
            78.5324648,
            17.3756649
          ],
          [
            78.5322993,
            17.3759595
          ],
          [
            78.5320991,
            17.3761046
          ],
          [
            78.5319424,
            17.3763672
          ],
          [
            78.5318415,
            17.376532
          ],
          [
            78.5318291,
            17.3766043
          ],
          [
            78.5319034,
            17.3768167
          ],
          [
            78.5319503,
            17.3769484
          ],
          [
            78.5320289,
            17.3771841
          ]
        ]
      },
      "id": "way/363727508"
    },
    {
      "type": "Feature",
      "properties": {
        "@id": "way/363727509",
        "layer": "-1",
        "tunnel": "culvert",
        "waterway": "stream"
      },
      "geometry": {
        "type": "LineString",
        "coordinates": [
          [
            78.531914,
            17.3736571
          ],
          [
            78.531964,
            17.3737392
          ]
        ]
      },
      "id": "way/363727509"
    },
    {
      "type": "Feature",
      "properties": {
        "@id": "way/363735868",
        "waterway": "stream"
      },
      "geometry": {
        "type": "LineString",
        "coordinates": [
          [
            78.5767542,
            17.411631
          ],
          [
            78.5766997,
            17.4114398
          ]
        ]
      },
      "id": "way/363735868"
    },
    {
      "type": "Feature",
      "properties": {
        "@id": "way/363740280",
        "waterway": "drain"
      },
      "geometry": {
        "type": "LineString",
        "coordinates": [
          [
            78.406867,
            17.4097114
          ],
          [
            78.4072542,
            17.4095361
          ],
          [
            78.4090579,
            17.4090511
          ],
          [
            78.4099069,
            17.4089146
          ],
          [
            78.4102035,
            17.4087777
          ],
          [
            78.4109651,
            17.4082757
          ],
          [
            78.4111113,
            17.4081215
          ],
          [
            78.4111678,
            17.4079488
          ],
          [
            78.4111564,
            17.4078091
          ],
          [
            78.4110688,
            17.4076144
          ],
          [
            78.4110364,
            17.4075193
          ],
          [
            78.411013,
            17.4073768
          ],
          [
            78.4109388,
            17.407162
          ],
          [
            78.4107765,
            17.4069025
          ],
          [
            78.4107034,
            17.4068033
          ],
          [
            78.4106649,
            17.4064325
          ],
          [
            78.4108304,
            17.4060433
          ],
          [
            78.4108881,
            17.405856
          ],
          [
            78.4110497,
            17.4056394
          ],
          [
            78.4113075,
            17.405342
          ],
          [
            78.4117358,
            17.405396
          ],
          [
            78.4119617,
            17.4052281
          ],
          [
            78.412158,
            17.4050262
          ],
          [
            78.4122426,
            17.4046737
          ],
          [
            78.4123422,
            17.4044202
          ],
          [
            78.4124632,
            17.4042315
          ],
          [
            78.4127967,
            17.4037557
          ],
          [
            78.4134432,
            17.4033812
          ],
          [
            78.4137828,
            17.40325
          ],
          [
            78.4141702,
            17.4033777
          ],
          [
            78.4143485,
            17.4034386
          ],
          [
            78.4144965,
            17.4034828
          ],
          [
            78.4148244,
            17.4035789
          ],
          [
            78.4152171,
            17.4036529
          ],
          [
            78.4154365,
            17.4036382
          ],
          [
            78.415802,
            17.4033445
          ],
          [
            78.4163138,
            17.4031682
          ],
          [
            78.4165524,
            17.4030691
          ],
          [
            78.4167062,
            17.403003
          ],
          [
            78.4170751,
            17.4029171
          ],
          [
            78.4173169,
            17.4029583
          ],
          [
            78.4175664,
            17.4030954
          ],
          [
            78.4178453,
            17.4031378
          ],
          [
            78.4180736,
            17.4033126
          ]
        ]
      },
      "id": "way/363740280"
    },
    {
      "type": "Feature",
      "properties": {
        "@id": "way/363806228",
        "waterway": "stream"
      },
      "geometry": {
        "type": "LineString",
        "coordinates": [
          [
            78.4462884,
            17.5335446
          ],
          [
            78.4461723,
            17.5340523
          ],
          [
            78.4460689,
            17.5348462
          ],
          [
            78.4461496,
            17.5351494
          ],
          [
            78.4460234,
            17.5352865
          ],
          [
            78.4458569,
            17.5355296
          ],
          [
            78.4457837,
            17.5356017
          ],
          [
            78.445375,
            17.5356065
          ],
          [
            78.4452286,
            17.5357004
          ],
          [
            78.4451908,
            17.5358905
          ],
          [
            78.4448526,
            17.5362441
          ],
          [
            78.4446735,
            17.5364126
          ],
          [
            78.4444565,
            17.5364919
          ],
          [
            78.4442143,
            17.5364992
          ],
          [
            78.4440636,
            17.5367501
          ],
          [
            78.4438495,
            17.5370444
          ],
          [
            78.4437353,
            17.5370716
          ]
        ]
      },
      "id": "way/363806228"
    },
    {
      "type": "Feature",
      "properties": {
        "@id": "way/363859805",
        "waterway": "drain"
      },
      "geometry": {
        "type": "LineString",
        "coordinates": [
          [
            78.4519121,
            17.4616481
          ],
          [
            78.4523901,
            17.461318
          ],
          [
            78.4529153,
            17.4608946
          ],
          [
            78.4532063,
            17.4606859
          ],
          [
            78.4536372,
            17.4605434
          ],
          [
            78.4538356,
            17.4604595
          ],
          [
            78.4542624,
            17.4600833
          ],
          [
            78.4546271,
            17.4597148
          ]
        ]
      },
      "id": "way/363859805"
    },
    {
      "type": "Feature",
      "properties": {
        "@id": "way/363881169",
        "designation": "drain from mansarovar to hussain sagar",
        "name": "p g road",
        "waterway": "stream"
      },
      "geometry": {
        "type": "LineString",
        "coordinates": [
          [
            78.476963,
            17.4567437
          ],
          [
            78.4768345,
            17.456462
          ]
        ]
      },
      "id": "way/363881169"
    },
    {
      "type": "Feature",
      "properties": {
        "@id": "way/363881170",
        "designation": "drain from mansarovar to hussain sagar",
        "name": "p g road",
        "waterway": "stream"
      },
      "geometry": {
        "type": "LineString",
        "coordinates": [
          [
            78.4768345,
            17.456462
          ],
          [
            78.4766548,
            17.4560065
          ],
          [
            78.4765502,
            17.4558505
          ],
          [
            78.4766285,
            17.455509
          ],
          [
            78.4766172,
            17.455088
          ],
          [
            78.4766575,
            17.4548167
          ],
          [
            78.4767433,
            17.4545506
          ],
          [
            78.4767352,
            17.4543715
          ],
          [
            78.4767647,
            17.454236
          ]
        ]
      },
      "id": "way/363881170"
    },
    {
      "type": "Feature",
      "properties": {
        "@id": "way/364084229",
        "designation": "drain from mansarovar to hussain sagar",
        "name": "p g road",
        "waterway": "stream"
      },
      "geometry": {
        "type": "LineString",
        "coordinates": [
          [
            78.4789006,
            17.4414266
          ],
          [
            78.4784116,
            17.441196
          ]
        ]
      },
      "id": "way/364084229"
    },
    {
      "type": "Feature",
      "properties": {
        "@id": "way/364084231",
        "designation": "drain from mansarovar to hussain sagar",
        "name": "p g road",
        "waterway": "stream"
      },
      "geometry": {
        "type": "LineString",
        "coordinates": [
          [
            78.4816204,
            17.4467452
          ],
          [
            78.4808507,
            17.4461702
          ]
        ]
      },
      "id": "way/364084231"
    },
    {
      "type": "Feature",
      "properties": {
        "@id": "way/364084232",
        "designation": "drain from mansarovar to hussain sagar",
        "name": "p g road",
        "waterway": "stream"
      },
      "geometry": {
        "type": "LineString",
        "coordinates": [
          [
            78.479219,
            17.4493564
          ],
          [
            78.4796666,
            17.4494147
          ]
        ]
      },
      "id": "way/364084232"
    },
    {
      "type": "Feature",
      "properties": {
        "@id": "way/364084233",
        "designation": "drain from mansarovar to hussain sagar",
        "name": "p g road",
        "waterway": "stream"
      },
      "geometry": {
        "type": "LineString",
        "coordinates": [
          [
            78.4797199,
            17.4446235
          ],
          [
            78.4794988,
            17.4445151
          ]
        ]
      },
      "id": "way/364084233"
    },
    {
      "type": "Feature",
      "properties": {
        "@id": "way/364084234",
        "designation": "drain from mansarovar to hussain sagar",
        "name": "p g road",
        "waterway": "stream"
      },
      "geometry": {
        "type": "LineString",
        "coordinates": [
          [
            78.4767474,
            17.4503193
          ],
          [
            78.476864,
            17.450188
          ]
        ]
      },
      "id": "way/364084234"
    },
    {
      "type": "Feature",
      "properties": {
        "@id": "way/364084235",
        "designation": "drain from mansarovar to hussain sagar",
        "name": "p g road",
        "waterway": "stream"
      },
      "geometry": {
        "type": "LineString",
        "coordinates": [
          [
            78.4796666,
            17.4494147
          ],
          [
            78.4804364,
            17.4497089
          ],
          [
            78.4806805,
            17.4496833
          ],
          [
            78.4808548,
            17.4496859
          ],
          [
            78.4810193,
            17.4497107
          ],
          [
            78.4811096,
            17.4497243
          ],
          [
            78.4813269,
            17.4497755
          ],
          [
            78.4815468,
            17.4497473
          ],
          [
            78.4817158,
            17.4497038
          ],
          [
            78.4818311,
            17.4495708
          ],
          [
            78.4819112,
            17.4491825
          ],
          [
            78.4819626,
            17.4489336
          ],
          [
            78.4817453,
            17.4489004
          ],
          [
            78.4815415,
            17.4487468
          ],
          [
            78.4815334,
            17.4486138
          ],
          [
            78.4816809,
            17.4482581
          ],
          [
            78.4818848,
            17.4477463
          ],
          [
            78.4818875,
            17.4475263
          ],
          [
            78.4818763,
            17.4473769
          ],
          [
            78.4818231,
            17.4472141
          ],
          [
            78.4817185,
            17.4469378
          ],
          [
            78.4816204,
            17.4467452
          ]
        ]
      },
      "id": "way/364084235"
    },
    {
      "type": "Feature",
      "properties": {
        "@id": "way/364084236",
        "designation": "drain from mansarovar to hussain sagar",
        "name": "p g road",
        "waterway": "stream"
      },
      "geometry": {
        "type": "LineString",
        "coordinates": [
          [
            78.4784116,
            17.441196
          ],
          [
            78.4781461,
            17.4405383
          ],
          [
            78.4777572,
            17.4400752
          ],
          [
            78.4777062,
            17.4398065
          ],
          [
            78.4777679,
            17.439589
          ],
          [
            78.4779556,
            17.4393689
          ],
          [
            78.4781796,
            17.439306
          ],
          [
            78.4784621,
            17.4393065
          ],
          [
            78.4786926,
            17.4390085
          ]
        ]
      },
      "id": "way/364084236"
    },
    {
      "type": "Feature",
      "properties": {
        "@id": "way/364084237",
        "designation": "drain from mansarovar to hussain sagar",
        "name": "p g road",
        "waterway": "stream"
      },
      "geometry": {
        "type": "LineString",
        "coordinates": [
          [
            78.4808507,
            17.4461702
          ],
          [
            78.4806736,
            17.4458278
          ],
          [
            78.480746,
            17.4454951
          ],
          [
            78.480746,
            17.4453109
          ],
          [
            78.4806146,
            17.4451471
          ],
          [
            78.4801372,
            17.4448469
          ],
          [
            78.4797917,
            17.4447525
          ],
          [
            78.4797199,
            17.4446235
          ]
        ]
      },
      "id": "way/364084237"
    },
    {
      "type": "Feature",
      "properties": {
        "@id": "way/364084238",
        "designation": "drain from mansarovar to hussain sagar",
        "name": "p g road",
        "waterway": "stream"
      },
      "geometry": {
        "type": "LineString",
        "coordinates": [
          [
            78.4794988,
            17.4445151
          ],
          [
            78.4794317,
            17.4441596
          ],
          [
            78.4792842,
            17.4438037
          ],
          [
            78.4792198,
            17.4430463
          ],
          [
            78.4792017,
            17.442674
          ],
          [
            78.4791742,
            17.4422556
          ],
          [
            78.4791984,
            17.4418232
          ],
          [
            78.4789006,
            17.4414266
          ]
        ]
      },
      "id": "way/364084238"
    },
    {
      "type": "Feature",
      "properties": {
        "@id": "way/364084239",
        "designation": "drain from mansarovar to hussain sagar",
        "name": "p g road",
        "waterway": "stream"
      },
      "geometry": {
        "type": "LineString",
        "coordinates": [
          [
            78.476864,
            17.450188
          ],
          [
            78.4778484,
            17.4499014
          ],
          [
            78.4780415,
            17.4497863
          ],
          [
            78.4782936,
            17.4497197
          ],
          [
            78.4785162,
            17.4496506
          ],
          [
            78.4786718,
            17.449556
          ],
          [
            78.4790366,
            17.4494024
          ],
          [
            78.479219,
            17.4493564
          ]
        ]
      },
      "id": "way/364084239"
    },
    {
      "type": "Feature",
      "properties": {
        "@id": "way/364084240",
        "designation": "drain from mansarovar to hussain sagar",
        "waterway": "stream"
      },
      "geometry": {
        "type": "LineString",
        "coordinates": [
          [
            78.4793655,
            17.4386192
          ],
          [
            78.4794068,
            17.4379903
          ],
          [
            78.4792747,
            17.4368424
          ],
          [
            78.479496,
            17.4361533
          ],
          [
            78.4797434,
            17.4355536
          ],
          [
            78.4799872,
            17.4353711
          ],
          [
            78.4798854,
            17.4350185
          ],
          [
            78.479864,
            17.4349072
          ],
          [
            78.47986,
            17.4348215
          ],
          [
            78.4798774,
            17.4347294
          ],
          [
            78.4798881,
            17.4346641
          ],
          [
            78.4798859,
            17.4346154
          ],
          [
            78.4798613,
            17.4345515
          ],
          [
            78.4798573,
            17.434485
          ],
          [
            78.4798617,
            17.4344221
          ],
          [
            78.479927,
            17.434144
          ],
          [
            78.4799378,
            17.4340167
          ],
          [
            78.4799431,
            17.4338836
          ],
          [
            78.4799297,
            17.4337621
          ],
          [
            78.479907,
            17.4336562
          ],
          [
            78.4792275,
            17.4297443
          ],
          [
            78.483279,
            17.4254475
          ]
        ]
      },
      "id": "way/364084240"
    },
    {
      "type": "Feature",
      "properties": {
        "@id": "way/364501607",
        "layer": "-1",
        "source": "bing",
        "waterway": "drain"
      },
      "geometry": {
        "type": "LineString",
        "coordinates": [
          [
            78.4158084,
            17.4986471
          ],
          [
            78.4160461,
            17.4985057
          ],
          [
            78.4162287,
            17.4983472
          ],
          [
            78.4164703,
            17.4980574
          ],
          [
            78.4166872,
            17.4979638
          ],
          [
            78.4169498,
            17.4978195
          ],
          [
            78.4173627,
            17.4976784
          ],
          [
            78.4175788,
            17.4981441
          ],
          [
            78.4197234,
            17.4981714
          ],
          [
            78.4203086,
            17.4980237
          ],
          [
            78.4205668,
            17.4978923
          ],
          [
            78.4207561,
            17.49717
          ],
          [
            78.421393,
            17.4963327
          ],
          [
            78.4216874,
            17.4960722
          ],
          [
            78.4220399,
            17.4958767
          ],
          [
            78.4227528,
            17.4954627
          ],
          [
            78.4236823,
            17.4949866
          ],
          [
            78.4245707,
            17.4933771
          ],
          [
            78.4241815,
            17.4922286
          ],
          [
            78.424302,
            17.4918838
          ],
          [
            78.4252487,
            17.4906197
          ],
          [
            78.4251282,
            17.4901928
          ],
          [
            78.4242618,
            17.4898198
          ],
          [
            78.4239694,
            17.4896484
          ],
          [
            78.4238187,
            17.4895145
          ],
          [
            78.4237254,
            17.4894284
          ],
          [
            78.4236509,
            17.4892906
          ],
          [
            78.4236529,
            17.4891705
          ],
          [
            78.4236908,
            17.4890737
          ],
          [
            78.423801,
            17.4889664
          ],
          [
            78.4239349,
            17.4888056
          ],
          [
            78.4240058,
            17.4886795
          ],
          [
            78.4240839,
            17.4885607
          ],
          [
            78.4241523,
            17.4884569
          ],
          [
            78.4242745,
            17.4881357
          ],
          [
            78.4243367,
            17.4878957
          ],
          [
            78.4243561,
            17.487692
          ],
          [
            78.4244744,
            17.4874748
          ],
          [
            78.4246311,
            17.4873323
          ],
          [
            78.4248771,
            17.4871284
          ],
          [
            78.4251388,
            17.4871019
          ],
          [
            78.4256096,
            17.4873025
          ],
          [
            78.4258805,
            17.4873754
          ],
          [
            78.426117,
            17.4874015
          ],
          [
            78.4262104,
            17.4874138
          ],
          [
            78.4262936,
            17.4874023
          ],
          [
            78.4263383,
            17.4873692
          ],
          [
            78.4263915,
            17.4872872
          ],
          [
            78.4264398,
            17.4871784
          ],
          [
            78.4264719,
            17.487062
          ],
          [
            78.4265637,
            17.486957
          ],
          [
            78.4266745,
            17.4869124
          ],
          [
            78.4267388,
            17.4868152
          ],
          [
            78.4267643,
            17.4867192
          ],
          [
            78.4267442,
            17.4865184
          ],
          [
            78.4266382,
            17.4863662
          ],
          [
            78.4265055,
            17.4862204
          ],
          [
            78.4263365,
            17.4860912
          ],
          [
            78.4262355,
            17.4859357
          ],
          [
            78.4261997,
            17.4858417
          ],
          [
            78.426193,
            17.4857126
          ],
          [
            78.4261899,
            17.4855816
          ],
          [
            78.4261992,
            17.4854947
          ],
          [
            78.4262842,
            17.4854004
          ],
          [
            78.426425,
            17.485325
          ],
          [
            78.4265001,
            17.4852252
          ],
          [
            78.4266382,
            17.4850755
          ],
          [
            78.4269656,
            17.4845234
          ],
          [
            78.42699,
            17.4844757
          ],
          [
            78.4270603,
            17.4844438
          ],
          [
            78.427149,
            17.4844386
          ],
          [
            78.4273126,
            17.4843141
          ],
          [
            78.4274086,
            17.4841488
          ],
          [
            78.4274938,
            17.4833666
          ],
          [
            78.4275553,
            17.4824766
          ],
          [
            78.4274093,
            17.4821603
          ],
          [
            78.42745,
            17.4818649
          ],
          [
            78.4275146,
            17.4814964
          ],
          [
            78.4276672,
            17.4812051
          ],
          [
            78.4287417,
            17.4809339
          ],
          [
            78.4288332,
            17.4803056
          ],
          [
            78.4287714,
            17.4795965
          ],
          [
            78.4286513,
            17.4792037
          ],
          [
            78.4280368,
            17.4781331
          ],
          [
            78.4277217,
            17.4744884
          ],
          [
            78.4278714,
            17.4740498
          ],
          [
            78.4278271,
            17.4737958
          ],
          [
            78.4279138,
            17.4735982
          ],
          [
            78.4277952,
            17.4733847
          ],
          [
            78.4279188,
            17.4731305
          ],
          [
            78.4277702,
            17.4729993
          ],
          [
            78.4267241,
            17.4730249
          ],
          [
            78.4265348,
            17.4729258
          ],
          [
            78.4263647,
            17.4727076
          ],
          [
            78.4263325,
            17.4724569
          ],
          [
            78.426524,
            17.4722299
          ]
        ]
      },
      "id": "way/364501607"
    },
    {
      "type": "Feature",
      "properties": {
        "@id": "way/369988703",
        "layer": "-1",
        "tunnel": "yes",
        "waterway": "drain"
      },
      "geometry": {
        "type": "LineString",
        "coordinates": [
          [
            78.4625241,
            17.4308929
          ],
          [
            78.4631671,
            17.4305005
          ],
          [
            78.4632491,
            17.4304724
          ]
        ]
      },
      "id": "way/369988703"
    },
    {
      "type": "Feature",
      "properties": {
        "@id": "way/377967226",
        "source": "Bing (2015-11-01)",
        "waterway": "drain"
      },
      "geometry": {
        "type": "LineString",
        "coordinates": [
          [
            78.5842684,
            17.2346515
          ],
          [
            78.5842615,
            17.2346118
          ],
          [
            78.5842701,
            17.2345703
          ],
          [
            78.584291,
            17.2345091
          ],
          [
            78.5843846,
            17.2343335
          ],
          [
            78.5844435,
            17.234254
          ],
          [
            78.5845198,
            17.2341762
          ],
          [
            78.5846013,
            17.23411
          ],
          [
            78.5846464,
            17.2340868
          ],
          [
            78.5846915,
            17.2340702
          ],
          [
            78.5847399,
            17.2340579
          ]
        ]
      },
      "id": "way/377967226"
    },
    {
      "type": "Feature",
      "properties": {
        "@id": "way/377967227",
        "layer": "-1",
        "source": "Bing (2015-11-01)",
        "tunnel": "1",
        "waterway": "drain"
      },
      "geometry": {
        "type": "LineString",
        "coordinates": [
          [
            78.5753111,
            17.2305142
          ],
          [
            78.575596,
            17.2300029
          ]
        ]
      },
      "id": "way/377967227"
    },
    {
      "type": "Feature",
      "properties": {
        "@id": "way/377967228",
        "source": "Bing (2015-11-01)",
        "waterway": "drain"
      },
      "geometry": {
        "type": "LineString",
        "coordinates": [
          [
            78.5844419,
            17.2348611
          ],
          [
            78.5845017,
            17.2347593
          ]
        ]
      },
      "id": "way/377967228"
    },
    {
      "type": "Feature",
      "properties": {
        "@id": "way/377967229",
        "source": "Bing (2015-11-01)",
        "waterway": "drain"
      },
      "geometry": {
        "type": "LineString",
        "coordinates": [
          [
            78.5842684,
            17.2346515
          ],
          [
            78.5842853,
            17.2346593
          ]
        ]
      },
      "id": "way/377967229"
    },
    {
      "type": "Feature",
      "properties": {
        "@id": "way/377967230",
        "source": "Bing (2015-11-01)",
        "waterway": "drain"
      },
      "geometry": {
        "type": "LineString",
        "coordinates": [
          [
            78.5869149,
            17.2362291
          ],
          [
            78.5872241,
            17.2364023
          ]
        ]
      },
      "id": "way/377967230"
    },
    {
      "type": "Feature",
      "properties": {
        "@id": "way/377967231",
        "source": "Bing (2015-11-01)",
        "waterway": "drain"
      },
      "geometry": {
        "type": "LineString",
        "coordinates": [
          [
            78.585288,
            17.2339666
          ],
          [
            78.5853336,
            17.2339535
          ],
          [
            78.5853811,
            17.2339496
          ],
          [
            78.5854283,
            17.2339555
          ],
          [
            78.5854935,
            17.2339782
          ],
          [
            78.5855474,
            17.2340061
          ],
          [
            78.5856802,
            17.2341096
          ],
          [
            78.5857733,
            17.2342
          ],
          [
            78.5858542,
            17.2343093
          ],
          [
            78.5859092,
            17.2344026
          ],
          [
            78.5859611,
            17.2345192
          ],
          [
            78.58599,
            17.234611
          ],
          [
            78.5860038,
            17.2347189
          ],
          [
            78.5860053,
            17.2348399
          ],
          [
            78.5859962,
            17.2350236
          ],
          [
            78.5859778,
            17.2351941
          ],
          [
            78.5859778,
            17.2352889
          ],
          [
            78.5859824,
            17.235369
          ],
          [
            78.5859916,
            17.2354405
          ],
          [
            78.5860114,
            17.2354973
          ],
          [
            78.5860526,
            17.2355775
          ],
          [
            78.5860969,
            17.2356372
          ],
          [
            78.58619,
            17.2357451
          ],
          [
            78.5863029,
            17.2358472
          ],
          [
            78.5864281,
            17.2359434
          ],
          [
            78.5865914,
            17.2360454
          ],
          [
            78.5869149,
            17.2362291
          ]
        ]
      },
      "id": "way/377967231"
    },
    {
      "type": "Feature",
      "properties": {
        "@id": "way/377967232",
        "source": "Bing (2015-11-01)",
        "waterway": "drain"
      },
      "geometry": {
        "type": "LineString",
        "coordinates": [
          [
            78.5845017,
            17.2347593
          ],
          [
            78.5845314,
            17.2347522
          ],
          [
            78.584556,
            17.234737
          ],
          [
            78.5845793,
            17.2347113
          ],
          [
            78.5846651,
            17.2345953
          ],
          [
            78.5847558,
            17.2344571
          ],
          [
            78.5847877,
            17.2344255
          ],
          [
            78.5848245,
            17.2344021
          ],
          [
            78.5849066,
            17.2343693
          ],
          [
            78.5849974,
            17.2343447
          ],
          [
            78.5850513,
            17.2343424
          ],
          [
            78.585104,
            17.2343482
          ],
          [
            78.585223,
            17.2343834
          ],
          [
            78.585283,
            17.2344161
          ],
          [
            78.585348,
            17.2344618
          ],
          [
            78.5854228,
            17.2345321
          ],
          [
            78.5854829,
            17.2346094
          ],
          [
            78.5855184,
            17.2346785
          ],
          [
            78.5855307,
            17.2347276
          ],
          [
            78.5855307,
            17.2347874
          ],
          [
            78.5855209,
            17.2348459
          ],
          [
            78.5855001,
            17.2349103
          ],
          [
            78.5854571,
            17.2349782
          ],
          [
            78.5854155,
            17.2350216
          ],
          [
            78.585348,
            17.2350766
          ],
          [
            78.5853039,
            17.2351
          ],
          [
            78.5851972,
            17.2351492
          ],
          [
            78.5851506,
            17.2351609
          ],
          [
            78.5851053,
            17.2351609
          ],
          [
            78.5850489,
            17.2351539
          ],
          [
            78.5849213,
            17.2351211
          ],
          [
            78.5848735,
            17.2350989
          ],
          [
            78.5844419,
            17.2348611
          ]
        ]
      },
      "id": "way/377967232"
    },
    {
      "type": "Feature",
      "properties": {
        "@id": "way/377967233",
        "layer": "-1",
        "source": "Bing (2015-11-01)",
        "tunnel": "yes",
        "waterway": "drain"
      },
      "geometry": {
        "type": "LineString",
        "coordinates": [
          [
            78.5842853,
            17.2346593
          ],
          [
            78.5843553,
            17.2346967
          ],
          [
            78.5844275,
            17.2347301
          ],
          [
            78.5845017,
            17.2347593
          ]
        ]
      },
      "id": "way/377967233"
    },
    {
      "type": "Feature",
      "properties": {
        "@id": "way/377967234",
        "source": "Bing (2015-11-01)",
        "waterway": "drain"
      },
      "geometry": {
        "type": "LineString",
        "coordinates": [
          [
            78.5847399,
            17.2340579
          ],
          [
            78.5849235,
            17.2340321
          ],
          [
            78.5851062,
            17.2340017
          ],
          [
            78.585288,
            17.2339666
          ]
        ]
      },
      "id": "way/377967234"
    },
    {
      "type": "Feature",
      "properties": {
        "@id": "way/377967235",
        "source": "Bing (2015-11-01)",
        "waterway": "drain"
      },
      "geometry": {
        "type": "LineString",
        "coordinates": [
          [
            78.5872241,
            17.2364023
          ],
          [
            78.5871844,
            17.236519
          ],
          [
            78.5871304,
            17.2367092
          ],
          [
            78.5870251,
            17.2371494
          ],
          [
            78.5869961,
            17.2372675
          ]
        ]
      },
      "id": "way/377967235"
    },
    {
      "type": "Feature",
      "properties": {
        "@id": "way/377967236",
        "source": "Bing (2015-11-01)",
        "waterway": "drain"
      },
      "geometry": {
        "type": "LineString",
        "coordinates": [
          [
            78.5835627,
            17.2343468
          ],
          [
            78.5836251,
            17.2343584
          ],
          [
            78.5836754,
            17.2343782
          ],
          [
            78.5839182,
            17.2344892
          ],
          [
            78.5840933,
            17.2345803
          ],
          [
            78.5841887,
            17.23463
          ],
          [
            78.5842233,
            17.2346432
          ],
          [
            78.5842684,
            17.2346515
          ]
        ]
      },
      "id": "way/377967236"
    },
    {
      "type": "Feature",
      "properties": {
        "@id": "way/378337362",
        "waterway": "stream"
      },
      "geometry": {
        "type": "LineString",
        "coordinates": [
          [
            78.3144692,
            17.4808574
          ],
          [
            78.3144914,
            17.4807888
          ],
          [
            78.3144934,
            17.4807233
          ],
          [
            78.314521,
            17.4806036
          ],
          [
            78.3145746,
            17.480508
          ],
          [
            78.3146332,
            17.4803701
          ],
          [
            78.3146625,
            17.4802509
          ],
          [
            78.3146568,
            17.479754
          ],
          [
            78.3146825,
            17.4796451
          ],
          [
            78.314681,
            17.4795553
          ],
          [
            78.3146696,
            17.4794749
          ],
          [
            78.3146995,
            17.4794091
          ],
          [
            78.3147035,
            17.4793783
          ],
          [
            78.3147318,
            17.479359
          ],
          [
            78.3147722,
            17.479359
          ],
          [
            78.3148146,
            17.4793455
          ],
          [
            78.3148429,
            17.4793012
          ],
          [
            78.314851,
            17.4792472
          ],
          [
            78.314851,
            17.4792068
          ],
          [
            78.3148692,
            17.4791779
          ],
          [
            78.3149197,
            17.4791335
          ],
          [
            78.3149641,
            17.4791104
          ],
          [
            78.3150167,
            17.4790719
          ]
        ]
      },
      "id": "way/378337362"
    },
    {
      "type": "Feature",
      "properties": {
        "@id": "way/380186845",
        "name": "Laxmi Nagar Nala",
        "waterway": "canal"
      },
      "geometry": {
        "type": "LineString",
        "coordinates": [
          [
            78.4147796,
            17.3730463
          ],
          [
            78.4147204,
            17.3729555
          ],
          [
            78.4146466,
            17.3727917
          ],
          [
            78.4146159,
            17.3726971
          ],
          [
            78.414623,
            17.3726227
          ],
          [
            78.4147292,
            17.3725529
          ],
          [
            78.4148212,
            17.3724785
          ],
          [
            78.4148968,
            17.3723546
          ],
          [
            78.4149487,
            17.372233
          ],
          [
            78.415003,
            17.3720618
          ],
          [
            78.4150714,
            17.3719154
          ],
          [
            78.4151555,
            17.3717724
          ],
          [
            78.4152938,
            17.3716074
          ],
          [
            78.4155423,
            17.3713305
          ],
          [
            78.4160328,
            17.3708284
          ]
        ]
      },
      "id": "way/380186845"
    },
    {
      "type": "Feature",
      "properties": {
        "@id": "way/380186846",
        "layer": "-1",
        "tunnel": "culvert",
        "waterway": "canal"
      },
      "geometry": {
        "type": "LineString",
        "coordinates": [
          [
            78.4147886,
            17.3733056
          ],
          [
            78.4147796,
            17.3730463
          ]
        ]
      },
      "id": "way/380186846"
    },
    {
      "type": "Feature",
      "properties": {
        "@id": "way/431902178",
        "name": "Musi River",
        "name:te": "మూసి",
        "waterway": "river"
      },
      "geometry": {
        "type": "LineString",
        "coordinates": [
          [
            78.4408973,
            17.3688617
          ],
          [
            78.4413555,
            17.3683654
          ],
          [
            78.4415889,
            17.3680659
          ],
          [
            78.4416794,
            17.36771
          ],
          [
            78.4417773,
            17.3675769
          ],
          [
            78.4419402,
            17.3674534
          ],
          [
            78.4421407,
            17.3673888
          ],
          [
            78.4422896,
            17.3673408
          ],
          [
            78.4423982,
            17.3673004
          ],
          [
            78.4425035,
            17.3672006
          ],
          [
            78.4428817,
            17.3667526
          ],
          [
            78.4429729,
            17.3666989
          ],
          [
            78.4431083,
            17.3666694
          ],
          [
            78.4433672,
            17.3666259
          ],
          [
            78.4435026,
            17.3665773
          ],
          [
            78.4436099,
            17.3664915
          ],
          [
            78.4437239,
            17.3663853
          ],
          [
            78.4439546,
            17.3661677
          ],
          [
            78.4440726,
            17.366055
          ],
          [
            78.4441638,
            17.3659475
          ],
          [
            78.4443113,
            17.3657197
          ],
          [
            78.4444588,
            17.3654458
          ],
          [
            78.4445688,
            17.3652
          ],
          [
            78.4446117,
            17.3650438
          ],
          [
            78.4446546,
            17.3649261
          ],
          [
            78.4446868,
            17.3647776
          ],
          [
            78.4446882,
            17.3646458
          ],
          [
            78.4447083,
            17.3645664
          ],
          [
            78.4447499,
            17.3645011
          ],
          [
            78.4448612,
            17.3644115
          ],
          [
            78.4449725,
            17.3643002
          ],
          [
            78.4450838,
            17.3641735
          ],
          [
            78.4451723,
            17.3641069
          ],
          [
            78.4452957,
            17.3640531
          ],
          [
            78.4454405,
            17.3640224
          ],
          [
            78.4455773,
            17.3639866
          ],
          [
            78.4456846,
            17.3639488
          ],
          [
            78.4457651,
            17.3639079
          ],
          [
            78.4458871,
            17.3638144
          ],
          [
            78.4460078,
            17.3637146
          ],
          [
            78.4461976,
            17.3635162
          ],
          [
            78.446492,
            17.3631674
          ],
          [
            78.4465697,
            17.3630138
          ],
          [
            78.4465858,
            17.362873
          ],
          [
            78.4465697,
            17.3627834
          ],
          [
            78.4465322,
            17.3626272
          ],
          [
            78.446551,
            17.3625325
          ],
          [
            78.4466261,
            17.3623712
          ],
          [
            78.4466797,
            17.3622842
          ],
          [
            78.4468889,
            17.3619616
          ],
          [
            78.4470794,
            17.361721
          ],
          [
            78.447302,
            17.3614675
          ],
          [
            78.4475782,
            17.3611245
          ],
          [
            78.4478384,
            17.3608071
          ],
          [
            78.4480637,
            17.3605895
          ],
          [
            78.4483963,
            17.3603667
          ],
          [
            78.4487423,
            17.3601517
          ],
          [
            78.4489623,
            17.3600186
          ],
          [
            78.4492063,
            17.3599341
          ],
          [
            78.4493512,
            17.3599111
          ],
          [
            78.4495175,
            17.3598983
          ],
          [
            78.4496275,
            17.3599085
          ],
          [
            78.4497052,
            17.3599085
          ],
          [
            78.449781,
            17.3599085
          ],
          [
            78.4499567,
            17.3598874
          ],
          [
            78.4501585,
            17.3598752
          ],
          [
            78.4503248,
            17.3598931
          ],
          [
            78.4504965,
            17.3599879
          ],
          [
            78.4506199,
            17.3600826
          ],
          [
            78.4506869,
            17.3601133
          ],
          [
            78.4507915,
            17.3601261
          ],
          [
            78.4509069,
            17.360121
          ],
          [
            78.4510383,
            17.3601031
          ],
          [
            78.451167,
            17.3600928
          ],
          [
            78.4513146,
            17.3600979
          ],
          [
            78.4514567,
            17.3601363
          ],
          [
            78.4515506,
            17.3601824
          ],
          [
            78.4518282,
            17.3603168
          ],
          [
            78.4520039,
            17.3604435
          ],
          [
            78.4521541,
            17.3605741
          ],
          [
            78.4522426,
            17.360633
          ],
          [
            78.4523714,
            17.3606663
          ],
          [
            78.4524813,
            17.3606714
          ],
          [
            78.4526718,
            17.3606714
          ],
          [
            78.4528032,
            17.3606893
          ],
          [
            78.4529051,
            17.3607277
          ],
          [
            78.4531197,
            17.3608685
          ],
          [
            78.4533155,
            17.3609991
          ],
          [
            78.4534952,
            17.3611373
          ],
          [
            78.4536239,
            17.3612371
          ],
          [
            78.4537098,
            17.3612858
          ],
          [
            78.4538412,
            17.3613319
          ],
          [
            78.4539297,
            17.3613831
          ],
          [
            78.4540772,
            17.3614778
          ],
          [
            78.4542087,
            17.3615597
          ],
          [
            78.4545627,
            17.3617671
          ],
          [
            78.4547451,
            17.3618874
          ],
          [
            78.4548524,
            17.3620051
          ],
          [
            78.4551528,
            17.3624019
          ],
          [
            78.4553459,
            17.3627015
          ],
          [
            78.4554546,
            17.3628691
          ],
          [
            78.4555082,
            17.3629805
          ],
          [
            78.4555739,
            17.363152
          ],
          [
            78.4557308,
            17.3637843
          ]
        ]
      },
      "id": "way/431902178"
    },
    {
      "type": "Feature",
      "properties": {
        "@id": "way/434881622",
        "waterway": "drain"
      },
      "geometry": {
        "type": "LineString",
        "coordinates": [
          [
            78.3805284,
            17.3955816
          ],
          [
            78.3804453,
            17.3954153
          ],
          [
            78.3804131,
            17.3952719
          ],
          [
            78.3804131,
            17.3951414
          ],
          [
            78.3804721,
            17.3950083
          ],
          [
            78.380515,
            17.3947421
          ],
          [
            78.3805177,
            17.3945962
          ],
          [
            78.3805204,
            17.3944427
          ],
          [
            78.3805472,
            17.3942891
          ],
          [
            78.3805338,
            17.3941713
          ],
          [
            78.3804694,
            17.394069
          ],
          [
            78.3804104,
            17.3939205
          ],
          [
            78.3804184,
            17.3937465
          ],
          [
            78.3804533,
            17.393621
          ],
          [
            78.3804345,
            17.3934956
          ],
          [
            78.3803541,
            17.393383
          ],
          [
            78.3802521,
            17.3932909
          ],
          [
            78.3801153,
            17.3932038
          ],
          [
            78.3799812,
            17.3931347
          ],
          [
            78.3799061,
            17.3930195
          ],
          [
            78.3797935,
            17.3928813
          ],
          [
            78.3796379,
            17.3927533
          ],
          [
            78.3794984,
            17.3926689
          ],
          [
            78.3794046,
            17.3926279
          ],
          [
            78.3793643,
            17.3925537
          ],
          [
            78.3793348,
            17.3924078
          ],
          [
            78.3792624,
            17.3922926
          ],
          [
            78.3791578,
            17.3921237
          ],
          [
            78.3790854,
            17.3920162
          ],
          [
            78.3790693,
            17.3918984
          ],
          [
            78.379013,
            17.3918063
          ],
          [
            78.3788923,
            17.3917423
          ],
          [
            78.3787769,
            17.3917065
          ],
          [
            78.3787072,
            17.3916143
          ],
          [
            78.3786401,
            17.3915171
          ],
          [
            78.378447,
            17.3911664
          ],
          [
            78.3784014,
            17.3910333
          ],
          [
            78.3783498,
            17.3909648
          ],
          [
            78.3783236,
            17.3908081
          ],
          [
            78.37827,
            17.3906519
          ],
          [
            78.3782432,
            17.3905265
          ],
          [
            78.3782432,
            17.3904164
          ],
          [
            78.3782807,
            17.3902629
          ],
          [
            78.3783156,
            17.3901221
          ],
          [
            78.3783049,
            17.3900069
          ],
          [
            78.3782995,
            17.389884
          ],
          [
            78.3783209,
            17.3897151
          ],
          [
            78.3783344,
            17.3895743
          ],
          [
            78.3783344,
            17.3894105
          ],
          [
            78.3782914,
            17.3892595
          ],
          [
            78.3782351,
            17.3890982
          ],
          [
            78.3782324,
            17.3889728
          ],
          [
            78.3782673,
            17.3888244
          ],
          [
            78.3782727,
            17.3886145
          ],
          [
            78.3782458,
            17.3884225
          ],
          [
            78.3781761,
            17.3882792
          ],
          [
            78.3780715,
            17.3880257
          ],
          [
            78.3780715,
            17.3878926
          ],
          [
            78.3780715,
            17.3876367
          ],
          [
            78.3780876,
            17.3874677
          ],
          [
            78.3780956,
            17.3872041
          ],
          [
            78.3780795,
            17.3869789
          ],
          [
            78.3780393,
            17.3868278
          ],
          [
            78.377983,
            17.3865949
          ],
          [
            78.377983,
            17.386362
          ],
          [
            78.3779883,
            17.3859192
          ],
          [
            78.3779883,
            17.3855352
          ],
          [
            78.3779186,
            17.3852792
          ],
          [
            78.3778274,
            17.3850079
          ],
          [
            78.3776236,
            17.3847366
          ],
          [
            78.3774358,
            17.3845779
          ],
          [
            78.3768565,
            17.384199
          ]
        ]
      },
      "id": "way/434881622"
    },
    {
      "type": "Feature",
      "properties": {
        "@id": "way/434944739",
        "waterway": "stream"
      },
      "geometry": {
        "type": "LineString",
        "coordinates": [
          [
            78.3165188,
            17.4983922
          ],
          [
            78.3166341,
            17.4981428
          ],
          [
            78.3166704,
            17.4980289
          ],
          [
            78.3166757,
            17.4979266
          ],
          [
            78.316673,
            17.4978153
          ],
          [
            78.3167039,
            17.4977092
          ],
          [
            78.3168434,
            17.4974917
          ],
          [
            78.3169641,
            17.4973817
          ],
          [
            78.3170512,
            17.4972513
          ],
          [
            78.317062,
            17.4971489
          ],
          [
            78.3170137,
            17.4970287
          ],
          [
            78.3169976,
            17.4968752
          ],
          [
            78.3170325,
            17.496755
          ],
          [
            78.3171934,
            17.4965734
          ],
          [
            78.3173409,
            17.4963713
          ],
          [
            78.3174509,
            17.4962408
          ],
          [
            78.3175314,
            17.4960822
          ],
          [
            78.3176253,
            17.4958596
          ],
          [
            78.3176709,
            17.495678
          ],
          [
            78.3177084,
            17.4954529
          ],
          [
            78.3177191,
            17.4953352
          ],
          [
            78.3177138,
            17.4952585
          ]
        ]
      },
      "id": "way/434944739"
    },
    {
      "type": "Feature",
      "properties": {
        "@id": "way/434944740",
        "layer": "-1",
        "tunnel": "culvert",
        "waterway": "stream"
      },
      "geometry": {
        "type": "LineString",
        "coordinates": [
          [
            78.3177138,
            17.4952585
          ],
          [
            78.317691,
            17.4951843
          ],
          [
            78.317644,
            17.495105
          ],
          [
            78.3175019,
            17.4949438
          ]
        ]
      },
      "id": "way/434944740"
    },
    {
      "type": "Feature",
      "properties": {
        "@id": "way/434944741",
        "waterway": "stream"
      },
      "geometry": {
        "type": "LineString",
        "coordinates": [
          [
            78.3175019,
            17.4949438
          ],
          [
            78.3173839,
            17.4947903
          ],
          [
            78.3171881,
            17.4945857
          ],
          [
            78.3171264,
            17.4944859
          ],
          [
            78.3170486,
            17.4943376
          ],
          [
            78.3169976,
            17.4941841
          ],
          [
            78.3169842,
            17.4940383
          ],
          [
            78.3169574,
            17.4939436
          ],
          [
            78.3169534,
            17.493863
          ],
          [
            78.3169641,
            17.4937773
          ],
          [
            78.3169815,
            17.4937236
          ],
          [
            78.3169829,
            17.4936571
          ],
          [
            78.3169668,
            17.4936021
          ],
          [
            78.3169185,
            17.4935394
          ],
          [
            78.3169037,
            17.493455
          ],
          [
            78.3169037,
            17.4934
          ],
          [
            78.3168756,
            17.4933168
          ],
          [
            78.3168273,
            17.4932298
          ],
          [
            78.3167361,
            17.493148
          ],
          [
            78.3167263,
            17.4931289
          ],
          [
            78.316715,
            17.4931173
          ],
          [
            78.3166951,
            17.4930975
          ],
          [
            78.3166615,
            17.4930697
          ],
          [
            78.3164893,
            17.4930149
          ],
          [
            78.3163338,
            17.4929587
          ],
          [
            78.3160253,
            17.4928436
          ],
          [
            78.3158268,
            17.492754
          ],
          [
            78.3157356,
            17.4926977
          ],
          [
            78.3156874,
            17.4926466
          ],
          [
            78.315631,
            17.4926159
          ],
          [
            78.3155076,
            17.4925852
          ],
          [
            78.3154272,
            17.4925366
          ],
          [
            78.3153655,
            17.4924573
          ],
          [
            78.3153172,
            17.4923498
          ],
          [
            78.3153065,
            17.4922321
          ],
          [
            78.3153145,
            17.4920607
          ],
          [
            78.3153306,
            17.4919584
          ],
          [
            78.3153199,
            17.491851
          ],
          [
            78.3152823,
            17.4917231
          ],
          [
            78.3152233,
            17.4915542
          ],
          [
            78.3151321,
            17.4913189
          ],
          [
            78.3151053,
            17.4912268
          ],
          [
            78.3151053,
            17.4911398
          ],
          [
            78.3152032,
            17.4907638
          ],
          [
            78.3152488,
            17.4906845
          ],
          [
            78.3153132,
            17.4906077
          ],
          [
            78.3154768,
            17.4904977
          ],
          [
            78.3155237,
            17.4904466
          ],
          [
            78.315576,
            17.4903391
          ],
          [
            78.3155841,
            17.4902253
          ],
          [
            78.3155921,
            17.489917
          ],
          [
            78.3155827,
            17.4895857
          ],
          [
            78.3155908,
            17.4894258
          ],
          [
            78.3156404,
            17.4891675
          ],
          [
            78.3157235,
            17.488918
          ],
          [
            78.3157906,
            17.4887927
          ],
          [
            78.3158268,
            17.4887159
          ],
          [
            78.3158335,
            17.4886277
          ],
          [
            78.3158174,
            17.4884575
          ],
          [
            78.3157571,
            17.4881761
          ],
          [
            78.315682,
            17.4879625
          ],
          [
            78.3156324,
            17.4878218
          ],
          [
            78.3156163,
            17.487699
          ],
          [
            78.3156324,
            17.487575
          ],
          [
            78.3156793,
            17.4875187
          ],
          [
            78.3157745,
            17.4874509
          ],
          [
            78.3158711,
            17.4873997
          ],
          [
            78.3159314,
            17.4873358
          ],
          [
            78.3159435,
            17.4872756
          ],
          [
            78.3160602,
            17.4870448
          ],
          [
            78.3161151,
            17.4867717
          ],
          [
            78.3161151,
            17.4866438
          ],
          [
            78.3161286,
            17.4865082
          ],
          [
            78.3161245,
            17.486466
          ],
          [
            78.316099,
            17.4864519
          ],
          [
            78.3160602,
            17.4864417
          ],
          [
            78.315576,
            17.4863841
          ],
          [
            78.3152837,
            17.486118
          ],
          [
            78.3152689,
            17.4860387
          ],
          [
            78.3153038,
            17.4859773
          ],
          [
            78.3154821,
            17.485623
          ],
          [
            78.3156417,
            17.485577
          ],
          [
            78.3157141,
            17.4855399
          ],
          [
            78.3157249,
            17.4854516
          ],
          [
            78.3157074,
            17.4854184
          ],
          [
            78.3152702,
            17.484853
          ],
          [
            78.3142818,
            17.4839819
          ],
          [
            78.314255,
            17.4838808
          ],
          [
            78.3142671,
            17.483703
          ],
          [
            78.3142595,
            17.4832235
          ]
        ]
      },
      "id": "way/434944741"
    },
    {
      "type": "Feature",
      "properties": {
        "@id": "way/468492166",
        "name": "Sai Priya Colony canal",
        "waterway": "canal"
      },
      "geometry": {
        "type": "LineString",
        "coordinates": [
          [
            78.5885992,
            17.4963446
          ],
          [
            78.5884052,
            17.4970308
          ],
          [
            78.5881883,
            17.4976879
          ],
          [
            78.5880564,
            17.498157
          ],
          [
            78.5879142,
            17.4986634
          ],
          [
            78.5877909,
            17.4990795
          ],
          [
            78.5876563,
            17.4995389
          ],
          [
            78.5875007,
            17.5001177
          ]
        ]
      },
      "id": "way/468492166"
    },
    {
      "type": "Feature",
      "properties": {
        "@id": "way/514454222",
        "waterway": "stream"
      },
      "geometry": {
        "type": "LineString",
        "coordinates": [
          [
            78.5614139,
            17.4138966
          ],
          [
            78.5614246,
            17.4137482
          ],
          [
            78.5614622,
            17.4134539
          ],
          [
            78.5614246,
            17.4133438
          ],
          [
            78.5614005,
            17.4131084
          ],
          [
            78.5614566,
            17.4128203
          ],
          [
            78.5616076,
            17.4125094
          ],
          [
            78.5617377,
            17.412377
          ]
        ]
      },
      "id": "way/514454222"
    },
    {
      "type": "Feature",
      "properties": {
        "@id": "way/514454223",
        "waterway": "stream"
      },
      "geometry": {
        "type": "LineString",
        "coordinates": [
          [
            78.5617377,
            17.412377
          ],
          [
            78.5620737,
            17.4122587
          ],
          [
            78.562409,
            17.4121846
          ],
          [
            78.5625968,
            17.4120873
          ],
          [
            78.562645,
            17.412031
          ],
          [
            78.562618,
            17.4119118
          ],
          [
            78.5625697,
            17.4118145
          ],
          [
            78.5626048,
            17.4116907
          ],
          [
            78.5627309,
            17.4115729
          ],
          [
            78.5627818,
            17.411491
          ],
          [
            78.562814,
            17.4110201
          ],
          [
            78.5628033,
            17.4108179
          ],
          [
            78.5627792,
            17.4105441
          ],
          [
            78.5628623,
            17.4103445
          ],
          [
            78.5630796,
            17.4102421
          ],
          [
            78.5632539,
            17.4101627
          ],
          [
            78.5633129,
            17.4100015
          ],
          [
            78.5634282,
            17.4098684
          ],
          [
            78.5637072,
            17.4096969
          ],
          [
            78.5639352,
            17.4095434
          ],
          [
            78.5640183,
            17.409354
          ],
          [
            78.5640747,
            17.4090725
          ],
          [
            78.5643348,
            17.4086323
          ]
        ]
      },
      "id": "way/514454223"
    },
    {
      "type": "Feature",
      "properties": {
        "@id": "way/514454224",
        "waterway": "stream"
      },
      "geometry": {
        "type": "LineString",
        "coordinates": [
          [
            78.5591606,
            17.4166029
          ],
          [
            78.5594532,
            17.416374
          ],
          [
            78.5595873,
            17.4162691
          ],
          [
            78.5598046,
            17.4161181
          ],
          [
            78.5600272,
            17.4160618
          ],
          [
            78.5602552,
            17.4160515
          ],
          [
            78.5605073,
            17.4159492
          ],
          [
            78.5606709,
            17.4157521
          ],
          [
            78.5607139,
            17.4155499
          ]
        ]
      },
      "id": "way/514454224"
    },
    {
      "type": "Feature",
      "properties": {
        "@id": "way/514454225",
        "waterway": "stream"
      },
      "geometry": {
        "type": "LineString",
        "coordinates": [
          [
            78.5607645,
            17.4154359
          ],
          [
            78.5608319,
            17.4152838
          ],
          [
            78.5608855,
            17.4151276
          ],
          [
            78.5610169,
            17.414969
          ],
          [
            78.5611752,
            17.4148794
          ],
          [
            78.5613442,
            17.4147898
          ],
          [
            78.5614595,
            17.4146567
          ],
          [
            78.5614461,
            17.4144776
          ],
          [
            78.5614032,
            17.4143343
          ],
          [
            78.5614032,
            17.4142217
          ],
          [
            78.5614139,
            17.4140118
          ]
        ]
      },
      "id": "way/514454225"
    },
    {
      "type": "Feature",
      "properties": {
        "@id": "way/514454226",
        "waterway": "stream"
      },
      "geometry": {
        "type": "LineString",
        "coordinates": [
          [
            78.5643348,
            17.4086323
          ],
          [
            78.5644153,
            17.4085529
          ],
          [
            78.5646245,
            17.4082228
          ],
          [
            78.5648847,
            17.4079182
          ],
          [
            78.5650268,
            17.4077953
          ],
          [
            78.5652385,
            17.4077733
          ],
          [
            78.565405,
            17.4077237
          ],
          [
            78.565566,
            17.4076495
          ],
          [
            78.5658232,
            17.4075583
          ],
          [
            78.5663438,
            17.4073884
          ],
          [
            78.5666308,
            17.4074114
          ],
          [
            78.5668212,
            17.4074805
          ],
          [
            78.5670382,
            17.4075942
          ],
          [
            78.5673735,
            17.4077145
          ],
          [
            78.5676205,
            17.4077953
          ],
          [
            78.5677466,
            17.4078414
          ],
          [
            78.5678456,
            17.4078629
          ],
          [
            78.5679934,
            17.4078209
          ]
        ]
      },
      "id": "way/514454226"
    },
    {
      "type": "Feature",
      "properties": {
        "@id": "way/514454227",
        "waterway": "stream"
      },
      "geometry": {
        "type": "LineString",
        "coordinates": [
          [
            78.554526,
            17.417303
          ],
          [
            78.5546172,
            17.4172902
          ],
          [
            78.5546038,
            17.417129
          ],
          [
            78.5545823,
            17.4170087
          ],
          [
            78.5546226,
            17.4167963
          ],
          [
            78.5546494,
            17.4167016
          ],
          [
            78.5547889,
            17.4165506
          ],
          [
            78.5549149,
            17.4164405
          ],
          [
            78.5550034,
            17.4164508
          ],
          [
            78.5550866,
            17.4164508
          ],
          [
            78.5552448,
            17.4165096
          ],
          [
            78.5553277,
            17.416498
          ],
          [
            78.555454,
            17.4164354
          ],
          [
            78.5556337,
            17.4163996
          ],
          [
            78.5558242,
            17.4163868
          ],
          [
            78.5561219,
            17.4163177
          ],
          [
            78.5563338,
            17.4162486
          ],
          [
            78.5564223,
            17.4162793
          ],
          [
            78.5565564,
            17.4164533
          ],
          [
            78.5566637,
            17.4165557
          ],
          [
            78.5567922,
            17.4166464
          ],
          [
            78.5569453,
            17.4167016
          ],
          [
            78.5572109,
            17.4166939
          ],
          [
            78.5574308,
            17.4166811
          ]
        ]
      },
      "id": "way/514454227"
    },
    {
      "type": "Feature",
      "properties": {
        "@id": "way/514454228",
        "waterway": "stream"
      },
      "geometry": {
        "type": "LineString",
        "coordinates": [
          [
            78.5575301,
            17.4166811
          ],
          [
            78.5576535,
            17.416676
          ],
          [
            78.5579592,
            17.4166888
          ],
          [
            78.5581899,
            17.4167169
          ],
          [
            78.5584608,
            17.416786
          ],
          [
            78.5587129,
            17.416873
          ],
          [
            78.5588414,
            17.4168537
          ],
          [
            78.5589651,
            17.416786
          ],
          [
            78.5591072,
            17.4166837
          ]
        ]
      },
      "id": "way/514454228"
    },
    {
      "type": "Feature",
      "properties": {
        "@id": "way/514454229",
        "waterway": "stream"
      },
      "geometry": {
        "type": "LineString",
        "coordinates": [
          [
            78.5681004,
            17.4077989
          ],
          [
            78.5683555,
            17.4077058
          ],
          [
            78.5684681,
            17.4075676
          ],
          [
            78.5686022,
            17.4074601
          ],
          [
            78.5686827,
            17.4073756
          ],
          [
            78.5687229,
            17.407176
          ],
          [
            78.5687176,
            17.4069815
          ],
          [
            78.568669,
            17.4068264
          ],
          [
            78.5687095,
            17.4067255
          ],
          [
            78.5690338,
            17.4066702
          ],
          [
            78.5693586,
            17.4065899
          ],
          [
            78.5695021,
            17.4065592
          ],
          [
            78.5696322,
            17.4065547
          ],
          [
            78.5697824,
            17.4065771
          ],
          [
            78.5699353,
            17.4066232
          ],
          [
            78.5700667,
            17.4066232
          ],
          [
            78.5702999,
            17.4065771
          ],
          [
            78.5704877,
            17.4065285
          ],
          [
            78.5706245,
            17.4065464
          ],
          [
            78.5708631,
            17.4065858
          ],
          [
            78.5709517,
            17.4066513
          ],
          [
            78.5710912,
            17.4067972
          ],
          [
            78.5712521,
            17.4068381
          ],
          [
            78.5714962,
            17.4068381
          ],
          [
            78.5718796,
            17.4067649
          ],
          [
            78.5723195,
            17.4066191
          ],
          [
            78.5728749,
            17.4063902
          ],
          [
            78.5732182,
            17.4062546
          ],
          [
            78.5736017,
            17.4060371
          ],
          [
            78.57387,
            17.4058093
          ],
          [
            78.5741838,
            17.405538
          ],
          [
            78.5743286,
            17.4053921
          ],
          [
            78.5743367,
            17.4051566
          ],
          [
            78.5743501,
            17.4049212
          ],
          [
            78.574401,
            17.4047548
          ],
          [
            78.5745378,
            17.4045961
          ],
          [
            78.5746853,
            17.4045372
          ],
          [
            78.5748543,
            17.4045552
          ],
          [
            78.5750394,
            17.40455
          ],
          [
            78.575254,
            17.4045782
          ],
          [
            78.5754605,
            17.4045911
          ]
        ]
      },
      "id": "way/514454229"
    },
    {
      "type": "Feature",
      "properties": {
        "@id": "way/550045325",
        "intermittent": "yes",
        "waterway": "stream"
      },
      "geometry": {
        "type": "LineString",
        "coordinates": [
          [
            78.6235553,
            17.2214379
          ],
          [
            78.6239845,
            17.2216531
          ],
          [
            78.6245584,
            17.2217915
          ],
          [
            78.6250949,
            17.2219093
          ],
          [
            78.6255133,
            17.2219247
          ],
          [
            78.6259425,
            17.2218632
          ],
          [
            78.6264574,
            17.2216122
          ],
          [
            78.6266506,
            17.2215199
          ],
          [
            78.6268705,
            17.2215455
          ],
          [
            78.6269778,
            17.2216531
          ],
          [
            78.6271521,
            17.2217966
          ],
          [
            78.627415,
            17.2219042
          ],
          [
            78.627651,
            17.221976
          ],
          [
            78.6278227,
            17.2220682
          ],
          [
            78.6278871,
            17.2221655
          ],
          [
            78.6279273,
            17.2223526
          ],
          [
            78.6280936,
            17.2226702
          ],
          [
            78.6282384,
            17.2229136
          ],
          [
            78.6283511,
            17.2231288
          ],
          [
            78.6285147,
            17.2233235
          ],
          [
            78.6287239,
            17.2234772
          ],
          [
            78.6288902,
            17.2235823
          ],
          [
            78.6290485,
            17.2235362
          ],
          [
            78.6291075,
            17.2235439
          ],
          [
            78.629365,
            17.2236822
          ],
          [
            78.6298746,
            17.2238154
          ],
          [
            78.6303467,
            17.224046
          ],
          [
            78.6308134,
            17.2241997
          ],
          [
            78.6318058,
            17.2243227
          ],
          [
            78.6323047,
            17.2243381
          ],
          [
            78.632943,
            17.2244303
          ],
          [
            78.6336404,
            17.224584
          ],
          [
            78.6344558,
            17.2249017
          ],
          [
            78.6359847,
            17.2255114
          ],
          [
            78.6371863,
            17.2259111
          ],
          [
            78.6383021,
            17.2262902
          ],
          [
            78.6386239,
            17.2263876
          ],
          [
            78.6395466,
            17.2266796
          ],
          [
            78.6404586,
            17.2268538
          ],
          [
            78.6410648,
            17.2270434
          ],
          [
            78.6423415,
            17.2274072
          ]
        ]
      },
      "id": "way/550045325"
    },
    {
      "type": "Feature",
      "properties": {
        "@id": "way/550045330",
        "intermittent": "yes",
        "waterway": "stream"
      },
      "geometry": {
        "type": "LineString",
        "coordinates": [
          [
            78.6441064,
            17.2279708
          ],
          [
            78.6446106,
            17.228104
          ],
          [
            78.6449969,
            17.228309
          ],
          [
            78.6455709,
            17.2285857
          ],
          [
            78.6459517,
            17.2288009
          ],
          [
            78.6467028,
            17.2292722
          ],
          [
            78.64703,
            17.2294157
          ]
        ]
      },
      "id": "way/550045330"
    },
    {
      "type": "Feature",
      "properties": {
        "@id": "way/550045331",
        "intermittent": "no",
        "waterway": "stream"
      },
      "geometry": {
        "type": "LineString",
        "coordinates": [
          [
            78.64703,
            17.2294157
          ],
          [
            78.6475235,
            17.2296463
          ],
          [
            78.6503023,
            17.2305224
          ],
          [
            78.6508065,
            17.230589
          ],
          [
            78.6514181,
            17.230548
          ],
          [
            78.6523783,
            17.2307786
          ],
          [
            78.6534887,
            17.2309426
          ],
          [
            78.6539555,
            17.2310809
          ],
          [
            78.6544597,
            17.2313371
          ],
          [
            78.6552987,
            17.2317427
          ],
          [
            78.6557633,
            17.2319673
          ],
          [
            78.6641478,
            17.2348211
          ],
          [
            78.6647153,
            17.2350405
          ],
          [
            78.667624,
            17.236061
          ],
          [
            78.6689866,
            17.2366195
          ],
          [
            78.6709607,
            17.2372753
          ],
          [
            78.6735656,
            17.2380985
          ],
          [
            78.6742077,
            17.2381077
          ],
          [
            78.674992,
            17.2388852
          ],
          [
            78.6756813,
            17.2391197
          ],
          [
            78.6760346,
            17.2390809
          ],
          [
            78.6770707,
            17.2394901
          ],
          [
            78.6772507,
            17.2395084
          ],
          [
            78.6787122,
            17.2401239
          ],
          [
            78.6797698,
            17.2405847
          ],
          [
            78.6802411,
            17.2409642
          ],
          [
            78.6824798,
            17.2423894
          ],
          [
            78.6827195,
            17.2426497
          ]
        ]
      },
      "id": "way/550045331"
    },
    {
      "type": "Feature",
      "properties": {
        "@id": "way/737789244",
        "layer": "-1",
        "name": "Ashoknagar Nala",
        "tunnel": "culvert",
        "waterway": "canal"
      },
      "geometry": {
        "type": "LineString",
        "coordinates": [
          [
            78.4858614,
            17.4243741
          ],
          [
            78.486186,
            17.4243229
          ]
        ]
      },
      "id": "way/737789244"
    },
    {
      "type": "Feature",
      "properties": {
        "@id": "way/737789245",
        "name": "Ashoknagar Nala",
        "waterway": "canal"
      },
      "geometry": {
        "type": "LineString",
        "coordinates": [
          [
            78.483279,
            17.4254475
          ],
          [
            78.4842132,
            17.4248053
          ],
          [
            78.4843715,
            17.4247337
          ],
          [
            78.4858614,
            17.4243741
          ]
        ]
      },
      "id": "way/737789245"
    },
    {
      "type": "Feature",
      "properties": {
        "@id": "way/748838167",
        "boat": "no",
        "ship": "no",
        "waterway": "canal",
        "width": "3"
      },
      "geometry": {
        "type": "LineString",
        "coordinates": [
          [
            78.5008345,
            17.4506701
          ],
          [
            78.5010333,
            17.4510739
          ],
          [
            78.5015344,
            17.4516085
          ],
          [
            78.5017644,
            17.4520966
          ]
        ]
      },
      "id": "way/748838167"
    },
    {
      "type": "Feature",
      "properties": {
        "@id": "way/759569823",
        "waterway": "river"
      },
      "geometry": {
        "type": "LineString",
        "coordinates": [
          [
            78.3172512,
            17.5584394
          ],
          [
            78.3172069,
            17.5583061
          ],
          [
            78.3171609,
            17.5581492
          ],
          [
            78.3171485,
            17.5580396
          ],
          [
            78.3171751,
            17.5579232
          ],
          [
            78.3171768,
            17.5578641
          ],
          [
            78.3171556,
            17.5578118
          ],
          [
            78.3171008,
            17.557746
          ],
          [
            78.3170618,
            17.5576853
          ],
          [
            78.3170353,
            17.5576093
          ],
          [
            78.3169999,
            17.5575267
          ],
          [
            78.3169893,
            17.5574744
          ],
          [
            78.3169981,
            17.5574153
          ],
          [
            78.3169999,
            17.5573765
          ],
          [
            78.316984,
            17.557336
          ],
          [
            78.3169433,
            17.5572753
          ],
          [
            78.3169273,
            17.5572399
          ],
          [
            78.3169256,
            17.5571875
          ],
          [
            78.3169503,
            17.5571369
          ],
          [
            78.3169503,
            17.5570829
          ],
          [
            78.3169503,
            17.5570138
          ],
          [
            78.3169362,
            17.5569615
          ],
          [
            78.316876,
            17.5568771
          ],
          [
            78.3168584,
            17.55684
          ],
          [
            78.3168514,
            17.5567988
          ],
          [
            78.3168549,
            17.5567432
          ],
          [
            78.3168467,
            17.5566942
          ],
          [
            78.3168502,
            17.5566452
          ],
          [
            78.3168841,
            17.5566029
          ],
          [
            78.3169214,
            17.5565628
          ],
          [
            78.3169389,
            17.5565228
          ],
          [
            78.3169436,
            17.5564582
          ],
          [
            78.3169296,
            17.5563847
          ],
          [
            78.3169191,
            17.5563346
          ],
          [
            78.3169051,
            17.5562846
          ],
          [
            78.3168736,
            17.5562189
          ],
          [
            78.316842,
            17.5561588
          ],
          [
            78.3168187,
            17.556092
          ],
          [
            78.316793,
            17.5560063
          ],
          [
            78.316758,
            17.5558571
          ],
          [
            78.3167089,
            17.5556657
          ],
          [
            78.3166471,
            17.5554063
          ],
          [
            78.3165677,
            17.5551258
          ],
          [
            78.3165198,
            17.5549366
          ],
          [
            78.316521,
            17.5549121
          ],
          [
            78.3165373,
            17.554892
          ],
          [
            78.316619,
            17.5548486
          ],
          [
            78.3167043,
            17.5547952
          ],
          [
            78.316737,
            17.5547629
          ],
          [
            78.3167416,
            17.5547384
          ],
          [
            78.3167358,
            17.5547162
          ],
          [
            78.3166377,
            17.554459
          ],
          [
            78.316605,
            17.5543566
          ],
          [
            78.3165793,
            17.5542609
          ],
          [
            78.3165432,
            17.5541062
          ],
          [
            78.3165291,
            17.5540672
          ],
          [
            78.3165023,
            17.5540349
          ],
          [
            78.3164474,
            17.5539693
          ],
          [
            78.3164042,
            17.5539292
          ],
          [
            78.3163424,
            17.5539021
          ],
          [
            78.3163116,
            17.5538713
          ],
          [
            78.3162916,
            17.5538184
          ],
          [
            78.3162654,
            17.5537303
          ],
          [
            78.3162592,
            17.5536598
          ],
          [
            78.3162346,
            17.5536201
          ],
          [
            78.3161807,
            17.5535702
          ],
          [
            78.3161052,
            17.5535026
          ],
          [
            78.3160436,
            17.5534365
          ],
          [
            78.3159604,
            17.5533425
          ],
          [
            78.3159234,
            17.5533073
          ],
          [
            78.3157848,
            17.5532015
          ],
          [
            78.3157324,
            17.553178
          ],
          [
            78.3156769,
            17.5531707
          ],
          [
            78.3155922,
            17.5531572
          ],
          [
            78.3155496,
            17.5531455
          ],
          [
            78.3154936,
            17.5531171
          ],
          [
            78.3154457,
            17.553076
          ],
          [
            78.3154048,
            17.553047
          ],
          [
            78.3153476,
            17.5530214
          ],
          [
            78.315298,
            17.5529891
          ],
          [
            78.3152572,
            17.5529624
          ],
          [
            78.3152023,
            17.5529101
          ],
          [
            78.3151655,
            17.5528684
          ],
          [
            78.3151246,
            17.5528099
          ],
          [
            78.3151071,
            17.552791
          ],
          [
            78.3150832,
            17.552781
          ],
          [
            78.3150517,
            17.5527843
          ],
          [
            78.3149904,
            17.5528121
          ],
          [
            78.3149589,
            17.5528116
          ],
          [
            78.3149145,
            17.552791
          ],
          [
            78.3148801,
            17.5527548
          ],
          [
            78.3148287,
            17.5526802
          ],
          [
            78.3147931,
            17.5526118
          ],
          [
            78.3147639,
            17.5525628
          ],
          [
            78.3147312,
            17.5525272
          ],
          [
            78.3146845,
            17.5524988
          ],
          [
            78.3146133,
            17.5524582
          ],
          [
            78.3145479,
            17.5524387
          ],
          [
            78.3144393,
            17.5524164
          ],
          [
            78.3144055,
            17.5524003
          ],
          [
            78.3143687,
            17.5523758
          ],
          [
            78.3143214,
            17.5523558
          ],
          [
            78.314277,
            17.552353
          ],
          [
            78.3142414,
            17.5523469
          ],
          [
            78.3142157,
            17.5523318
          ],
          [
            78.3141796,
            17.5522995
          ],
          [
            78.3141305,
            17.5522589
          ],
          [
            78.3140832,
            17.5522311
          ],
          [
            78.3140289,
            17.5522049
          ],
          [
            78.3139601,
            17.5521994
          ],
          [
            78.313918,
            17.5521921
          ],
          [
            78.3138766,
            17.5521676
          ],
          [
            78.3138083,
            17.5521265
          ],
          [
            78.3137347,
            17.5520869
          ],
          [
            78.3136583,
            17.552063
          ],
          [
            78.3135976,
            17.5520563
          ],
          [
            78.3135567,
            17.5520385
          ],
          [
            78.3135223,
            17.5520034
          ],
          [
            78.3135024,
            17.5519634
          ],
          [
            78.313475,
            17.5519294
          ],
          [
            78.3134347,
            17.5518983
          ],
          [
            78.3133903,
            17.5518727
          ],
          [
            78.3133355,
            17.5518521
          ],
          [
            78.3132911,
            17.5518248
          ],
          [
            78.3132584,
            17.5517825
          ],
          [
            78.3132374,
            17.5517446
          ],
          [
            78.3132222,
            17.5516862
          ],
          [
            78.3131918,
            17.5516216
          ],
          [
            78.3131574,
            17.5515788
          ],
          [
            78.3131055,
            17.5515354
          ],
          [
            78.3130477,
            17.5514825
          ],
          [
            78.3130126,
            17.5514324
          ],
          [
            78.3129957,
            17.5513729
          ],
          [
            78.3129659,
            17.5513049
          ],
          [
            78.3129303,
            17.5512565
          ],
          [
            78.3129157,
            17.551217
          ],
          [
            78.3129087,
            17.5511797
          ],
          [
            78.3129058,
            17.5511124
          ],
          [
            78.3128889,
            17.5510634
          ],
          [
            78.3128679,
            17.5510194
          ],
          [
            78.3128533,
            17.5509771
          ],
          [
            78.3128422,
            17.5509215
          ],
          [
            78.3128241,
            17.5508653
          ],
          [
            78.3128048,
            17.5508241
          ],
          [
            78.3127605,
            17.5507829
          ],
          [
            78.3127254,
            17.5507768
          ],
          [
            78.3126665,
            17.5507784
          ],
          [
            78.3126309,
            17.5507628
          ],
          [
            78.3126063,
            17.5507294
          ],
          [
            78.3125807,
            17.5506794
          ],
          [
            78.3125509,
            17.5506192
          ],
          [
            78.3125176,
            17.5505536
          ],
          [
            78.3124814,
            17.550484
          ],
          [
            78.312416,
            17.5504144
          ],
          [
            78.3123647,
            17.5503838
          ],
          [
            78.3123232,
            17.5503788
          ],
          [
            78.3122555,
            17.550376
          ],
          [
            78.3122001,
            17.5503671
          ],
          [
            78.3121446,
            17.5503371
          ],
          [
            78.3120903,
            17.5503098
          ],
          [
            78.31205,
            17.5502781
          ],
          [
            78.3120156,
            17.5502486
          ],
          [
            78.3119724,
            17.5502246
          ],
          [
            78.311921,
            17.550204
          ],
          [
            78.3117862,
            17.5501556
          ],
          [
            78.3116922,
            17.5501222
          ],
          [
            78.3116321,
            17.5500883
          ],
          [
            78.3115947,
            17.5500666
          ],
          [
            78.3115562,
            17.5500649
          ],
          [
            78.3115118,
            17.5500744
          ],
          [
            78.3114517,
            17.5501094
          ],
          [
            78.3114108,
            17.5501116
          ],
          [
            78.3113653,
            17.5500916
          ],
          [
            78.3113274,
            17.5500437
          ],
          [
            78.3112894,
            17.5499809
          ],
          [
            78.3112328,
            17.5499035
          ],
          [
            78.3111902,
            17.5498707
          ],
          [
            78.3111341,
            17.5498528
          ],
          [
            78.3110723,
            17.5498567
          ],
          [
            78.3109999,
            17.5498784
          ],
          [
            78.3109397,
            17.5499118
          ],
          [
            78.310882,
            17.5499463
          ],
          [
            78.3108399,
            17.5499619
          ],
          [
            78.3107926,
            17.5499692
          ],
          [
            78.3107267,
            17.5499697
          ],
          [
            78.3106619,
            17.5499736
          ],
          [
            78.3106222,
            17.5499814
          ],
          [
            78.3105977,
            17.5500048
          ],
          [
            78.3105562,
            17.5500682
          ],
          [
            78.3105375,
            17.5501417
          ],
          [
            78.3105347,
            17.5502317
          ],
          [
            78.3105225,
            17.5502859
          ],
          [
            78.31049,
            17.5503499
          ],
          [
            78.3104524,
            17.5503867
          ],
          [
            78.3104077,
            17.5503954
          ],
          [
            78.3103538,
            17.5503857
          ],
          [
            78.3102918,
            17.5503344
          ],
          [
            78.3102318,
            17.5502995
          ],
          [
            78.3101688,
            17.5502956
          ],
          [
            78.3101028,
            17.5503102
          ],
          [
            78.310053,
            17.5503102
          ],
          [
            78.3100143,
            17.5502888
          ],
          [
            78.3099798,
            17.550252
          ],
          [
            78.3099523,
            17.5502268
          ],
          [
            78.3099249,
            17.5502229
          ],
          [
            78.3099036,
            17.5502394
          ],
          [
            78.3099076,
            17.5502724
          ],
          [
            78.309934,
            17.550315
          ],
          [
            78.3099462,
            17.550377
          ],
          [
            78.30993,
            17.5504226
          ],
          [
            78.3099096,
            17.55044
          ],
          [
            78.3098365,
            17.5504487
          ],
          [
            78.3097846,
            17.5504749
          ],
          [
            78.3097186,
            17.550534
          ],
          [
            78.3096495,
            17.5506028
          ],
          [
            78.3095468,
            17.5506571
          ],
          [
            78.3094391,
            17.5506968
          ],
          [
            78.3092927,
            17.5507307
          ],
          [
            78.3092216,
            17.5507714
          ],
          [
            78.309186,
            17.5508112
          ],
          [
            78.3091525,
            17.5508897
          ],
          [
            78.3091172,
            17.5509647
          ],
          [
            78.3091275,
            17.5510249
          ],
          [
            78.309131,
            17.5510785
          ],
          [
            78.3090968,
            17.5511118
          ],
          [
            78.3090192,
            17.5511347
          ],
          [
            78.3089418,
            17.5511394
          ],
          [
            78.3088827,
            17.5511392
          ],
          [
            78.3088387,
            17.5511217
          ],
          [
            78.3087946,
            17.5510657
          ],
          [
            78.3087249,
            17.5510167
          ],
          [
            78.3086551,
            17.5510132
          ],
          [
            78.308578,
            17.5510237
          ],
          [
            78.3085009,
            17.5510517
          ],
          [
            78.3084092,
            17.5510587
          ],
          [
            78.3082954,
            17.5510447
          ],
          [
            78.3081999,
            17.5510062
          ],
          [
            78.3081559,
            17.5509467
          ],
          [
            78.3081192,
            17.5508592
          ],
          [
            78.3081045,
            17.5507857
          ],
          [
            78.3080531,
            17.5507402
          ],
          [
            78.307976,
            17.5507297
          ],
          [
            78.3078695,
            17.5507297
          ],
          [
            78.3077521,
            17.5507297
          ],
          [
            78.3076493,
            17.5507052
          ],
          [
            78.3075575,
            17.5506877
          ],
          [
            78.3074511,
            17.5506877
          ],
          [
            78.307374,
            17.5507052
          ],
          [
            78.3072895,
            17.5507717
          ],
          [
            78.3072051,
            17.5508382
          ],
          [
            78.3071354,
            17.5508697
          ],
          [
            78.3070326,
            17.5508837
          ],
          [
            78.3069518,
            17.5509187
          ],
          [
            78.3069078,
            17.5509607
          ],
          [
            78.3068894,
            17.5510202
          ],
          [
            78.3068894,
            17.5511147
          ],
          [
            78.3069225,
            17.5511847
          ],
          [
            78.3069261,
            17.5512932
          ],
          [
            78.3068931,
            17.5513387
          ],
          [
            78.3068013,
            17.5513632
          ],
          [
            78.3066949,
            17.5513457
          ],
          [
            78.3065811,
            17.5512547
          ],
          [
            78.3064416,
            17.5512232
          ],
          [
            78.3063131,
            17.5512372
          ],
          [
            78.3061883,
            17.5512652
          ],
          [
            78.3060781,
            17.5512967
          ],
          [
            78.3059056,
            17.5513737
          ],
          [
            78.3058249,
            17.5513982
          ],
          [
            78.3057918,
            17.5514437
          ],
          [
            78.3057918,
            17.5514857
          ],
          [
            78.3057588,
            17.5515137
          ],
          [
            78.3056927,
            17.5515277
          ],
          [
            78.3055973,
            17.5515207
          ],
          [
            78.3054798,
            17.5515207
          ],
          [
            78.3053476,
            17.5515067
          ],
          [
            78.3052559,
            17.5515102
          ],
          [
            78.3051751,
            17.5515347
          ],
          [
            78.3050833,
            17.5515662
          ],
          [
            78.3049989,
            17.5515662
          ],
          [
            78.3048998,
            17.5515347
          ],
          [
            78.304797,
            17.5515172
          ],
          [
            78.3047162,
            17.5515382
          ],
          [
            78.3046649,
            17.5515977
          ],
          [
            78.3046538,
            17.5516817
          ],
          [
            78.3045951,
            17.5517587
          ],
          [
            78.3045364,
            17.5517972
          ],
          [
            78.3044923,
            17.5518567
          ],
          [
            78.3044189,
            17.5519477
          ],
          [
            78.3043455,
            17.5520387
          ],
          [
            78.30425,
            17.5521332
          ],
          [
            78.3041656,
            17.5521892
          ],
          [
            78.3041069,
            17.5522487
          ],
          [
            78.3040114,
            17.5522977
          ],
          [
            78.3039417,
            17.5523747
          ],
          [
            78.3038462,
            17.5524307
          ],
          [
            78.3037765,
            17.5524552
          ],
          [
            78.3036921,
            17.5525182
          ],
          [
            78.303604,
            17.5525392
          ],
          [
            78.3034755,
            17.5525427
          ],
          [
            78.3033874,
            17.5525147
          ],
          [
            78.3032846,
            17.5524552
          ],
          [
            78.3031524,
            17.5523852
          ],
          [
            78.303079,
            17.5523152
          ],
          [
            78.3029873,
            17.5522277
          ],
          [
            78.3028771,
            17.5521437
          ],
          [
            78.3027927,
            17.5520912
          ],
          [
            78.3026605,
            17.5520177
          ],
          [
            78.3025578,
            17.5519687
          ],
          [
            78.302444,
            17.5518777
          ],
          [
            78.3023118,
            17.5518077
          ],
          [
            78.3021319,
            17.5516922
          ],
          [
            78.3018644,
            17.5515636
          ],
          [
            78.30161,
            17.5514928
          ],
          [
            78.3013768,
            17.5514389
          ],
          [
            78.3011718,
            17.551385
          ],
          [
            78.3009846,
            17.5513143
          ],
          [
            78.300762,
            17.5512739
          ],
          [
            78.3005394,
            17.5512503
          ],
          [
            78.3003062,
            17.5512132
          ],
          [
            78.3001083,
            17.5511593
          ],
          [
            78.2999127,
            17.5510997
          ],
          [
            78.2997501,
            17.5510222
          ],
          [
            78.2995417,
            17.5509279
          ],
          [
            78.2993509,
            17.5508471
          ],
          [
            78.299206,
            17.5508066
          ],
          [
            78.2990399,
            17.5507797
          ],
          [
            78.298888,
            17.5507595
          ],
          [
            78.2987431,
            17.5507595
          ],
          [
            78.2986018,
            17.5507898
          ],
          [
            78.2984427,
            17.5508121
          ],
          [
            78.298358,
            17.5508282
          ],
          [
            78.2982685,
            17.5508639
          ],
          [
            78.2982162,
            17.5508988
          ],
          [
            78.2981684,
            17.5509296
          ],
          [
            78.2981392,
            17.5509708
          ],
          [
            78.2981268,
            17.5510251
          ],
          [
            78.2981315,
            17.5510736
          ],
          [
            78.2981299,
            17.5511353
          ],
          [
            78.2981299,
            17.5512088
          ],
          [
            78.2981453,
            17.551269
          ],
          [
            78.2981592,
            17.5513336
          ],
          [
            78.2981711,
            17.55143
          ],
          [
            78.2981711,
            17.5515035
          ],
          [
            78.2981958,
            17.5515799
          ],
          [
            78.2982128,
            17.551646
          ],
          [
            78.2982312,
            17.5517106
          ],
          [
            78.298259,
            17.5517694
          ],
          [
            78.2982975,
            17.5518105
          ],
          [
            78.298336,
            17.5518458
          ],
          [
            78.2983638,
            17.5518943
          ],
          [
            78.2983853,
            17.5519516
          ],
          [
            78.2984304,
            17.5520888
          ],
          [
            78.2984767,
            17.5521402
          ],
          [
            78.2985337,
            17.5522034
          ],
          [
            78.2985861,
            17.5522269
          ],
          [
            78.2986431,
            17.5522607
          ],
          [
            78.2986924,
            17.5523033
          ],
          [
            78.2987448,
            17.5523694
          ],
          [
            78.2987772,
            17.5524326
          ],
          [
            78.2988265,
            17.5524679
          ],
          [
            78.2988681,
            17.5525075
          ],
          [
            78.2989112,
            17.552581
          ],
          [
            78.2989505,
            17.5526844
          ],
          [
            78.2989628,
            17.5527549
          ],
          [
            78.298989,
            17.5528504
          ],
          [
            78.2990368,
            17.5529121
          ],
          [
            78.2990676,
            17.5529723
          ],
          [
            78.2991107,
            17.5530546
          ],
          [
            78.2991616,
            17.5531163
          ],
          [
            78.2992001,
            17.5531736
          ],
          [
            78.2992247,
            17.5532206
          ],
          [
            78.299254,
            17.5532999
          ],
          [
            78.2993161,
            17.5534347
          ],
          [
            78.2993577,
            17.5534993
          ],
          [
            78.2993808,
            17.5535625
          ],
          [
            78.2993916,
            17.5536198
          ],
          [
            78.2993839,
            17.5536742
          ],
          [
            78.2993672,
            17.5537563
          ],
          [
            78.2993213,
            17.5538258
          ],
          [
            78.2992735,
            17.5538611
          ],
          [
            78.2992242,
            17.5538714
          ],
          [
            78.2991672,
            17.5538846
          ],
          [
            78.2990763,
            17.5539008
          ],
          [
            78.2990085,
            17.5538963
          ],
          [
            78.2989468,
            17.5538905
          ],
          [
            78.2988852,
            17.5539052
          ],
          [
            78.2988313,
            17.5539052
          ],
          [
            78.2987835,
            17.5539052
          ],
          [
            78.2987511,
            17.553914
          ],
          [
            78.2987265,
            17.553936
          ],
          [
            78.2986987,
            17.5539654
          ],
          [
            78.2986602,
            17.5540168
          ],
          [
            78.2986124,
            17.5540521
          ],
          [
            78.2985816,
            17.5541108
          ],
          [
            78.2985416,
            17.5541549
          ],
          [
            78.2985107,
            17.5541799
          ],
          [
            78.2984722,
            17.5542357
          ],
          [
            78.2984275,
            17.5542769
          ],
          [
            78.2983829,
            17.5543136
          ],
          [
            78.2983305,
            17.5543459
          ],
          [
            78.2982692,
            17.5543999
          ],
          [
            78.2982247,
            17.5544705
          ],
          [
            78.2981832,
            17.5545101
          ],
          [
            78.2981269,
            17.5545327
          ],
          [
            78.2980676,
            17.5545581
          ],
          [
            78.2980024,
            17.5545892
          ],
          [
            78.2979579,
            17.5546344
          ],
          [
            78.2979016,
            17.5547051
          ],
          [
            78.2978334,
            17.5547588
          ],
          [
            78.2977563,
            17.5548153
          ],
          [
            78.297703,
            17.5548549
          ],
          [
            78.2976437,
            17.5549171
          ],
          [
            78.2975874,
            17.5549679
          ],
          [
            78.2975459,
            17.5550414
          ],
          [
            78.2975251,
            17.555098
          ],
          [
            78.2975014,
            17.5551177
          ],
          [
            78.297454,
            17.555129
          ],
          [
            78.2974065,
            17.5551347
          ],
          [
            78.2973591,
            17.5551714
          ],
          [
            78.2973206,
            17.555228
          ],
          [
            78.2972939,
            17.555276
          ],
          [
            78.2972583,
            17.5553071
          ],
          [
            78.297199,
            17.5553354
          ],
          [
            78.2971338,
            17.5553438
          ],
          [
            78.2970893,
            17.5553721
          ],
          [
            78.2970775,
            17.5554315
          ],
          [
            78.2970538,
            17.5554936
          ],
          [
            78.2970123,
            17.5555558
          ],
          [
            78.2969559,
            17.5555954
          ],
          [
            78.2968818,
            17.5556434
          ],
          [
            78.2968255,
            17.5556604
          ],
          [
            78.2967544,
            17.5556604
          ],
          [
            78.2966921,
            17.555683
          ],
          [
            78.2966447,
            17.5557282
          ],
          [
            78.2965853,
            17.5558087
          ],
          [
            78.2965438,
            17.5559246
          ],
          [
            78.2964963,
            17.5559896
          ],
          [
            78.2964578,
            17.5560517
          ],
          [
            78.2964133,
            17.556145
          ],
          [
            78.296363,
            17.5562411
          ],
          [
            78.2963066,
            17.5563118
          ],
          [
            78.2961969,
            17.5564333
          ],
          [
            78.2960458,
            17.5565972
          ],
          [
            78.2959242,
            17.5567357
          ],
          [
            78.2958442,
            17.5568601
          ],
          [
            78.2957671,
            17.5569505
          ],
          [
            78.2956693,
            17.5570409
          ],
          [
            78.2956219,
            17.5571144
          ],
          [
            78.2955893,
            17.5571851
          ],
          [
            78.2955566,
            17.5572812
          ],
          [
            78.2955338,
            17.5573658
          ],
          [
            78.295513,
            17.5574308
          ],
          [
            78.2954567,
            17.5575127
          ],
          [
            78.2954212,
            17.5576003
          ],
          [
            78.2953856,
            17.5576964
          ],
          [
            78.2953322,
            17.5578038
          ],
          [
            78.2952818,
            17.5579112
          ],
          [
            78.2952255,
            17.5580215
          ],
          [
            78.2951751,
            17.558126
          ],
          [
            78.2951306,
            17.5582136
          ],
          [
            78.2950447,
            17.5583182
          ],
          [
            78.2949189,
            17.558441
          ],
          [
            78.2948507,
            17.558489
          ],
          [
            78.2947647,
            17.5585484
          ],
          [
            78.2946906,
            17.5585738
          ],
          [
            78.2945928,
            17.5586021
          ],
          [
            78.2944979,
            17.5586077
          ],
          [
            78.2943764,
            17.5586105
          ],
          [
            78.29424,
            17.5586218
          ],
          [
            78.2941244,
            17.5586558
          ],
          [
            78.293994,
            17.5586925
          ],
          [
            78.2938517,
            17.5587179
          ],
          [
            78.2937598,
            17.558749
          ],
          [
            78.2936116,
            17.5587886
          ],
          [
            78.2935049,
            17.5588451
          ],
          [
            78.293407,
            17.5589101
          ],
          [
            78.2932894,
            17.5589423
          ],
          [
            78.2931797,
            17.5589847
          ],
          [
            78.2930938,
            17.5590271
          ],
          [
            78.2930048,
            17.559061
          ],
          [
            78.2928922,
            17.5590808
          ],
          [
            78.2927825,
            17.5590865
          ],
          [
            78.2926639,
            17.5591147
          ],
          [
            78.2925513,
            17.5591628
          ],
          [
            78.2924357,
            17.5591797
          ],
          [
            78.2923349,
            17.5591684
          ],
          [
            78.2922341,
            17.5591543
          ],
          [
            78.2921215,
            17.55916
          ],
          [
            78.2920503,
            17.5591769
          ],
          [
            78.2919881,
            17.5591995
          ],
          [
            78.291868,
            17.5593107
          ],
          [
            78.291788,
            17.5593559
          ],
          [
            78.2916902,
            17.5593898
          ],
          [
            78.291619,
            17.5594294
          ],
          [
            78.2915657,
            17.5594831
          ],
          [
            78.2915271,
            17.5595651
          ],
          [
            78.2914767,
            17.5596329
          ],
          [
            78.2914115,
            17.5596838
          ],
          [
            78.29137,
            17.5597657
          ],
          [
            78.2913463,
            17.5598872
          ],
          [
            78.2913078,
            17.5599325
          ],
          [
            78.2912336,
            17.5600342
          ],
          [
            78.2911468,
            17.5601039
          ],
          [
            78.2910638,
            17.5601661
          ],
          [
            78.2909334,
            17.5602113
          ],
          [
            78.2908178,
            17.560282
          ],
          [
            78.2906874,
            17.5603272
          ],
          [
            78.2905599,
            17.5603413
          ],
          [
            78.2904413,
            17.5603752
          ],
          [
            78.2903287,
            17.5603724
          ],
          [
            78.290219,
            17.5603639
          ],
          [
            78.2900975,
            17.5603724
          ],
          [
            78.2899878,
            17.5603724
          ],
          [
            78.2898455,
            17.560347
          ],
          [
            78.2897417,
            17.5603272
          ],
          [
            78.2896647,
            17.5602876
          ],
          [
            78.2895816,
            17.5602198
          ],
          [
            78.2895253,
            17.5601463
          ],
          [
            78.2894957,
            17.5600615
          ],
          [
            78.2894334,
            17.5599993
          ],
          [
            78.2893475,
            17.5599626
          ],
          [
            78.2892674,
            17.5598863
          ],
          [
            78.2892259,
            17.5598043
          ],
          [
            78.2892186,
            17.5596597
          ],
          [
            78.2891682,
            17.5595947
          ],
          [
            78.2890615,
            17.5595297
          ],
          [
            78.2889755,
            17.5594591
          ],
          [
            78.2888985,
            17.5594223
          ],
          [
            78.2888095,
            17.5593658
          ],
          [
            78.2887413,
            17.5592923
          ],
          [
            78.2885902,
            17.5591708
          ],
          [
            78.2884983,
            17.5591482
          ],
          [
            78.2884153,
            17.5590888
          ],
          [
            78.2883834,
            17.5590188
          ],
          [
            78.2883869,
            17.5589555
          ],
          [
            78.2884218,
            17.5588822
          ],
          [
            78.2884952,
            17.5588223
          ],
          [
            78.2885197,
            17.558729
          ],
          [
            78.2885476,
            17.558659
          ],
          [
            78.2885476,
            17.5585591
          ],
          [
            78.2885371,
            17.5585058
          ],
          [
            78.2884847,
            17.5584258
          ],
          [
            78.2884603,
            17.5583692
          ],
          [
            78.2884253,
            17.5582759
          ],
          [
            78.2883904,
            17.5582093
          ],
          [
            78.2883345,
            17.5581327
          ],
          [
            78.2882995,
            17.5580894
          ],
          [
            78.2882297,
            17.5580527
          ],
          [
            78.2881423,
            17.5580194
          ],
          [
            78.2881074,
            17.5580061
          ],
          [
            78.2879816,
            17.5579261
          ],
          [
            78.2879431,
            17.5578895
          ],
          [
            78.2878418,
            17.5577962
          ],
          [
            78.2877545,
            17.5577229
          ],
          [
            78.2876706,
            17.5576996
          ],
          [
            78.2875308,
            17.5576563
          ],
          [
            78.2873946,
            17.557633
          ],
          [
            78.2872478,
            17.5576363
          ],
          [
            78.287134,
            17.5576261
          ],
          [
            78.2870187,
            17.5575995
          ],
          [
            78.2869173,
            17.5575795
          ],
          [
            78.2867566,
            17.5575595
          ],
          [
            78.2865889,
            17.5575562
          ],
          [
            78.2864701,
            17.5575562
          ],
          [
            78.2863338,
            17.5575662
          ],
          [
            78.2861976,
            17.5575328
          ],
          [
            78.2861242,
            17.5574929
          ],
          [
            78.2860194,
            17.5574795
          ],
          [
            78.2859145,
            17.5574496
          ],
          [
            78.2858202,
            17.5574029
          ],
          [
            78.2857748,
            17.557343
          ],
          [
            78.2857259,
            17.5572663
          ],
          [
            78.2857084,
            17.5571997
          ],
          [
            78.2857049,
            17.5571098
          ],
          [
            78.2856874,
            17.5570465
          ],
          [
            78.285642,
            17.5569832
          ],
          [
            78.2855917,
            17.5568776
          ],
          [
            78.2855009,
            17.5567944
          ],
          [
            78.285417,
            17.5567311
          ],
          [
            78.2853506,
            17.5566445
          ],
          [
            78.2852633,
            17.5565578
          ],
          [
            78.2851759,
            17.5565179
          ],
          [
            78.2850851,
            17.5564779
          ],
          [
            78.2850047,
            17.5564212
          ],
          [
            78.2849034,
            17.5563979
          ],
          [
            78.2847985,
            17.5563979
          ],
          [
            78.2846413,
            17.5563779
          ],
          [
            78.284519,
            17.556348
          ],
          [
            78.2843862,
            17.5563013
          ],
          [
            78.2843338,
            17.5562547
          ],
          [
            78.2842989,
            17.5561881
          ],
          [
            78.2842744,
            17.5560981
          ],
          [
            78.2842164,
            17.5559988
          ],
          [
            78.28415,
            17.5559422
          ],
          [
            78.2840312,
            17.5558556
          ],
          [
            78.2839447,
            17.5557896
          ],
          [
            78.2838853,
            17.5557297
          ],
          [
            78.2838049,
            17.5556864
          ],
          [
            78.2837211,
            17.5556331
          ],
          [
            78.2836442,
            17.5555731
          ],
          [
            78.2835708,
            17.5555098
          ],
          [
            78.2835149,
            17.5554698
          ],
          [
            78.2834276,
            17.5554132
          ],
          [
            78.2833018,
            17.5553399
          ],
          [
            78.2832179,
            17.5552999
          ],
          [
            78.2831166,
            17.5552233
          ],
          [
            78.2830362,
            17.5551833
          ],
          [
            78.2829244,
            17.5551167
          ],
          [
            78.2828685,
            17.5550967
          ],
          [
            78.2827217,
            17.5550034
          ],
          [
            78.2826658,
            17.5549535
          ],
          [
            78.2825645,
            17.5548635
          ],
          [
            78.282477,
            17.5547526
          ],
          [
            78.2824036,
            17.5546927
          ],
          [
            78.2823233,
            17.5546127
          ],
          [
            78.2822464,
            17.5545394
          ],
          [
            78.2821625,
            17.5544362
          ],
          [
            78.2820857,
            17.5543829
          ],
          [
            78.2819878,
            17.5542929
          ],
          [
            78.2819144,
            17.5542429
          ],
          [
            78.2818026,
            17.5541597
          ],
          [
            78.2817118,
            17.5541064
          ],
          [
            78.2816174,
            17.5540564
          ],
          [
            78.2815266,
            17.5539864
          ],
          [
            78.2813764,
            17.5539298
          ],
          [
            78.281261,
            17.5538965
          ],
          [
            78.2811457,
            17.5538965
          ],
          [
            78.2810514,
            17.5538965
          ],
          [
            78.2809571,
            17.5539231
          ],
          [
            78.2808837,
            17.5539431
          ],
          [
            78.2807998,
            17.5539698
          ],
          [
            78.2807264,
            17.5539964
          ],
          [
            78.280681,
            17.5540564
          ],
          [
            78.2806531,
            17.5541097
          ],
          [
            78.2806007,
            17.554163
          ],
          [
            78.2805238,
            17.5541996
          ],
          [
            78.2804469,
            17.554183
          ],
          [
            78.280391,
            17.5541463
          ],
          [
            78.2803281,
            17.554113
          ],
          [
            78.2802443,
            17.554113
          ],
          [
            78.280129,
            17.5541297
          ],
          [
            78.2800311,
            17.554163
          ],
          [
            78.2799713,
            17.554186
          ],
          [
            78.2798735,
            17.5541993
          ],
          [
            78.2797896,
            17.5542059
          ],
          [
            78.2796883,
            17.5541893
          ],
          [
            78.279587,
            17.554176
          ],
          [
            78.2794647,
            17.5541493
          ],
          [
            78.2793144,
            17.5541327
          ],
          [
            78.2792096,
            17.5541027
          ],
          [
            78.2791188,
            17.554086
          ],
          [
            78.2789797,
            17.5540677
          ],
          [
            78.2788474,
            17.5540677
          ]
        ]
      },
      "id": "way/759569823"
    },
    {
      "type": "Feature",
      "properties": {
        "@id": "way/773664682",
        "waterway": "drain"
      },
      "geometry": {
        "type": "LineString",
        "coordinates": [
          [
            78.3370602,
            17.4177411
          ],
          [
            78.3370287,
            17.4176981
          ],
          [
            78.3370738,
            17.4175948
          ],
          [
            78.3371279,
            17.4174829
          ],
          [
            78.3372046,
            17.4174312
          ],
          [
            78.3372362,
            17.4173968
          ],
          [
            78.3373399,
            17.4173322
          ],
          [
            78.3373083,
            17.4172763
          ],
          [
            78.3372858,
            17.4171988
          ],
          [
            78.3372181,
            17.4171386
          ],
          [
            78.3371189,
            17.4170697
          ],
          [
            78.3370557,
            17.4170869
          ],
          [
            78.3370196,
            17.4170998
          ],
          [
            78.3369565,
            17.4170525
          ],
          [
            78.3369114,
            17.4170223
          ],
          [
            78.3369249,
            17.416932
          ],
          [
            78.3368888,
            17.4168889
          ],
          [
            78.3367896,
            17.4168373
          ],
          [
            78.3366903,
            17.4167899
          ],
          [
            78.3365505,
            17.4167469
          ],
          [
            78.3364603,
            17.4167254
          ],
          [
            78.336325,
            17.4166221
          ],
          [
            78.3361878,
            17.416565
          ],
          [
            78.3360056,
            17.4164451
          ]
        ]
      },
      "id": "way/773664682"
    },
    {
      "type": "Feature",
      "properties": {
        "@id": "way/773664683",
        "waterway": "stream"
      },
      "geometry": {
        "type": "LineString",
        "coordinates": [
          [
            78.333868,
            17.4134224
          ],
          [
            78.3338418,
            17.4133794
          ],
          [
            78.3338147,
            17.4133539
          ],
          [
            78.3337541,
            17.4133163
          ],
          [
            78.3337133,
            17.4132766
          ],
          [
            78.3336725,
            17.4132218
          ],
          [
            78.3336493,
            17.4131553
          ],
          [
            78.3336207,
            17.4130991
          ],
          [
            78.3335501,
            17.4130425
          ],
          [
            78.3334896,
            17.4129721
          ],
          [
            78.333436,
            17.4129341
          ],
          [
            78.3333825,
            17.4129222
          ],
          [
            78.3333249,
            17.4129241
          ],
          [
            78.3332681,
            17.4129066
          ],
          [
            78.3332038,
            17.4127945
          ],
          [
            78.333139,
            17.4122893
          ],
          [
            78.3331283,
            17.412018
          ],
          [
            78.3331068,
            17.4117621
          ],
          [
            78.3331712,
            17.4114243
          ],
          [
            78.3331498,
            17.4108612
          ],
          [
            78.3331283,
            17.4106769
          ],
          [
            78.3327903,
            17.4103289
          ],
          [
            78.332624,
            17.410334
          ],
          [
            78.3322378,
            17.410119
          ],
          [
            78.331814,
            17.410032
          ],
          [
            78.3314761,
            17.4099143
          ],
          [
            78.3312668,
            17.4097761
          ],
          [
            78.3311488,
            17.4096583
          ],
          [
            78.331004,
            17.4097146
          ],
          [
            78.3308484,
            17.4095457
          ],
          [
            78.330768,
            17.4093717
          ],
          [
            78.3306786,
            17.4093864
          ]
        ]
      },
      "id": "way/773664683"
    },
    {
      "type": "Feature",
      "properties": {
        "@id": "way/775679647",
        "designation": "drain from mansarovar to hussain sagar",
        "name": "p g road",
        "waterway": "stream"
      },
      "geometry": {
        "type": "LineString",
        "coordinates": [
          [
            78.4767255,
            17.4524835
          ],
          [
            78.4767474,
            17.4521792
          ],
          [
            78.4767287,
            17.4518184
          ],
          [
            78.4767357,
            17.4517293
          ],
          [
            78.4767171,
            17.4515778
          ],
          [
            78.4767264,
            17.451159
          ],
          [
            78.4767147,
            17.4506244
          ],
          [
            78.4767194,
            17.4504262
          ],
          [
            78.4767474,
            17.4503193
          ]
        ]
      },
      "id": "way/775679647"
    },
    {
      "type": "Feature",
      "properties": {
        "@id": "way/775679648",
        "designation": "drain from mansarovar to hussain sagar",
        "layer": "-1",
        "name": "p g road",
        "tunnel": "culvert",
        "waterway": "stream"
      },
      "geometry": {
        "type": "LineString",
        "coordinates": [
          [
            78.4767647,
            17.454236
          ],
          [
            78.4767255,
            17.4524835
          ]
        ]
      },
      "id": "way/775679648"
    },
    {
      "type": "Feature",
      "properties": {
        "@id": "way/775681488",
        "waterway": "canal"
      },
      "geometry": {
        "type": "LineString",
        "coordinates": [
          [
            78.4539396,
            17.4520846
          ],
          [
            78.4539716,
            17.4517833
          ],
          [
            78.4539346,
            17.451523
          ]
        ]
      },
      "id": "way/775681488"
    },
    {
      "type": "Feature",
      "properties": {
        "@id": "way/775681489",
        "layer": "-1",
        "tunnel": "culvert",
        "waterway": "canal"
      },
      "geometry": {
        "type": "LineString",
        "coordinates": [
          [
            78.4538418,
            17.453673
          ],
          [
            78.4539101,
            17.4535672
          ],
          [
            78.453907,
            17.4527645
          ],
          [
            78.4539396,
            17.4520846
          ]
        ]
      },
      "id": "way/775681489"
    },
    {
      "type": "Feature",
      "properties": {
        "@id": "way/776715373",
        "waterway": "drain"
      },
      "geometry": {
        "type": "LineString",
        "coordinates": [
          [
            78.4407858,
            17.4652417
          ],
          [
            78.4405946,
            17.4653644
          ],
          [
            78.4404041,
            17.4654024
          ],
          [
            78.440183,
            17.4654624
          ],
          [
            78.4400747,
            17.4654733
          ],
          [
            78.4398067,
            17.4654923
          ],
          [
            78.439513,
            17.4654216
          ],
          [
            78.4392251,
            17.46534
          ],
          [
            78.4390198,
            17.4653155
          ],
          [
            78.4388744,
            17.4652856
          ],
          [
            78.4387376,
            17.4653155
          ],
          [
            78.4386407,
            17.4653754
          ],
          [
            78.438538,
            17.4654651
          ],
          [
            78.4384211,
            17.4655168
          ],
          [
            78.4383042,
            17.4655059
          ],
          [
            78.4381646,
            17.4654216
          ],
          [
            78.4380648,
            17.4653455
          ],
          [
            78.4378795,
            17.4652503
          ],
          [
            78.4376999,
            17.4652095
          ],
          [
            78.4373977,
            17.4651524
          ],
          [
            78.4371753,
            17.4651034
          ],
          [
            78.4370812,
            17.4650409
          ],
          [
            78.4369387,
            17.464962
          ],
          [
            78.4368275,
            17.4648967
          ],
          [
            78.4366678,
            17.464826
          ],
          [
            78.436454,
            17.4647961
          ],
          [
            78.4362487,
            17.4647798
          ],
          [
            78.4360663,
            17.4648097
          ],
          [
            78.4359551,
            17.4647961
          ],
          [
            78.4357726,
            17.4647363
          ],
          [
            78.4356101,
            17.4646819
          ],
          [
            78.435496,
            17.4646713
          ],
          [
            78.4353933,
            17.4646803
          ],
          [
            78.4352682,
            17.4647062
          ],
          [
            78.4352526,
            17.4647087
          ]
        ]
      },
      "id": "way/776715373"
    },
    {
      "type": "Feature",
      "properties": {
        "@id": "way/776715374",
        "waterway": "drain"
      },
      "geometry": {
        "type": "LineString",
        "coordinates": [
          [
            78.4316922,
            17.4636171
          ],
          [
            78.431626,
            17.4635933
          ],
          [
            78.4314316,
            17.4635252
          ],
          [
            78.431279,
            17.4634853
          ],
          [
            78.4311658,
            17.4634806
          ],
          [
            78.4310033,
            17.4635158
          ],
          [
            78.4309221,
            17.4635534
          ],
          [
            78.430863,
            17.4636778
          ],
          [
            78.430771,
            17.4640606
          ],
          [
            78.4307392,
            17.4641513
          ]
        ]
      },
      "id": "way/776715374"
    },
    {
      "type": "Feature",
      "properties": {
        "@id": "way/776715375",
        "layer": "-1",
        "tunnel": "culvert",
        "waterway": "drain"
      },
      "geometry": {
        "type": "LineString",
        "coordinates": [
          [
            78.4317717,
            17.4636456
          ],
          [
            78.4316922,
            17.4636171
          ]
        ]
      },
      "id": "way/776715375"
    },
    {
      "type": "Feature",
      "properties": {
        "@id": "way/776715377",
        "waterway": "drain"
      },
      "geometry": {
        "type": "LineString",
        "coordinates": [
          [
            78.4351499,
            17.4647248
          ],
          [
            78.4351395,
            17.4647265
          ],
          [
            78.4350486,
            17.4647332
          ],
          [
            78.4350132,
            17.4647614
          ],
          [
            78.4349848,
            17.4648042
          ],
          [
            78.4349683,
            17.4648841
          ],
          [
            78.4349624,
            17.46524
          ],
          [
            78.4349541,
            17.4654145
          ],
          [
            78.4349376,
            17.4654461
          ],
          [
            78.4348668,
            17.4655046
          ],
          [
            78.4347475,
            17.4655688
          ],
          [
            78.4346673,
            17.4656105
          ],
          [
            78.4346,
            17.4656555
          ],
          [
            78.4344997,
            17.4656872
          ],
          [
            78.4344452,
            17.4656774
          ],
          [
            78.4343142,
            17.4655623
          ],
          [
            78.4342068,
            17.465391
          ],
          [
            78.4340464,
            17.4650429
          ],
          [
            78.4340052,
            17.464946
          ],
          [
            78.4339449,
            17.4648801
          ],
          [
            78.4338154,
            17.4648309
          ],
          [
            78.433705,
            17.4648155
          ],
          [
            78.4336049,
            17.4647734
          ],
          [
            78.4335431,
            17.4647341
          ],
          [
            78.4335065,
            17.4646757
          ],
          [
            78.4334326,
            17.4646264
          ],
          [
            78.4332579,
            17.4645583
          ],
          [
            78.433024,
            17.4644878
          ],
          [
            78.4325736,
            17.4643188
          ],
          [
            78.4323866,
            17.4642601
          ],
          [
            78.4322389,
            17.4641873
          ],
          [
            78.4321552,
            17.4641192
          ],
          [
            78.4321109,
            17.46403
          ],
          [
            78.4320248,
            17.4638445
          ],
          [
            78.4319681,
            17.4637483
          ],
          [
            78.4318352,
            17.4636684
          ],
          [
            78.4317717,
            17.4636456
          ]
        ]
      },
      "id": "way/776715377"
    },
    {
      "type": "Feature",
      "properties": {
        "@id": "way/776715378",
        "layer": "-1",
        "tunnel": "yes",
        "waterway": "drain"
      },
      "geometry": {
        "type": "LineString",
        "coordinates": [
          [
            78.4352526,
            17.4647087
          ],
          [
            78.4351499,
            17.4647248
          ]
        ]
      },
      "id": "way/776715378"
    },
    {
      "type": "Feature",
      "properties": {
        "@id": "way/780757010",
        "name": "Musi",
        "name:fa": "رودخانه موسی",
        "name:te": "మూసి నది",
        "waterway": "river",
        "width": "100"
      },
      "geometry": {
        "type": "LineString",
        "coordinates": [
          [
            78.4124592,
            17.3712275
          ],
          [
            78.4135814,
            17.3709215
          ],
          [
            78.4145249,
            17.3706644
          ],
          [
            78.4150445,
            17.3706451
          ],
          [
            78.4160328,
            17.3708284
          ],
          [
            78.4172281,
            17.37105
          ],
          [
            78.4196598,
            17.3713862
          ],
          [
            78.4213152,
            17.37169
          ],
          [
            78.4228712,
            17.3717356
          ],
          [
            78.424829,
            17.3719445
          ],
          [
            78.4269699,
            17.3721154
          ],
          [
            78.4284742,
            17.3725901
          ],
          [
            78.4291781,
            17.37308
          ],
          [
            78.4295645,
            17.3732699
          ],
          [
            78.4307663,
            17.3736307
          ],
          [
            78.4321989,
            17.3744017
          ],
          [
            78.4327859,
            17.3745385
          ],
          [
            78.4332848,
            17.3745692
          ],
          [
            78.4334645,
            17.374559
          ],
          [
            78.4337085,
            17.3744899
          ],
          [
            78.4339499,
            17.3743337
          ],
          [
            78.4343442,
            17.3740854
          ],
          [
            78.4346876,
            17.373896
          ],
          [
            78.4349558,
            17.3737987
          ],
          [
            78.4351891,
            17.3737321
          ],
          [
            78.4356022,
            17.3736989
          ],
          [
            78.4358141,
            17.3736886
          ],
          [
            78.4360394,
            17.3736323
          ],
          [
            78.4362245,
            17.3735146
          ],
          [
            78.4364471,
            17.3734147
          ],
          [
            78.4366697,
            17.3733533
          ],
          [
            78.4368655,
            17.3732535
          ],
          [
            78.4371123,
            17.3731331
          ],
          [
            78.4373724,
            17.3729156
          ],
          [
            78.4377775,
            17.3725188
          ],
          [
            78.4390487,
            17.3710875
          ],
          [
            78.4402301,
            17.369755
          ],
          [
            78.4408973,
            17.3688617
          ]
        ]
      },
      "id": "way/780757010"
    },
    {
      "type": "Feature",
      "properties": {
        "@id": "way/801704864",
        "intermittent": "yes",
        "waterway": "stream"
      },
      "geometry": {
        "type": "LineString",
        "coordinates": [
          [
            78.5802912,
            17.1408929
          ],
          [
            78.5826087,
            17.1428614
          ],
          [
            78.5835957,
            17.1442556
          ],
          [
            78.585763,
            17.1451578
          ],
          [
            78.5896253,
            17.1480899
          ],
          [
            78.5917711,
            17.148787
          ],
          [
            78.5932302,
            17.1496072
          ],
          [
            78.5954618,
            17.1539539
          ],
          [
            78.5963201,
            17.1569473
          ],
          [
            78.5960626,
            17.1605558
          ],
          [
            78.5969209,
            17.16195
          ],
          [
            78.5985517,
            17.1656403
          ],
          [
            78.6000967,
            17.1677725
          ],
          [
            78.6031866,
            17.1680185
          ],
          [
            78.6053323,
            17.1685926
          ],
          [
            78.6075639,
            17.1706427
          ],
          [
            78.6082506,
            17.1729389
          ],
          [
            78.6084222,
            17.176629
          ],
          [
            78.6089802,
            17.1795401
          ],
          [
            78.6101925,
            17.1816156
          ],
          [
            78.6121988,
            17.1838758
          ],
          [
            78.613674,
            17.1849008
          ],
          [
            78.6145216,
            17.1853108
          ],
          [
            78.6159807,
            17.1859719
          ],
          [
            78.6163241,
            17.1861974
          ],
          [
            78.6168069,
            17.1862128
          ],
          [
            78.617574,
            17.1858745
          ],
          [
            78.6181319,
            17.1854082
          ],
          [
            78.6195159,
            17.1850135
          ],
          [
            78.6207604,
            17.1847676
          ],
          [
            78.6215866,
            17.1848496
          ],
          [
            78.621844,
            17.1849008
          ],
          [
            78.6220586,
            17.1853108
          ],
          [
            78.6226058,
            17.1867765
          ],
          [
            78.6239469,
            17.1903741
          ],
          [
            78.6260837,
            17.1969584
          ],
          [
            78.6276752,
            17.2003979
          ]
        ]
      },
      "id": "way/801704864"
    },
    {
      "type": "Feature",
      "properties": {
        "@id": "way/807166609",
        "waterway": "stream"
      },
      "geometry": {
        "type": "LineString",
        "coordinates": [
          [
            78.4309427,
            17.3360295
          ],
          [
            78.4308756,
            17.3360833
          ],
          [
            78.4306691,
            17.3362369
          ],
          [
            78.4305216,
            17.3363726
          ],
          [
            78.4304733,
            17.3364136
          ],
          [
            78.4304572,
            17.3364366
          ],
          [
            78.4304438,
            17.3364801
          ],
          [
            78.430417,
            17.3365237
          ],
          [
            78.4303607,
            17.3365442
          ],
          [
            78.4302711,
            17.3365766
          ],
          [
            78.4301858,
            17.3366182
          ],
          [
            78.4301668,
            17.3366979
          ],
          [
            78.4301365,
            17.3367775
          ],
          [
            78.4301232,
            17.3368011
          ],
          [
            78.4301192,
            17.336896
          ],
          [
            78.4301282,
            17.3369692
          ],
          [
            78.4302094,
            17.3371651
          ],
          [
            78.430241,
            17.337277
          ],
          [
            78.4302854,
            17.3375632
          ],
          [
            78.4303391,
            17.3379012
          ],
          [
            78.4303766,
            17.3380958
          ],
          [
            78.4303444,
            17.3382494
          ],
          [
            78.4302674,
            17.3385377
          ]
        ]
      },
      "id": "way/807166609"
    },
    {
      "type": "Feature",
      "properties": {
        "@id": "way/807166610",
        "waterway": "stream"
      },
      "geometry": {
        "type": "LineString",
        "coordinates": [
          [
            78.4302389,
            17.3386444
          ],
          [
            78.4302318,
            17.3386709
          ],
          [
            78.4303039,
            17.3387434
          ],
          [
            78.4303079,
            17.3388574
          ],
          [
            78.4304104,
            17.3391372
          ],
          [
            78.430436,
            17.3393808
          ],
          [
            78.4303849,
            17.3401785
          ]
        ]
      },
      "id": "way/807166610"
    },
    {
      "type": "Feature",
      "properties": {
        "@id": "way/807166611",
        "layer": "-1",
        "tunnel": "culvert",
        "waterway": "stream"
      },
      "geometry": {
        "type": "LineString",
        "coordinates": [
          [
            78.4302674,
            17.3385377
          ],
          [
            78.4302389,
            17.3386444
          ]
        ]
      },
      "id": "way/807166611"
    },
    {
      "type": "Feature",
      "properties": {
        "@id": "way/824016734",
        "designation": "drain from mansarovar to hussain sagar",
        "waterway": "stream"
      },
      "geometry": {
        "type": "LineString",
        "coordinates": [
          [
            78.4786493,
            17.4622092
          ],
          [
            78.4785884,
            17.4620861
          ],
          [
            78.4784275,
            17.4617228
          ],
          [
            78.4783443,
            17.4614567
          ],
          [
            78.4783497,
            17.4611676
          ],
          [
            78.4782451,
            17.4609092
          ],
          [
            78.478111,
            17.4608375
          ],
          [
            78.4778025,
            17.4601416
          ],
          [
            78.4777918,
            17.4599164
          ],
          [
            78.4777596,
            17.4597476
          ],
          [
            78.4777118,
            17.4596666
          ],
          [
            78.4776862,
            17.4596616
          ],
          [
            78.4776785,
            17.4596369
          ],
          [
            78.4776454,
            17.4593536
          ],
          [
            78.4776308,
            17.4590798
          ],
          [
            78.4776137,
            17.4588502
          ],
          [
            78.4777649,
            17.4587241
          ],
          [
            78.4779393,
            17.4584145
          ],
          [
            78.4779917,
            17.458102
          ],
          [
            78.4778261,
            17.4577452
          ],
          [
            78.4776944,
            17.4574794
          ],
          [
            78.4772642,
            17.4570515
          ],
          [
            78.477148,
            17.4570942
          ],
          [
            78.4770846,
            17.4569812
          ],
          [
            78.476963,
            17.4567437
          ]
        ]
      },
      "id": "way/824016734"
    },
    {
      "type": "Feature",
      "properties": {
        "@id": "way/824016735",
        "designation": "drain from mansarovar to hussain sagar",
        "layer": "-1",
        "tunnel": "yes",
        "waterway": "stream"
      },
      "geometry": {
        "type": "LineString",
        "coordinates": [
          [
            78.482939,
            17.4659767
          ],
          [
            78.4827581,
            17.465842
          ]
        ]
      },
      "id": "way/824016735"
    },
    {
      "type": "Feature",
      "properties": {
        "@id": "way/824785815",
        "layer": "-1",
        "tunnel": "culvert",
        "waterway": "stream"
      },
      "geometry": {
        "type": "LineString",
        "coordinates": [
          [
            78.5543624,
            17.4173209
          ],
          [
            78.554526,
            17.417303
          ]
        ]
      },
      "id": "way/824785815"
    },
    {
      "type": "Feature",
      "properties": {
        "@id": "way/824785816",
        "waterway": "stream"
      },
      "geometry": {
        "type": "LineString",
        "coordinates": [
          [
            78.5543683,
            17.4175434
          ],
          [
            78.5543302,
            17.4174745
          ],
          [
            78.5543034,
            17.417431
          ],
          [
            78.5543624,
            17.4173209
          ]
        ]
      },
      "id": "way/824785816"
    },
    {
      "type": "Feature",
      "properties": {
        "@id": "way/825775619",
        "waterway": "stream"
      },
      "geometry": {
        "type": "LineString",
        "coordinates": [
          [
            78.3142577,
            17.4831134
          ],
          [
            78.314255,
            17.4829458
          ],
          [
            78.3141136,
            17.4820405
          ]
        ]
      },
      "id": "way/825775619"
    },
    {
      "type": "Feature",
      "properties": {
        "@id": "way/825775620",
        "layer": "-1",
        "tunnel": "culvert",
        "waterway": "stream"
      },
      "geometry": {
        "type": "LineString",
        "coordinates": [
          [
            78.3142595,
            17.4832235
          ],
          [
            78.3142577,
            17.4831134
          ]
        ]
      },
      "id": "way/825775620"
    },
    {
      "type": "Feature",
      "properties": {
        "@id": "way/825814019",
        "waterway": "stream"
      },
      "geometry": {
        "type": "LineString",
        "coordinates": [
          [
            78.3142337,
            17.4816377
          ],
          [
            78.3142979,
            17.4814709
          ],
          [
            78.3144692,
            17.4808574
          ]
        ]
      },
      "id": "way/825814019"
    },
    {
      "type": "Feature",
      "properties": {
        "@id": "way/825814020",
        "layer": "-1",
        "tunnel": "culvert",
        "waterway": "stream"
      },
      "geometry": {
        "type": "LineString",
        "coordinates": [
          [
            78.3141136,
            17.4820405
          ],
          [
            78.3141035,
            17.4819762
          ],
          [
            78.3142337,
            17.4816377
          ]
        ]
      },
      "id": "way/825814020"
    },
    {
      "type": "Feature",
      "properties": {
        "@id": "way/825933560",
        "waterway": "river"
      },
      "geometry": {
        "type": "LineString",
        "coordinates": [
          [
            78.4736985,
            17.3285983
          ],
          [
            78.4737789,
            17.3289423
          ]
        ]
      },
      "id": "way/825933560"
    },
    {
      "type": "Feature",
      "properties": {
        "@id": "way/825933561",
        "layer": "-1",
        "tunnel": "yes",
        "waterway": "river"
      },
      "geometry": {
        "type": "LineString",
        "coordinates": [
          [
            78.4735346,
            17.3283513
          ],
          [
            78.4736985,
            17.3285983
          ]
        ]
      },
      "id": "way/825933561"
    },
    {
      "type": "Feature",
      "properties": {
        "@id": "way/885467267",
        "waterway": "drain"
      },
      "geometry": {
        "type": "LineString",
        "coordinates": [
          [
            78.4984873,
            17.5083765
          ],
          [
            78.4985254,
            17.5081997
          ],
          [
            78.498542,
            17.5080765
          ]
        ]
      },
      "id": "way/885467267"
    },
    {
      "type": "Feature",
      "properties": {
        "@id": "way/885467268",
        "layer": "-1",
        "waterway": "drain"
      },
      "geometry": {
        "type": "LineString",
        "coordinates": [
          [
            78.498542,
            17.5080765
          ],
          [
            78.4985742,
            17.5078667
          ],
          [
            78.4985974,
            17.5076713
          ],
          [
            78.4985799,
            17.5074081
          ],
          [
            78.4985403,
            17.50726
          ],
          [
            78.4984851,
            17.5071428
          ],
          [
            78.4983758,
            17.5068103
          ]
        ]
      },
      "id": "way/885467268"
    },
    {
      "type": "Feature",
      "properties": {
        "@id": "way/885467269",
        "waterway": "drain"
      },
      "geometry": {
        "type": "LineString",
        "coordinates": [
          [
            78.498356,
            17.5066407
          ],
          [
            78.4983449,
            17.5065459
          ],
          [
            78.4983222,
            17.5063372
          ],
          [
            78.4983408,
            17.5062152
          ],
          [
            78.4984481,
            17.506101
          ],
          [
            78.4985596,
            17.5060105
          ],
          [
            78.4987887,
            17.5058294
          ],
          [
            78.4989373,
            17.5057133
          ],
          [
            78.499088,
            17.5056463
          ],
          [
            78.4991767,
            17.5056089
          ],
          [
            78.4992428,
            17.5055755
          ]
        ]
      },
      "id": "way/885467269"
    },
    {
      "type": "Feature",
      "properties": {
        "@id": "way/885467270",
        "layer": "-1",
        "tunnel": "culvert",
        "waterway": "drain"
      },
      "geometry": {
        "type": "LineString",
        "coordinates": [
          [
            78.4983691,
            17.5067528
          ],
          [
            78.498356,
            17.5066407
          ]
        ]
      },
      "id": "way/885467270"
    },
    {
      "type": "Feature",
      "properties": {
        "@id": "way/885467271",
        "waterway": "drain"
      },
      "geometry": {
        "type": "LineString",
        "coordinates": [
          [
            78.4983758,
            17.5068103
          ],
          [
            78.4983691,
            17.5067528
          ]
        ]
      },
      "id": "way/885467271"
    },
    {
      "type": "Feature",
      "properties": {
        "@id": "way/885467272",
        "layer": "-1",
        "waterway": "drain"
      },
      "geometry": {
        "type": "LineString",
        "coordinates": [
          [
            78.4992428,
            17.5055755
          ],
          [
            78.4994006,
            17.5054556
          ],
          [
            78.4994986,
            17.5053028
          ],
          [
            78.499532,
            17.5051318
          ],
          [
            78.4995297,
            17.5050087
          ],
          [
            78.4994675,
            17.5048126
          ],
          [
            78.4993622,
            17.5047346
          ],
          [
            78.4992858,
            17.504653
          ],
          [
            78.4992356,
            17.5045573
          ]
        ]
      },
      "id": "way/885467272"
    },
    {
      "type": "Feature",
      "properties": {
        "@id": "way/885467273",
        "waterway": "drain"
      },
      "geometry": {
        "type": "LineString",
        "coordinates": [
          [
            78.4992356,
            17.5045573
          ],
          [
            78.499234,
            17.5043122
          ],
          [
            78.4992506,
            17.5041326
          ],
          [
            78.4992858,
            17.5040197
          ],
          [
            78.4993669,
            17.5039451
          ],
          [
            78.4994638,
            17.5038553
          ],
          [
            78.4996078,
            17.5037708
          ],
          [
            78.4998211,
            17.5036546
          ],
          [
            78.4999955,
            17.5036018
          ]
        ]
      },
      "id": "way/885467273"
    },
    {
      "type": "Feature",
      "properties": {
        "@id": "way/885467274",
        "waterway": "drain"
      },
      "geometry": {
        "type": "LineString",
        "coordinates": [
          [
            78.5000893,
            17.5035557
          ],
          [
            78.5001672,
            17.5035173
          ],
          [
            78.5004663,
            17.5033377
          ],
          [
            78.5006712,
            17.5033219
          ],
          [
            78.5009093,
            17.50324
          ],
          [
            78.5011585,
            17.5030499
          ],
          [
            78.5012804,
            17.5029706
          ],
          [
            78.5013199,
            17.5029537
          ]
        ]
      },
      "id": "way/885467274"
    },
    {
      "type": "Feature",
      "properties": {
        "@id": "way/885467275",
        "layer": "-1",
        "tunnel": "culvert",
        "waterway": "drain"
      },
      "geometry": {
        "type": "LineString",
        "coordinates": [
          [
            78.4999955,
            17.5036018
          ],
          [
            78.5000893,
            17.5035557
          ]
        ]
      },
      "id": "way/885467275"
    },
    {
      "type": "Feature",
      "properties": {
        "@id": "way/885467276",
        "waterway": "drain"
      },
      "geometry": {
        "type": "LineString",
        "coordinates": [
          [
            78.5013199,
            17.5029537
          ],
          [
            78.501548,
            17.5027773
          ],
          [
            78.5016727,
            17.5026566
          ],
          [
            78.5018705,
            17.5026328
          ],
          [
            78.5020024,
            17.502677
          ],
          [
            78.5021485,
            17.5026073
          ],
          [
            78.5023481,
            17.5025785
          ],
          [
            78.5024435,
            17.5025793
          ]
        ]
      },
      "id": "way/885467276"
    },
    {
      "type": "Feature",
      "properties": {
        "@id": "way/904946385",
        "waterway": "canal"
      },
      "geometry": {
        "type": "LineString",
        "coordinates": [
          [
            78.6020371,
            17.3158905
          ],
          [
            78.6026991,
            17.315364
          ],
          [
            78.6028318,
            17.3152178
          ],
          [
            78.602745,
            17.3150522
          ],
          [
            78.6026583,
            17.3148573
          ],
          [
            78.6024388,
            17.3147306
          ],
          [
            78.6024082,
            17.3146526
          ],
          [
            78.6024337,
            17.3144431
          ],
          [
            78.6023776,
            17.314297
          ],
          [
            78.602449,
            17.3142482
          ],
          [
            78.6026991,
            17.3139608
          ],
          [
            78.6028204,
            17.3138187
          ],
          [
            78.6030325,
            17.3135704
          ],
          [
            78.6031269,
            17.3134438
          ],
          [
            78.6033566,
            17.3132464
          ],
          [
            78.603377,
            17.3130686
          ],
          [
            78.6034204,
            17.3128104
          ],
          [
            78.6034229,
            17.3126666
          ],
          [
            78.6033537,
            17.3124544
          ],
          [
            78.6030607,
            17.3119766
          ],
          [
            78.6029885,
            17.3117933
          ],
          [
            78.6028044,
            17.3116359
          ],
          [
            78.6026623,
            17.3115144
          ],
          [
            78.6025342,
            17.3114651
          ],
          [
            78.6022364,
            17.3113729
          ],
          [
            78.602168,
            17.3113517
          ],
          [
            78.6018505,
            17.3113397
          ],
          [
            78.6017116,
            17.3113282
          ],
          [
            78.601624,
            17.311321
          ],
          [
            78.6015172,
            17.3113747
          ],
          [
            78.6013914,
            17.3114379
          ],
          [
            78.6012391,
            17.3114497
          ],
          [
            78.6011388,
            17.3114574
          ],
          [
            78.6010064,
            17.3113751
          ],
          [
            78.6009726,
            17.3113557
          ]
        ]
      },
      "id": "way/904946385"
    },
    {
      "type": "Feature",
      "properties": {
        "@id": "way/904946386",
        "layer": "-1",
        "waterway": "canal"
      },
      "geometry": {
        "type": "LineString",
        "coordinates": [
          [
            78.5992668,
            17.311207
          ],
          [
            78.599237,
            17.3112112
          ],
          [
            78.5990566,
            17.3112835
          ],
          [
            78.5988725,
            17.3113628
          ],
          [
            78.5987173,
            17.311442
          ],
          [
            78.598656,
            17.3114213
          ],
          [
            78.5985586,
            17.3113559
          ],
          [
            78.5983889,
            17.3113318
          ],
          [
            78.5982157,
            17.3113834
          ],
          [
            78.5981544,
            17.3114627
          ],
          [
            78.5980317,
            17.311473
          ],
          [
            78.5978621,
            17.311442
          ],
          [
            78.5976816,
            17.311411
          ],
          [
            78.5974471,
            17.3112008
          ],
          [
            78.5973063,
            17.3111492
          ],
          [
            78.5971151,
            17.3111492
          ],
          [
            78.5969454,
            17.3111457
          ],
          [
            78.5969365,
            17.3111434
          ]
        ]
      },
      "id": "way/904946386"
    },
    {
      "type": "Feature",
      "properties": {
        "@id": "way/904946387",
        "layer": "-1",
        "tunnel": "culvert",
        "waterway": "canal"
      },
      "geometry": {
        "type": "LineString",
        "coordinates": [
          [
            78.6009726,
            17.3113557
          ],
          [
            78.6008558,
            17.3112883
          ]
        ]
      },
      "id": "way/904946387"
    },
    {
      "type": "Feature",
      "properties": {
        "@id": "way/904946388",
        "waterway": "canal"
      },
      "geometry": {
        "type": "LineString",
        "coordinates": [
          [
            78.5967995,
            17.3111079
          ],
          [
            78.5967325,
            17.3110906
          ],
          [
            78.5963933,
            17.3111595
          ],
          [
            78.5962562,
            17.3111871
          ],
          [
            78.5960757,
            17.3111802
          ]
        ]
      },
      "id": "way/904946388"
    },
    {
      "type": "Feature",
      "properties": {
        "@id": "way/904946389",
        "layer": "-1",
        "tunnel": "culvert",
        "waterway": "canal"
      },
      "geometry": {
        "type": "LineString",
        "coordinates": [
          [
            78.5969365,
            17.3111434
          ],
          [
            78.5967995,
            17.3111079
          ]
        ]
      },
      "id": "way/904946389"
    },
    {
      "type": "Feature",
      "properties": {
        "@id": "way/905255553",
        "layer": "-1",
        "waterway": "canal"
      },
      "geometry": {
        "type": "LineString",
        "coordinates": [
          [
            78.6008558,
            17.3112883
          ],
          [
            78.6008357,
            17.3112766
          ],
          [
            78.6007671,
            17.311256
          ],
          [
            78.6007166,
            17.3112732
          ],
          [
            78.6006336,
            17.3113249
          ],
          [
            78.6005325,
            17.3113834
          ],
          [
            78.6004098,
            17.3114248
          ],
          [
            78.6001572,
            17.3114317
          ],
          [
            78.600002,
            17.3114282
          ],
          [
            78.5998974,
            17.3114179
          ],
          [
            78.5998469,
            17.3113697
          ],
          [
            78.5996412,
            17.3112284
          ],
          [
            78.599504,
            17.3111733
          ],
          [
            78.5993697,
            17.3111924
          ]
        ]
      },
      "id": "way/905255553"
    },
    {
      "type": "Feature",
      "properties": {
        "@id": "way/905255554",
        "layer": "-1",
        "tunnel": "culvert",
        "waterway": "canal"
      },
      "geometry": {
        "type": "LineString",
        "coordinates": [
          [
            78.5993697,
            17.3111924
          ],
          [
            78.5992668,
            17.311207
          ]
        ]
      },
      "id": "way/905255554"
    },
    {
      "type": "Feature",
      "properties": {
        "@id": "way/905262188",
        "waterway": "canal"
      },
      "geometry": {
        "type": "LineString",
        "coordinates": [
          [
            78.5900836,
            17.3008439
          ],
          [
            78.5898776,
            17.3011144
          ],
          [
            78.5897574,
            17.3014094
          ],
          [
            78.5894913,
            17.3014831
          ],
          [
            78.5893454,
            17.3016552
          ],
          [
            78.5893368,
            17.3020977
          ],
          [
            78.5894484,
            17.3022288
          ],
          [
            78.5894589,
            17.3024847
          ],
          [
            78.5893611,
            17.3026304
          ],
          [
            78.5893526,
            17.3026887
          ],
          [
            78.5892924,
            17.3031016
          ],
          [
            78.5892538,
            17.303372
          ],
          [
            78.5890907,
            17.3036301
          ],
          [
            78.5888161,
            17.3038637
          ],
          [
            78.5888118,
            17.3041341
          ],
          [
            78.5889062,
            17.3044906
          ],
          [
            78.5889877,
            17.3047036
          ],
          [
            78.5891937,
            17.304679
          ],
          [
            78.5893096,
            17.3046094
          ],
          [
            78.5895585,
            17.3047487
          ],
          [
            78.5898761,
            17.304802
          ],
          [
            78.5901893,
            17.3048962
          ],
          [
            78.5911206,
            17.3048675
          ],
          [
            78.5913953,
            17.3048552
          ],
          [
            78.5917338,
            17.3050119
          ],
          [
            78.5917815,
            17.3050437
          ],
          [
            78.5920047,
            17.305265
          ]
        ]
      },
      "id": "way/905262188"
    },
    {
      "type": "Feature",
      "properties": {
        "@id": "way/905262189",
        "waterway": "stream"
      },
      "geometry": {
        "type": "LineString",
        "coordinates": [
          [
            78.6072119,
            17.3088751
          ],
          [
            78.6078476,
            17.3091364
          ],
          [
            78.6085621,
            17.3093947
          ],
          [
            78.6090265,
            17.3095019
          ],
          [
            78.6093429,
            17.3095847
          ],
          [
            78.6099145,
            17.3099014
          ],
          [
            78.6101442,
            17.3102668
          ],
          [
            78.6104657,
            17.3104471
          ],
          [
            78.6107413,
            17.3105348
          ],
          [
            78.6109914,
            17.3105202
          ],
          [
            78.61117,
            17.3105007
          ],
          [
            78.6112925,
            17.3105251
          ],
          [
            78.6115681,
            17.3104861
          ],
          [
            78.6119355,
            17.3105981
          ],
          [
            78.6120274,
            17.3106858
          ],
          [
            78.6125122,
            17.3108271
          ],
          [
            78.6126704,
            17.3109684
          ],
          [
            78.6127317,
            17.3111341
          ],
          [
            78.6127623,
            17.3112803
          ],
          [
            78.6127761,
            17.3113834
          ],
          [
            78.6128073,
            17.3114613
          ],
          [
            78.6128974,
            17.3115524
          ],
          [
            78.6129339,
            17.311617
          ],
          [
            78.6129896,
            17.3116549
          ],
          [
            78.6130422,
            17.3117542
          ],
          [
            78.6130969,
            17.3117798
          ],
          [
            78.6131559,
            17.3118229
          ],
          [
            78.6132182,
            17.3119048
          ],
          [
            78.6132514,
            17.3119724
          ],
          [
            78.6132997,
            17.3120083
          ],
          [
            78.6134049,
            17.3119939
          ],
          [
            78.613598,
            17.3119837
          ],
          [
            78.6138909,
            17.3120175
          ],
          [
            78.614084,
            17.3120134
          ],
          [
            78.6144724,
            17.3120236
          ],
          [
            78.614717,
            17.3120267
          ],
          [
            78.6150024,
            17.3120339
          ],
          [
            78.6152052,
            17.31208
          ],
          [
            78.6154015,
            17.3120912
          ],
          [
            78.6157352,
            17.3121025
          ],
          [
            78.6157985,
            17.3121117
          ],
          [
            78.6160012,
            17.3120953
          ],
          [
            78.6161232,
            17.3120887
          ],
          [
            78.6161746,
            17.3120842
          ],
          [
            78.6162748,
            17.3120851
          ],
          [
            78.6164111,
            17.3120811
          ],
          [
            78.6165657,
            17.3120766
          ],
          [
            78.6167008,
            17.3120584
          ],
          [
            78.6169101,
            17.3120345
          ],
          [
            78.6171422,
            17.3119416
          ],
          [
            78.6172383,
            17.3118868
          ],
          [
            78.6175172,
            17.3117327
          ],
          [
            78.617691,
            17.3116354
          ],
          [
            78.6178863,
            17.3115453
          ],
          [
            78.6180612,
            17.31145
          ],
          [
            78.6181363,
            17.311407
          ]
        ]
      },
      "id": "way/905262189"
    },
    {
      "type": "Feature",
      "properties": {
        "@id": "way/1020316174",
        "name": "Musi River",
        "name:fa": "رودخانه موسی",
        "waterway": "river"
      },
      "geometry": {
        "type": "LineString",
        "coordinates": [
          [
            78.2716804,
            17.384258
          ],
          [
            78.272274,
            17.3843604
          ],
          [
            78.2728948,
            17.3845327
          ],
          [
            78.2733576,
            17.384802
          ],
          [
            78.2741731,
            17.3852167
          ],
          [
            78.2748739,
            17.3853681
          ],
          [
            78.2757201,
            17.3854059
          ],
          [
            78.2766061,
            17.3853681
          ],
          [
            78.2775449,
            17.3851788
          ],
          [
            78.2786529,
            17.3847534
          ],
          [
            78.2794463,
            17.3841982
          ],
          [
            78.2802661,
            17.3834032
          ],
          [
            78.2811124,
            17.3827849
          ],
          [
            78.2822736,
            17.3819373
          ],
          [
            78.2831727,
            17.381483
          ],
          [
            78.2840322,
            17.381218
          ],
          [
            78.2850239,
            17.3809404
          ],
          [
            78.2860685,
            17.3807006
          ],
          [
            78.2873726,
            17.3802591
          ],
          [
            78.2887676,
            17.379635
          ],
          [
            78.2895631,
            17.379323
          ],
          [
            78.2903696,
            17.3790838
          ],
          [
            78.2913831,
            17.378855
          ],
          [
            78.2921787,
            17.3787094
          ],
          [
            78.2942713,
            17.3785633
          ],
          [
            78.2951867,
            17.3784281
          ],
          [
            78.2961567,
            17.3782305
          ],
          [
            78.2970067,
            17.3780017
          ],
          [
            78.2982612,
            17.3774954
          ],
          [
            78.2991657,
            17.3771938
          ],
          [
            78.2999068,
            17.3769858
          ],
          [
            78.3008004,
            17.3768401
          ],
          [
            78.3016723,
            17.3767153
          ],
          [
            78.3031012,
            17.3764815
          ],
          [
            78.3039731,
            17.3763255
          ],
          [
            78.3048885,
            17.3761695
          ],
          [
            78.306341,
            17.3759185
          ],
          [
            78.3077795,
            17.3757313
          ],
          [
            78.3090546,
            17.3755649
          ],
          [
            78.3104309,
            17.3754648
          ],
          [
            78.3113573,
            17.3754336
          ],
          [
            78.3126607,
            17.3754305
          ],
          [
            78.3136621,
            17.3754677
          ],
          [
            78.3147448,
            17.3755261
          ],
          [
            78.315597,
            17.3756543
          ],
          [
            78.3168514,
            17.3759563
          ]
        ]
      },
      "id": "way/1020316174"
    },
    {
      "type": "Feature",
      "properties": {
        "@id": "way/1021657660",
        "layer": "-1",
        "tunnel": "culvert",
        "waterway": "stream"
      },
      "geometry": {
        "type": "LineString",
        "coordinates": [
          [
            78.3426174,
            17.3880621
          ],
          [
            78.3427271,
            17.387903
          ]
        ]
      },
      "id": "way/1021657660"
    },
    {
      "type": "Feature",
      "properties": {
        "@id": "way/1021657661",
        "waterway": "stream"
      },
      "geometry": {
        "type": "LineString",
        "coordinates": [
          [
            78.3427271,
            17.387903
          ],
          [
            78.342841,
            17.3877362
          ],
          [
            78.3429507,
            17.3875577
          ],
          [
            78.3430076,
            17.3874103
          ],
          [
            78.3431133,
            17.3873327
          ],
          [
            78.3432638,
            17.3873094
          ],
          [
            78.3434223,
            17.3873094
          ],
          [
            78.3435727,
            17.387321
          ],
          [
            78.3438004,
            17.3873598
          ],
          [
            78.3439996,
            17.3873598
          ],
          [
            78.3441907,
            17.3873598
          ],
          [
            78.344333,
            17.387356
          ],
          [
            78.344459,
            17.3873521
          ],
          [
            78.3445932,
            17.3873366
          ],
          [
            78.3447436,
            17.3873133
          ],
          [
            78.3448818,
            17.3872473
          ],
          [
            78.3450038,
            17.3871775
          ],
          [
            78.3451664,
            17.387127
          ],
          [
            78.3453168,
            17.3870572
          ],
          [
            78.3454916,
            17.386999
          ],
          [
            78.3456421,
            17.3869447
          ],
          [
            78.3458535,
            17.3868438
          ],
          [
            78.3460039,
            17.3867701
          ],
          [
            78.3461096,
            17.3866537
          ],
          [
            78.3462797,
            17.3865487
          ],
          [
            78.3463929,
            17.3864676
          ],
          [
            78.3465416,
            17.3863427
          ],
          [
            78.3466548,
            17.3861941
          ],
          [
            78.3467397,
            17.3860083
          ],
          [
            78.3468318,
            17.3857618
          ],
          [
            78.3469415,
            17.3856098
          ],
          [
            78.3470406,
            17.3853801
          ],
          [
            78.3471432,
            17.3852315
          ],
          [
            78.3472175,
            17.3850761
          ],
          [
            78.3472812,
            17.3849545
          ],
          [
            78.3473945,
            17.3848498
          ],
          [
            78.3475686,
            17.3847557
          ]
        ]
      },
      "id": "way/1021657661"
    },
    {
      "type": "Feature",
      "properties": {
        "@id": "way/1021657664",
        "layer": "-1",
        "tunnel": "culvert",
        "waterway": "stream"
      },
      "geometry": {
        "type": "LineString",
        "coordinates": [
          [
            78.3279146,
            17.3966728
          ],
          [
            78.3279024,
            17.3965797
          ]
        ]
      },
      "id": "way/1021657664"
    },
    {
      "type": "Feature",
      "properties": {
        "@id": "way/1021657665",
        "waterway": "stream"
      },
      "geometry": {
        "type": "LineString",
        "coordinates": [
          [
            78.3279024,
            17.3965797
          ],
          [
            78.3278719,
            17.3964497
          ],
          [
            78.3278292,
            17.3963062
          ],
          [
            78.3277377,
            17.396087
          ],
          [
            78.3276402,
            17.3958251
          ],
          [
            78.3274502,
            17.3953026
          ],
          [
            78.3274314,
            17.3952207
          ],
          [
            78.3274716,
            17.3951721
          ],
          [
            78.3275494,
            17.3951209
          ],
          [
            78.327882,
            17.3949673
          ],
          [
            78.3280402,
            17.3948701
          ],
          [
            78.3283299,
            17.3946909
          ],
          [
            78.3284801,
            17.3945936
          ],
          [
            78.3286786,
            17.3945143
          ],
          [
            78.3288339,
            17.394447
          ],
          [
            78.3289805,
            17.3943964
          ],
          [
            78.3291271,
            17.3943663
          ],
          [
            78.3292955,
            17.3943403
          ],
          [
            78.32942,
            17.3943177
          ],
          [
            78.3295598,
            17.394291
          ],
          [
            78.3296772,
            17.3942629
          ],
          [
            78.3298898,
            17.3942159
          ],
          [
            78.3300839,
            17.3942159
          ],
          [
            78.330241,
            17.3941776
          ],
          [
            78.3303612,
            17.3941012
          ],
          [
            78.3304629,
            17.3940512
          ],
          [
            78.3306323,
            17.39401
          ],
          [
            78.3308234,
            17.3939689
          ],
          [
            78.331036,
            17.3939365
          ],
          [
            78.3311838,
            17.393913
          ],
          [
            78.331341,
            17.393863
          ],
          [
            78.3315397,
            17.3937853
          ],
          [
            78.3316891,
            17.3936984
          ],
          [
            78.3318309,
            17.3935896
          ],
          [
            78.3319233,
            17.3934455
          ],
          [
            78.3319449,
            17.3933073
          ],
          [
            78.3319387,
            17.3931545
          ],
          [
            78.3319449,
            17.3929486
          ],
          [
            78.331988,
            17.3928193
          ],
          [
            78.332065,
            17.3926605
          ],
          [
            78.3322037,
            17.3925282
          ],
          [
            78.3323423,
            17.3924694
          ],
          [
            78.3325179,
            17.3924371
          ],
          [
            78.3327336,
            17.3924223
          ],
          [
            78.3329739,
            17.3924106
          ],
          [
            78.333168,
            17.3924223
          ],
          [
            78.333356,
            17.3924341
          ],
          [
            78.3334792,
            17.3924194
          ],
          [
            78.3335563,
            17.3923753
          ],
          [
            78.3336518,
            17.3922695
          ],
          [
            78.3337688,
            17.3921695
          ],
          [
            78.3338606,
            17.3920843
          ],
          [
            78.333942,
            17.3919729
          ],
          [
            78.3339774,
            17.3918513
          ],
          [
            78.3340163,
            17.3917533
          ],
          [
            78.3340199,
            17.391652
          ],
          [
            78.3340199,
            17.3915507
          ],
          [
            78.3340093,
            17.3914055
          ],
          [
            78.3339916,
            17.3912771
          ],
          [
            78.3340163,
            17.3911691
          ],
          [
            78.3340694,
            17.3910677
          ],
          [
            78.334165,
            17.3909698
          ],
          [
            78.334349,
            17.3907469
          ],
          [
            78.3344517,
            17.390578
          ],
          [
            78.3346074,
            17.3902707
          ],
          [
            78.3346605,
            17.3901153
          ],
          [
            78.3347313,
            17.3899735
          ],
          [
            78.3348162,
            17.3898451
          ],
          [
            78.3349082,
            17.389737
          ],
          [
            78.3350285,
            17.3896087
          ],
          [
            78.3351347,
            17.3894803
          ],
          [
            78.3352374,
            17.3894094
          ],
          [
            78.3353577,
            17.3893453
          ],
          [
            78.3354886,
            17.3892743
          ],
          [
            78.3356161,
            17.3891865
          ],
          [
            78.3357399,
            17.3890751
          ],
          [
            78.3359063,
            17.3889704
          ],
          [
            78.3360762,
            17.3888792
          ],
          [
            78.3362991,
            17.3887306
          ],
          [
            78.3364761,
            17.3886698
          ],
          [
            78.3366176,
            17.3886596
          ],
          [
            78.3367486,
            17.3887035
          ],
          [
            78.3369079,
            17.3887846
          ],
          [
            78.3371131,
            17.3888927
          ],
          [
            78.3373043,
            17.3889771
          ],
          [
            78.3374812,
            17.3890278
          ],
          [
            78.3376015,
            17.3890278
          ],
          [
            78.3377183,
            17.3889839
          ],
          [
            78.3378634,
            17.3888961
          ],
          [
            78.3380475,
            17.3887947
          ],
          [
            78.3382244,
            17.3887103
          ],
          [
            78.3384403,
            17.3886225
          ],
          [
            78.3386314,
            17.3885651
          ],
          [
            78.3388509,
            17.3884975
          ],
          [
            78.3390951,
            17.38843
          ],
          [
            78.339219,
            17.3884266
          ],
          [
            78.3393145,
            17.3884468
          ],
          [
            78.3394773,
            17.388484
          ],
          [
            78.3396826,
            17.3885076
          ],
          [
            78.3398914,
            17.388538
          ],
          [
            78.340079,
            17.3885786
          ],
          [
            78.3404152,
            17.3886427
          ],
          [
            78.3407974,
            17.3887204
          ],
          [
            78.3411514,
            17.3887981
          ],
          [
            78.341438,
            17.3888555
          ],
          [
            78.3417785,
            17.3889344
          ],
          [
            78.3419913,
            17.3889971
          ],
          [
            78.342101,
            17.3889971
          ],
          [
            78.3421661,
            17.3889427
          ],
          [
            78.3422311,
            17.3888225
          ],
          [
            78.3423206,
            17.3886285
          ],
          [
            78.3423897,
            17.3884694
          ],
          [
            78.3424791,
            17.3883026
          ],
          [
            78.3426174,
            17.3880621
          ]
        ]
      },
      "id": "way/1021657665"
    },
    {
      "type": "Feature",
      "properties": {
        "@id": "way/1021657666",
        "layer": "-1",
        "tunnel": "culvert",
        "waterway": "stream"
      },
      "geometry": {
        "type": "LineString",
        "coordinates": [
          [
            78.3306786,
            17.4093864
          ],
          [
            78.3304329,
            17.4094569
          ]
        ]
      },
      "id": "way/1021657666"
    },
    {
      "type": "Feature",
      "properties": {
        "@id": "way/1021657667",
        "waterway": "stream"
      },
      "geometry": {
        "type": "LineString",
        "coordinates": [
          [
            78.3304329,
            17.4094569
          ],
          [
            78.3301794,
            17.4095658
          ],
          [
            78.3300223,
            17.4095406
          ],
          [
            78.3296092,
            17.4092898
          ],
          [
            78.3289816,
            17.4089315
          ],
          [
            78.3288961,
            17.4086145
          ]
        ]
      },
      "id": "way/1021657667"
    },
    {
      "type": "Feature",
      "properties": {
        "@id": "way/1021657668",
        "layer": "-1",
        "tunnel": "culvert",
        "waterway": "stream"
      },
      "geometry": {
        "type": "LineString",
        "coordinates": [
          [
            78.3288961,
            17.4086145
          ],
          [
            78.3288477,
            17.4084191
          ]
        ]
      },
      "id": "way/1021657668"
    },
    {
      "type": "Feature",
      "properties": {
        "@id": "way/1021657669",
        "waterway": "stream"
      },
      "geometry": {
        "type": "LineString",
        "coordinates": [
          [
            78.3288477,
            17.4084191
          ],
          [
            78.3288084,
            17.4083075
          ]
        ]
      },
      "id": "way/1021657669"
    },
    {
      "type": "Feature",
      "properties": {
        "@id": "way/1021657670",
        "layer": "-1",
        "tunnel": "culvert",
        "waterway": "stream"
      },
      "geometry": {
        "type": "LineString",
        "coordinates": [
          [
            78.3288084,
            17.4083075
          ],
          [
            78.3284804,
            17.407467
          ]
        ]
      },
      "id": "way/1021657670"
    },
    {
      "type": "Feature",
      "properties": {
        "@id": "way/1021657671",
        "waterway": "stream"
      },
      "geometry": {
        "type": "LineString",
        "coordinates": [
          [
            78.3284804,
            17.407467
          ],
          [
            78.3284009,
            17.4072167
          ],
          [
            78.3283365,
            17.4070375
          ],
          [
            78.328193,
            17.4066895
          ],
          [
            78.3280589,
            17.4065308
          ],
          [
            78.3279746,
            17.4063642
          ],
          [
            78.3279373,
            17.406307
          ],
          [
            78.3278958,
            17.4061387
          ],
          [
            78.327826,
            17.4057966
          ],
          [
            78.3277679,
            17.405507
          ],
          [
            78.3277526,
            17.4054295
          ],
          [
            78.3277391,
            17.4053117
          ],
          [
            78.3277061,
            17.4051451
          ],
          [
            78.3276335,
            17.4050553
          ],
          [
            78.3275342,
            17.4049558
          ],
          [
            78.3272621,
            17.4046896
          ],
          [
            78.3271198,
            17.4047246
          ],
          [
            78.326949,
            17.404744
          ],
          [
            78.3267742,
            17.4047284
          ],
          [
            78.3266523,
            17.4046702
          ],
          [
            78.3265547,
            17.4045655
          ],
          [
            78.3264571,
            17.4044336
          ],
          [
            78.3264083,
            17.4043172
          ],
          [
            78.3264043,
            17.4042047
          ],
          [
            78.3264409,
            17.4040922
          ],
          [
            78.3264449,
            17.403972
          ],
          [
            78.3263921,
            17.4038672
          ],
          [
            78.3262782,
            17.403747
          ],
          [
            78.3261238,
            17.4036073
          ],
          [
            78.3259937,
            17.4034909
          ],
          [
            78.3258717,
            17.4033202
          ],
          [
            78.3257457,
            17.4031418
          ],
          [
            78.3256318,
            17.4028935
          ],
          [
            78.3255383,
            17.4026685
          ],
          [
            78.3254773,
            17.402459
          ],
          [
            78.3254773,
            17.4021913
          ],
          [
            78.325518,
            17.4019392
          ],
          [
            78.32564,
            17.4016211
          ],
          [
            78.3258321,
            17.401128
          ],
          [
            78.3260601,
            17.4008693
          ],
          [
            78.3263374,
            17.4006223
          ],
          [
            78.3266701,
            17.4003813
          ],
          [
            78.3268673,
            17.4001284
          ],
          [
            78.3269721,
            17.3999167
          ],
          [
            78.3270282,
            17.3997459
          ]
        ]
      },
      "id": "way/1021657671"
    },
    {
      "type": "Feature",
      "properties": {
        "@id": "way/1021657674",
        "layer": "-1",
        "tunnel": "culvert",
        "waterway": "stream"
      },
      "geometry": {
        "type": "LineString",
        "coordinates": [
          [
            78.3270282,
            17.3997459
          ],
          [
            78.3271122,
            17.3994055
          ],
          [
            78.3271712,
            17.3992417
          ],
          [
            78.3272463,
            17.3991266
          ],
          [
            78.3273697,
            17.3989807
          ],
          [
            78.3274609,
            17.3988373
          ]
        ]
      },
      "id": "way/1021657674"
    },
    {
      "type": "Feature",
      "properties": {
        "@id": "way/1021657675",
        "waterway": "stream"
      },
      "geometry": {
        "type": "LineString",
        "coordinates": [
          [
            78.3274609,
            17.3988373
          ],
          [
            78.3275467,
            17.3986735
          ],
          [
            78.3275977,
            17.3985379
          ],
          [
            78.327662,
            17.3982896
          ],
          [
            78.3277201,
            17.398123
          ],
          [
            78.3277201,
            17.3979643
          ],
          [
            78.3277484,
            17.3978191
          ],
          [
            78.327805,
            17.3976265
          ],
          [
            78.3278369,
            17.3974611
          ],
          [
            78.3278652,
            17.397228
          ],
          [
            78.3279006,
            17.3969984
          ],
          [
            78.3279187,
            17.3967873
          ],
          [
            78.3279146,
            17.3966728
          ]
        ]
      },
      "id": "way/1021657675"
    },
    {
      "type": "Feature",
      "properties": {
        "@id": "way/1042617674",
        "waterway": "stream"
      },
      "geometry": {
        "type": "LineString",
        "coordinates": [
          [
            78.3347882,
            17.415006
          ],
          [
            78.3347616,
            17.4149418
          ],
          [
            78.3347389,
            17.4149039
          ],
          [
            78.3347162,
            17.4148565
          ],
          [
            78.3346966,
            17.4147956
          ],
          [
            78.3346766,
            17.414741
          ],
          [
            78.3346577,
            17.4146876
          ],
          [
            78.3346352,
            17.4146224
          ],
          [
            78.3346183,
            17.4145431
          ],
          [
            78.33458,
            17.4144571
          ],
          [
            78.3345487,
            17.414358
          ],
          [
            78.3345174,
            17.4142589
          ],
          [
            78.3344783,
            17.4141808
          ],
          [
            78.3344335,
            17.4141164
          ],
          [
            78.3343854,
            17.4140745
          ],
          [
            78.33432,
            17.4140345
          ],
          [
            78.3342639,
            17.4140149
          ],
          [
            78.3341944,
            17.4139957
          ],
          [
            78.3341268,
            17.4139671
          ],
          [
            78.3340951,
            17.4139406
          ],
          [
            78.3340616,
            17.4138977
          ],
          [
            78.3340393,
            17.4138367
          ],
          [
            78.3340169,
            17.4137381
          ],
          [
            78.3339925,
            17.4136678
          ]
        ]
      },
      "id": "way/1042617674"
    },
    {
      "type": "Feature",
      "properties": {
        "@id": "way/1042617675",
        "layer": "-1",
        "tunnel": "culvert",
        "waterway": "stream"
      },
      "geometry": {
        "type": "LineString",
        "coordinates": [
          [
            78.3339925,
            17.4136678
          ],
          [
            78.333868,
            17.4134224
          ]
        ]
      },
      "id": "way/1042617675"
    },
    {
      "type": "Feature",
      "properties": {
        "@id": "way/1042617676",
        "waterway": "stream"
      },
      "geometry": {
        "type": "LineString",
        "coordinates": [
          [
            78.3360056,
            17.4164451
          ],
          [
            78.3359551,
            17.4163896
          ],
          [
            78.3358925,
            17.4163418
          ],
          [
            78.3358113,
            17.4162957
          ],
          [
            78.3357524,
            17.4162495
          ],
          [
            78.3357118,
            17.416196
          ],
          [
            78.3356064,
            17.4161759
          ],
          [
            78.3355371,
            17.4161214
          ],
          [
            78.3355074,
            17.4160748
          ],
          [
            78.3354707,
            17.4160343
          ],
          [
            78.3354108,
            17.416008
          ],
          [
            78.3353736,
            17.4159802
          ],
          [
            78.3353396,
            17.4159416
          ],
          [
            78.3352914,
            17.4158628
          ],
          [
            78.3352481,
            17.4157576
          ],
          [
            78.3351958,
            17.4156473
          ],
          [
            78.3351437,
            17.4155278
          ]
        ]
      },
      "id": "way/1042617676"
    },
    {
      "type": "Feature",
      "properties": {
        "@id": "way/1042617677",
        "layer": "-1",
        "tunnel": "culvert",
        "waterway": "stream"
      },
      "geometry": {
        "type": "LineString",
        "coordinates": [
          [
            78.3351437,
            17.4155278
          ],
          [
            78.3351119,
            17.4154809
          ],
          [
            78.3348186,
            17.4150611
          ],
          [
            78.3347882,
            17.415006
          ]
        ]
      },
      "id": "way/1042617677"
    },
    {
      "type": "Feature",
      "properties": {
        "@id": "way/1043716394",
        "layer": "-1",
        "tunnel": "culvert",
        "waterway": "drain"
      },
      "geometry": {
        "type": "LineString",
        "coordinates": [
          [
            78.4022401,
            17.3703496
          ],
          [
            78.4022971,
            17.3706892
          ],
          [
            78.4019958,
            17.3710909
          ],
          [
            78.4017566,
            17.3715137
          ],
          [
            78.4014642,
            17.3719831
          ],
          [
            78.4011724,
            17.3722064
          ],
          [
            78.4009458,
            17.3723594
          ],
          [
            78.4003522,
            17.3726342
          ],
          [
            78.4001617,
            17.3727822
          ],
          [
            78.3998592,
            17.3732217
          ],
          [
            78.3999047,
            17.3732368
          ],
          [
            78.3992356,
            17.3733035
          ],
          [
            78.3991915,
            17.3733093
          ]
        ]
      },
      "id": "way/1043716394"
    },
    {
      "type": "Feature",
      "properties": {
        "@id": "way/1062100253",
        "waterway": "drain"
      },
      "geometry": {
        "type": "LineString",
        "coordinates": [
          [
            78.4489368,
            17.2300806
          ],
          [
            78.4463036,
            17.2300393
          ]
        ]
      },
      "id": "way/1062100253"
    },
    {
      "type": "Feature",
      "properties": {
        "@id": "way/1062100254",
        "waterway": "drain"
      },
      "geometry": {
        "type": "LineString",
        "coordinates": [
          [
            78.4515017,
            17.2301015
          ],
          [
            78.4496426,
            17.230085
          ]
        ]
      },
      "id": "way/1062100254"
    },
    {
      "type": "Feature",
      "properties": {
        "@id": "way/1062100255",
        "layer": "-1",
        "tunnel": "culvert",
        "waterway": "drain"
      },
      "geometry": {
        "type": "LineString",
        "coordinates": [
          [
            78.4496426,
            17.230085
          ],
          [
            78.4489368,
            17.2300806
          ]
        ]
      },
      "id": "way/1062100255"
    },
    {
      "type": "Feature",
      "properties": {
        "@id": "way/1062100256",
        "waterway": "drain"
      },
      "geometry": {
        "type": "LineString",
        "coordinates": [
          [
            78.4426741,
            17.2299891
          ],
          [
            78.4408373,
            17.2299572
          ]
        ]
      },
      "id": "way/1062100256"
    },
    {
      "type": "Feature",
      "properties": {
        "@id": "way/1062100257",
        "layer": "-1",
        "tunnel": "culvert",
        "waterway": "drain"
      },
      "geometry": {
        "type": "LineString",
        "coordinates": [
          [
            78.4434249,
            17.2299989
          ],
          [
            78.4426741,
            17.2299891
          ]
        ]
      },
      "id": "way/1062100257"
    },
    {
      "type": "Feature",
      "properties": {
        "@id": "way/1062100258",
        "waterway": "drain"
      },
      "geometry": {
        "type": "LineString",
        "coordinates": [
          [
            78.4459061,
            17.2300352
          ],
          [
            78.4434249,
            17.2299989
          ]
        ]
      },
      "id": "way/1062100258"
    },
    {
      "type": "Feature",
      "properties": {
        "@id": "way/1062100259",
        "layer": "-1",
        "tunnel": "culvert",
        "waterway": "drain"
      },
      "geometry": {
        "type": "LineString",
        "coordinates": [
          [
            78.4463036,
            17.2300393
          ],
          [
            78.4459061,
            17.2300352
          ]
        ]
      },
      "id": "way/1062100259"
    },
    {
      "type": "Feature",
      "properties": {
        "@id": "way/1062100263",
        "waterway": "drain"
      },
      "geometry": {
        "type": "LineString",
        "coordinates": [
          [
            78.4395347,
            17.2299414
          ],
          [
            78.4366764,
            17.2299021
          ]
        ]
      },
      "id": "way/1062100263"
    },
    {
      "type": "Feature",
      "properties": {
        "@id": "way/1062100264",
        "layer": "-1",
        "tunnel": "culvert",
        "waterway": "drain"
      },
      "geometry": {
        "type": "LineString",
        "coordinates": [
          [
            78.4408373,
            17.2299572
          ],
          [
            78.4395347,
            17.2299414
          ]
        ]
      },
      "id": "way/1062100264"
    },
    {
      "type": "Feature",
      "properties": {
        "@id": "way/1062100266",
        "waterway": "drain"
      },
      "geometry": {
        "type": "LineString",
        "coordinates": [
          [
            78.4321345,
            17.2298325
          ],
          [
            78.4300579,
            17.2298103
          ]
        ]
      },
      "id": "way/1062100266"
    },
    {
      "type": "Feature",
      "properties": {
        "@id": "way/1062100267",
        "layer": "-1",
        "tunnel": "culvert",
        "waterway": "drain"
      },
      "geometry": {
        "type": "LineString",
        "coordinates": [
          [
            78.4337157,
            17.2298542
          ],
          [
            78.4321345,
            17.2298325
          ]
        ]
      },
      "id": "way/1062100267"
    },
    {
      "type": "Feature",
      "properties": {
        "@id": "way/1062100268",
        "waterway": "drain"
      },
      "geometry": {
        "type": "LineString",
        "coordinates": [
          [
            78.4345349,
            17.2298717
          ],
          [
            78.4337157,
            17.2298542
          ]
        ]
      },
      "id": "way/1062100268"
    },
    {
      "type": "Feature",
      "properties": {
        "@id": "way/1062100269",
        "layer": "-1",
        "tunnel": "culvert",
        "waterway": "drain"
      },
      "geometry": {
        "type": "LineString",
        "coordinates": [
          [
            78.4358768,
            17.2298915
          ],
          [
            78.4345349,
            17.2298717
          ]
        ]
      },
      "id": "way/1062100269"
    },
    {
      "type": "Feature",
      "properties": {
        "@id": "way/1062100270",
        "waterway": "drain"
      },
      "geometry": {
        "type": "LineString",
        "coordinates": [
          [
            78.4359439,
            17.2298915
          ],
          [
            78.4358768,
            17.2298915
          ]
        ]
      },
      "id": "way/1062100270"
    },
    {
      "type": "Feature",
      "properties": {
        "@id": "way/1062100271",
        "layer": "-1",
        "tunnel": "culvert",
        "waterway": "drain"
      },
      "geometry": {
        "type": "LineString",
        "coordinates": [
          [
            78.4366764,
            17.2299021
          ],
          [
            78.4359439,
            17.2298915
          ]
        ]
      },
      "id": "way/1062100271"
    },
    {
      "type": "Feature",
      "properties": {
        "@id": "way/1062100276",
        "waterway": "drain"
      },
      "geometry": {
        "type": "LineString",
        "coordinates": [
          [
            78.4121092,
            17.2295638
          ],
          [
            78.4111949,
            17.2295589
          ],
          [
            78.4093567,
            17.2312813
          ]
        ]
      },
      "id": "way/1062100276"
    },
    {
      "type": "Feature",
      "properties": {
        "@id": "way/1062100277",
        "layer": "-1",
        "tunnel": "culvert",
        "waterway": "drain"
      },
      "geometry": {
        "type": "LineString",
        "coordinates": [
          [
            78.4137049,
            17.2295811
          ],
          [
            78.4121092,
            17.2295638
          ]
        ]
      },
      "id": "way/1062100277"
    },
    {
      "type": "Feature",
      "properties": {
        "@id": "way/1062100278",
        "waterway": "drain"
      },
      "geometry": {
        "type": "LineString",
        "coordinates": [
          [
            78.4214721,
            17.2296925
          ],
          [
            78.4137049,
            17.2295811
          ]
        ]
      },
      "id": "way/1062100278"
    },
    {
      "type": "Feature",
      "properties": {
        "@id": "way/1062100279",
        "layer": "-1",
        "tunnel": "culvert",
        "waterway": "drain"
      },
      "geometry": {
        "type": "LineString",
        "coordinates": [
          [
            78.4217831,
            17.2296964
          ],
          [
            78.4214721,
            17.2296925
          ]
        ]
      },
      "id": "way/1062100279"
    },
    {
      "type": "Feature",
      "properties": {
        "@id": "way/1062100280",
        "waterway": "drain"
      },
      "geometry": {
        "type": "LineString",
        "coordinates": [
          [
            78.4220454,
            17.2297002
          ],
          [
            78.4217831,
            17.2296964
          ]
        ]
      },
      "id": "way/1062100280"
    },
    {
      "type": "Feature",
      "properties": {
        "@id": "way/1062100281",
        "layer": "-1",
        "tunnel": "culvert",
        "waterway": "drain"
      },
      "geometry": {
        "type": "LineString",
        "coordinates": [
          [
            78.4227101,
            17.2297071
          ],
          [
            78.4220454,
            17.2297002
          ]
        ]
      },
      "id": "way/1062100281"
    },
    {
      "type": "Feature",
      "properties": {
        "@id": "way/1062100282",
        "waterway": "drain"
      },
      "geometry": {
        "type": "LineString",
        "coordinates": [
          [
            78.4241593,
            17.2297317
          ],
          [
            78.4227101,
            17.2297071
          ]
        ]
      },
      "id": "way/1062100282"
    },
    {
      "type": "Feature",
      "properties": {
        "@id": "way/1062100283",
        "layer": "-1",
        "tunnel": "culvert",
        "waterway": "drain"
      },
      "geometry": {
        "type": "LineString",
        "coordinates": [
          [
            78.425633,
            17.2297552
          ],
          [
            78.4241593,
            17.2297317
          ]
        ]
      },
      "id": "way/1062100283"
    },
    {
      "type": "Feature",
      "properties": {
        "@id": "way/1062100284",
        "waterway": "drain"
      },
      "geometry": {
        "type": "LineString",
        "coordinates": [
          [
            78.4284295,
            17.2297853
          ],
          [
            78.425633,
            17.2297552
          ]
        ]
      },
      "id": "way/1062100284"
    },
    {
      "type": "Feature",
      "properties": {
        "@id": "way/1062100285",
        "layer": "-1",
        "tunnel": "culvert",
        "waterway": "drain"
      },
      "geometry": {
        "type": "LineString",
        "coordinates": [
          [
            78.4300579,
            17.2298103
          ],
          [
            78.4284295,
            17.2297853
          ]
        ]
      },
      "id": "way/1062100285"
    },
    {
      "type": "Feature",
      "properties": {
        "@id": "way/1062100322",
        "waterway": "drain"
      },
      "geometry": {
        "type": "LineString",
        "coordinates": [
          [
            78.4433807,
            17.2319774
          ],
          [
            78.4375001,
            17.2318996
          ],
          [
            78.4373212,
            17.2318972
          ]
        ]
      },
      "id": "way/1062100322"
    },
    {
      "type": "Feature",
      "properties": {
        "@id": "way/1062100323",
        "waterway": "drain"
      },
      "geometry": {
        "type": "LineString",
        "coordinates": [
          [
            78.437496,
            17.2322035
          ],
          [
            78.4375001,
            17.2318996
          ]
        ]
      },
      "id": "way/1062100323"
    },
    {
      "type": "Feature",
      "properties": {
        "@id": "way/1062100324",
        "layer": "-1",
        "tunnel": "culvert",
        "waterway": "drain"
      },
      "geometry": {
        "type": "LineString",
        "coordinates": [
          [
            78.4373212,
            17.2318972
          ],
          [
            78.4366393,
            17.231892
          ]
        ]
      },
      "id": "way/1062100324"
    },
    {
      "type": "Feature",
      "properties": {
        "@id": "way/1062100325",
        "layer": "-1",
        "tunnel": "culvert",
        "waterway": "drain"
      },
      "geometry": {
        "type": "LineString",
        "coordinates": [
          [
            78.437482,
            17.2328216
          ],
          [
            78.4374836,
            17.2327495
          ],
          [
            78.437496,
            17.2322035
          ]
        ]
      },
      "id": "way/1062100325"
    },
    {
      "type": "Feature",
      "properties": {
        "@id": "way/1062100326",
        "layer": "-1",
        "tunnel": "culvert",
        "waterway": "drain"
      },
      "geometry": {
        "type": "LineString",
        "coordinates": [
          [
            78.4439843,
            17.2319868
          ],
          [
            78.4433807,
            17.2319774
          ]
        ]
      },
      "id": "way/1062100326"
    },
    {
      "type": "Feature",
      "properties": {
        "@id": "way/1062100328",
        "waterway": "drain"
      },
      "geometry": {
        "type": "LineString",
        "coordinates": [
          [
            78.4366393,
            17.231892
          ],
          [
            78.436163,
            17.2318875
          ],
          [
            78.4360512,
            17.2318836
          ],
          [
            78.4359496,
            17.2318662
          ],
          [
            78.4349881,
            17.2316662
          ],
          [
            78.4348766,
            17.2316427
          ],
          [
            78.4348171,
            17.231637
          ],
          [
            78.4347154,
            17.2316362
          ],
          [
            78.4341354,
            17.2316287
          ],
          [
            78.4320156,
            17.2316013
          ]
        ]
      },
      "id": "way/1062100328"
    },
    {
      "type": "Feature",
      "properties": {
        "@id": "way/1062100329",
        "waterway": "drain"
      },
      "geometry": {
        "type": "LineString",
        "coordinates": [
          [
            78.4342011,
            17.2322592
          ],
          [
            78.4342078,
            17.231725
          ],
          [
            78.4342037,
            17.2316956
          ],
          [
            78.434185,
            17.23167
          ],
          [
            78.4341354,
            17.2316287
          ]
        ]
      },
      "id": "way/1062100329"
    },
    {
      "type": "Feature",
      "properties": {
        "@id": "way/1062100330",
        "layer": "-1",
        "tunnel": "culvert",
        "waterway": "drain"
      },
      "geometry": {
        "type": "LineString",
        "coordinates": [
          [
            78.4341945,
            17.2327185
          ],
          [
            78.4341949,
            17.2326857
          ],
          [
            78.4342011,
            17.2322592
          ]
        ]
      },
      "id": "way/1062100330"
    },
    {
      "type": "Feature",
      "properties": {
        "@id": "way/1062100331",
        "layer": "-1",
        "tunnel": "culvert",
        "waterway": "drain"
      },
      "geometry": {
        "type": "LineString",
        "coordinates": [
          [
            78.4320156,
            17.2316013
          ],
          [
            78.4312625,
            17.2315952
          ]
        ]
      },
      "id": "way/1062100331"
    },
    {
      "type": "Feature",
      "properties": {
        "@id": "way/1062100332",
        "waterway": "drain"
      },
      "geometry": {
        "type": "LineString",
        "coordinates": [
          [
            78.4312625,
            17.2315952
          ],
          [
            78.4286861,
            17.2315588
          ],
          [
            78.4276672,
            17.2315443
          ]
        ]
      },
      "id": "way/1062100332"
    },
    {
      "type": "Feature",
      "properties": {
        "@id": "way/1062100334",
        "waterway": "drain"
      },
      "geometry": {
        "type": "LineString",
        "coordinates": [
          [
            78.4269361,
            17.2315334
          ],
          [
            78.4245116,
            17.2314983
          ],
          [
            78.4231556,
            17.2314787
          ],
          [
            78.4226858,
            17.2314719
          ]
        ]
      },
      "id": "way/1062100334"
    },
    {
      "type": "Feature",
      "properties": {
        "@id": "way/1062100335",
        "layer": "-1",
        "tunnel": "culvert",
        "waterway": "drain"
      },
      "geometry": {
        "type": "LineString",
        "coordinates": [
          [
            78.4276672,
            17.2315443
          ],
          [
            78.4269361,
            17.2315334
          ]
        ]
      },
      "id": "way/1062100335"
    },
    {
      "type": "Feature",
      "properties": {
        "@id": "way/1062100336",
        "waterway": "drain"
      },
      "geometry": {
        "type": "LineString",
        "coordinates": [
          [
            78.4286839,
            17.2321839
          ],
          [
            78.4286861,
            17.2315588
          ]
        ]
      },
      "id": "way/1062100336"
    },
    {
      "type": "Feature",
      "properties": {
        "@id": "way/1062100337",
        "layer": "-1",
        "tunnel": "culvert",
        "waterway": "drain"
      },
      "geometry": {
        "type": "LineString",
        "coordinates": [
          [
            78.4286855,
            17.2326422
          ],
          [
            78.4286854,
            17.2326161
          ],
          [
            78.4286839,
            17.2321839
          ]
        ]
      },
      "id": "way/1062100337"
    },
    {
      "type": "Feature",
      "properties": {
        "@id": "way/1062100339",
        "waterway": "drain"
      },
      "geometry": {
        "type": "LineString",
        "coordinates": [
          [
            78.4215343,
            17.2314584
          ],
          [
            78.4189494,
            17.2314234
          ],
          [
            78.412864,
            17.2313339
          ]
        ]
      },
      "id": "way/1062100339"
    },
    {
      "type": "Feature",
      "properties": {
        "@id": "way/1062100340",
        "layer": "-1",
        "tunnel": "culvert",
        "waterway": "drain"
      },
      "geometry": {
        "type": "LineString",
        "coordinates": [
          [
            78.4217014,
            17.2314607
          ],
          [
            78.4215343,
            17.2314584
          ]
        ]
      },
      "id": "way/1062100340"
    },
    {
      "type": "Feature",
      "properties": {
        "@id": "way/1062100341",
        "waterway": "drain"
      },
      "geometry": {
        "type": "LineString",
        "coordinates": [
          [
            78.4219991,
            17.2314652
          ],
          [
            78.4217014,
            17.2314607
          ]
        ]
      },
      "id": "way/1062100341"
    },
    {
      "type": "Feature",
      "properties": {
        "@id": "way/1062100342",
        "layer": "-1",
        "tunnel": "culvert",
        "waterway": "drain"
      },
      "geometry": {
        "type": "LineString",
        "coordinates": [
          [
            78.4226858,
            17.2314719
          ],
          [
            78.4219991,
            17.2314652
          ]
        ]
      },
      "id": "way/1062100342"
    },
    {
      "type": "Feature",
      "properties": {
        "@id": "way/1062100343",
        "waterway": "drain"
      },
      "geometry": {
        "type": "LineString",
        "coordinates": [
          [
            78.4244992,
            17.2321156
          ],
          [
            78.4245116,
            17.2314983
          ]
        ]
      },
      "id": "way/1062100343"
    },
    {
      "type": "Feature",
      "properties": {
        "@id": "way/1062100344",
        "waterway": "drain"
      },
      "geometry": {
        "type": "LineString",
        "coordinates": [
          [
            78.4231463,
            17.2321021
          ],
          [
            78.4231556,
            17.2314787
          ]
        ]
      },
      "id": "way/1062100344"
    },
    {
      "type": "Feature",
      "properties": {
        "@id": "way/1062100346",
        "waterway": "drain"
      },
      "geometry": {
        "type": "LineString",
        "coordinates": [
          [
            78.4228055,
            17.2337588
          ],
          [
            78.4228086,
            17.2335985
          ]
        ]
      },
      "id": "way/1062100346"
    },
    {
      "type": "Feature",
      "properties": {
        "@id": "way/1062100347",
        "layer": "-1",
        "tunnel": "culvert",
        "waterway": "drain"
      },
      "geometry": {
        "type": "LineString",
        "coordinates": [
          [
            78.4228086,
            17.2335985
          ],
          [
            78.4228109,
            17.2335302
          ],
          [
            78.4228133,
            17.2334583
          ],
          [
            78.4228304,
            17.2333339
          ],
          [
            78.4228797,
            17.2331779
          ],
          [
            78.4229813,
            17.2329101
          ],
          [
            78.4230164,
            17.2327862
          ],
          [
            78.4230738,
            17.2325835
          ],
          [
            78.4231323,
            17.232298
          ],
          [
            78.4231463,
            17.2321021
          ]
        ]
      },
      "id": "way/1062100347"
    },
    {
      "type": "Feature",
      "properties": {
        "@id": "way/1062100348",
        "waterway": "drain"
      },
      "geometry": {
        "type": "LineString",
        "coordinates": [
          [
            78.4267266,
            17.2327717
          ],
          [
            78.4255273,
            17.2327096
          ],
          [
            78.4252996,
            17.2327096
          ],
          [
            78.4248666,
            17.2327231
          ],
          [
            78.4246742,
            17.2327355
          ],
          [
            78.4245364,
            17.2326898
          ],
          [
            78.4244909,
            17.2326887
          ],
          [
            78.4244427,
            17.2326972
          ],
          [
            78.4243454,
            17.2327513
          ],
          [
            78.4242162,
            17.2327597
          ],
          [
            78.4238065,
            17.2327774
          ]
        ]
      },
      "id": "way/1062100348"
    },
    {
      "type": "Feature",
      "properties": {
        "@id": "way/1062100349",
        "layer": "-1",
        "tunnel": "culvert",
        "waterway": "drain"
      },
      "geometry": {
        "type": "LineString",
        "coordinates": [
          [
            78.4238065,
            17.2327774
          ],
          [
            78.4235138,
            17.2327807
          ],
          [
            78.4230164,
            17.2327862
          ]
        ]
      },
      "id": "way/1062100349"
    },
    {
      "type": "Feature",
      "properties": {
        "@id": "way/1062100350",
        "layer": "-1",
        "tunnel": "culvert",
        "waterway": "drain"
      },
      "geometry": {
        "type": "LineString",
        "coordinates": [
          [
            78.4244909,
            17.2326887
          ],
          [
            78.4244928,
            17.2325596
          ],
          [
            78.4244992,
            17.2321156
          ]
        ]
      },
      "id": "way/1062100350"
    },
    {
      "type": "Feature",
      "properties": {
        "@id": "way/1062100351",
        "waterway": "drain"
      },
      "geometry": {
        "type": "LineString",
        "coordinates": [
          [
            78.4309184,
            17.2328247
          ],
          [
            78.4302088,
            17.2328011
          ],
          [
            78.429846,
            17.2327926
          ],
          [
            78.4292875,
            17.232782
          ],
          [
            78.4286862,
            17.2327747
          ],
          [
            78.4283089,
            17.2327715
          ],
          [
            78.4280621,
            17.2327792
          ],
          [
            78.4276987,
            17.2327946
          ]
        ]
      },
      "id": "way/1062100351"
    },
    {
      "type": "Feature",
      "properties": {
        "@id": "way/1062100352",
        "waterway": "drain"
      },
      "geometry": {
        "type": "LineString",
        "coordinates": [
          [
            78.4286862,
            17.2327747
          ],
          [
            78.4286855,
            17.2326422
          ]
        ]
      },
      "id": "way/1062100352"
    },
    {
      "type": "Feature",
      "properties": {
        "@id": "way/1062100353",
        "layer": "-1",
        "tunnel": "culvert",
        "waterway": "drain"
      },
      "geometry": {
        "type": "LineString",
        "coordinates": [
          [
            78.4276987,
            17.2327946
          ],
          [
            78.4276401,
            17.2327963
          ],
          [
            78.4273919,
            17.2328035
          ],
          [
            78.4271916,
            17.2328006
          ],
          [
            78.4269744,
            17.2327903
          ],
          [
            78.4267266,
            17.2327717
          ]
        ]
      },
      "id": "way/1062100353"
    },
    {
      "type": "Feature",
      "properties": {
        "@id": "way/1062100354",
        "layer": "-1",
        "tunnel": "culvert",
        "waterway": "drain"
      },
      "geometry": {
        "type": "LineString",
        "coordinates": [
          [
            78.4324557,
            17.2328349
          ],
          [
            78.432401,
            17.2328371
          ],
          [
            78.4320452,
            17.2328518
          ],
          [
            78.4319524,
            17.2328518
          ],
          [
            78.4316647,
            17.2328518
          ],
          [
            78.4312808,
            17.2328422
          ],
          [
            78.4312383,
            17.2328401
          ],
          [
            78.4309184,
            17.2328247
          ]
        ]
      },
      "id": "way/1062100354"
    },
    {
      "type": "Feature",
      "properties": {
        "@id": "way/1062100355",
        "waterway": "drain"
      },
      "geometry": {
        "type": "LineString",
        "coordinates": [
          [
            78.43419,
            17.2329051
          ],
          [
            78.4339546,
            17.2328984
          ],
          [
            78.4335972,
            17.2328747
          ],
          [
            78.4332751,
            17.2328426
          ],
          [
            78.4330114,
            17.2328122
          ],
          [
            78.432884,
            17.2328054
          ],
          [
            78.4327283,
            17.2328139
          ],
          [
            78.4324557,
            17.2328349
          ]
        ]
      },
      "id": "way/1062100355"
    },
    {
      "type": "Feature",
      "properties": {
        "@id": "way/1062100356",
        "waterway": "drain"
      },
      "geometry": {
        "type": "LineString",
        "coordinates": [
          [
            78.43419,
            17.2329051
          ],
          [
            78.4341945,
            17.2327185
          ]
        ]
      },
      "id": "way/1062100356"
    },
    {
      "type": "Feature",
      "properties": {
        "@id": "way/1062100357",
        "waterway": "drain"
      },
      "geometry": {
        "type": "LineString",
        "coordinates": [
          [
            78.4364432,
            17.2329413
          ],
          [
            78.43419,
            17.2329051
          ]
        ]
      },
      "id": "way/1062100357"
    },
    {
      "type": "Feature",
      "properties": {
        "@id": "way/1062100358",
        "waterway": "drain"
      },
      "geometry": {
        "type": "LineString",
        "coordinates": [
          [
            78.4487457,
            17.2320536
          ],
          [
            78.4461162,
            17.232017
          ]
        ]
      },
      "id": "way/1062100358"
    },
    {
      "type": "Feature",
      "properties": {
        "@id": "way/1062100359",
        "waterway": "drain"
      },
      "geometry": {
        "type": "LineString",
        "coordinates": [
          [
            78.445964,
            17.2320148
          ],
          [
            78.4439843,
            17.2319868
          ]
        ]
      },
      "id": "way/1062100359"
    },
    {
      "type": "Feature",
      "properties": {
        "@id": "way/1062100360",
        "layer": "-1",
        "tunnel": "culvert",
        "waterway": "drain"
      },
      "geometry": {
        "type": "LineString",
        "coordinates": [
          [
            78.4461162,
            17.232017
          ],
          [
            78.445964,
            17.2320148
          ]
        ]
      },
      "id": "way/1062100360"
    },
    {
      "type": "Feature",
      "properties": {
        "@id": "way/1062100361",
        "layer": "-1",
        "tunnel": "culvert",
        "waterway": "drain"
      },
      "geometry": {
        "type": "LineString",
        "coordinates": [
          [
            78.4496741,
            17.2320649
          ],
          [
            78.4487457,
            17.2320536
          ]
        ]
      },
      "id": "way/1062100361"
    },
    {
      "type": "Feature",
      "properties": {
        "@id": "way/1062100362",
        "waterway": "drain"
      },
      "geometry": {
        "type": "LineString",
        "coordinates": [
          [
            78.4510109,
            17.2319456
          ],
          [
            78.4509983,
            17.2328169
          ],
          [
            78.4496935,
            17.2327938
          ],
          [
            78.449698,
            17.2320648
          ],
          [
            78.4496741,
            17.2320649
          ]
        ]
      },
      "id": "way/1062100362"
    },
    {
      "type": "Feature",
      "properties": {
        "@id": "way/1062100363",
        "waterway": "drain"
      },
      "geometry": {
        "type": "LineString",
        "coordinates": [
          [
            78.4113053,
            17.2313061
          ],
          [
            78.4093567,
            17.2312813
          ],
          [
            78.4083535,
            17.2312696
          ],
          [
            78.4055355,
            17.2312367
          ]
        ]
      },
      "id": "way/1062100363"
    },
    {
      "type": "Feature",
      "properties": {
        "@id": "way/1062100364",
        "layer": "-1",
        "tunnel": "culvert",
        "waterway": "drain"
      },
      "geometry": {
        "type": "LineString",
        "coordinates": [
          [
            78.412864,
            17.2313339
          ],
          [
            78.4113053,
            17.2313061
          ]
        ]
      },
      "id": "way/1062100364"
    },
    {
      "type": "Feature",
      "properties": {
        "@id": "way/1062100366",
        "waterway": "drain"
      },
      "geometry": {
        "type": "LineString",
        "coordinates": [
          [
            78.4083896,
            17.2290336
          ],
          [
            78.4083535,
            17.2312696
          ]
        ]
      },
      "id": "way/1062100366"
    },
    {
      "type": "Feature",
      "properties": {
        "@id": "way/1062100367",
        "waterway": "drain"
      },
      "geometry": {
        "type": "LineString",
        "coordinates": [
          [
            78.4118615,
            17.2275683
          ],
          [
            78.4088165,
            17.2275323
          ]
        ]
      },
      "id": "way/1062100367"
    },
    {
      "type": "Feature",
      "properties": {
        "@id": "way/1062100368",
        "layer": "-1",
        "tunnel": "culvert",
        "waterway": "drain"
      },
      "geometry": {
        "type": "LineString",
        "coordinates": [
          [
            78.4088165,
            17.2275323
          ],
          [
            78.4086359,
            17.2275304
          ]
        ]
      },
      "id": "way/1062100368"
    },
    {
      "type": "Feature",
      "properties": {
        "@id": "way/1062100369",
        "waterway": "drain"
      },
      "geometry": {
        "type": "LineString",
        "coordinates": [
          [
            78.4086359,
            17.2275304
          ],
          [
            78.4085912,
            17.2275299
          ],
          [
            78.4084068,
            17.2277172
          ],
          [
            78.4083915,
            17.2288554
          ]
        ]
      },
      "id": "way/1062100369"
    },
    {
      "type": "Feature",
      "properties": {
        "@id": "way/1062100370",
        "layer": "-1",
        "tunnel": "culvert",
        "waterway": "drain"
      },
      "geometry": {
        "type": "LineString",
        "coordinates": [
          [
            78.4083915,
            17.2288554
          ],
          [
            78.4083896,
            17.2290336
          ]
        ]
      },
      "id": "way/1062100370"
    },
    {
      "type": "Feature",
      "properties": {
        "@id": "way/1062100376",
        "waterway": "drain"
      },
      "geometry": {
        "type": "LineString",
        "coordinates": [
          [
            78.4433519,
            17.2329082
          ],
          [
            78.4421382,
            17.2328941
          ]
        ]
      },
      "id": "way/1062100376"
    },
    {
      "type": "Feature",
      "properties": {
        "@id": "way/1062100377",
        "layer": "-1",
        "tunnel": "culvert",
        "waterway": "drain"
      },
      "geometry": {
        "type": "LineString",
        "coordinates": [
          [
            78.4421382,
            17.2328941
          ],
          [
            78.4417408,
            17.2328889
          ],
          [
            78.4417126,
            17.2328885
          ]
        ]
      },
      "id": "way/1062100377"
    },
    {
      "type": "Feature",
      "properties": {
        "@id": "way/1062100378",
        "waterway": "drain"
      },
      "geometry": {
        "type": "LineString",
        "coordinates": [
          [
            78.4417126,
            17.2328885
          ],
          [
            78.4396932,
            17.2328602
          ]
        ]
      },
      "id": "way/1062100378"
    },
    {
      "type": "Feature",
      "properties": {
        "@id": "way/1062100379",
        "layer": "-1",
        "tunnel": "culvert",
        "waterway": "drain"
      },
      "geometry": {
        "type": "LineString",
        "coordinates": [
          [
            78.4396932,
            17.2328602
          ],
          [
            78.4396502,
            17.2328598
          ],
          [
            78.4393125,
            17.2328564
          ],
          [
            78.4392678,
            17.232856
          ]
        ]
      },
      "id": "way/1062100379"
    },
    {
      "type": "Feature",
      "properties": {
        "@id": "way/1062100380",
        "waterway": "drain"
      },
      "geometry": {
        "type": "LineString",
        "coordinates": [
          [
            78.4392678,
            17.232856
          ],
          [
            78.4379963,
            17.2328405
          ]
        ]
      },
      "id": "way/1062100380"
    },
    {
      "type": "Feature",
      "properties": {
        "@id": "way/1062100381",
        "waterway": "drain"
      },
      "geometry": {
        "type": "LineString",
        "coordinates": [
          [
            78.437441,
            17.2338748
          ],
          [
            78.437449,
            17.2336509
          ],
          [
            78.4374618,
            17.2333855
          ],
          [
            78.4374816,
            17.2328339
          ],
          [
            78.437482,
            17.2328216
          ]
        ]
      },
      "id": "way/1062100381"
    },
    {
      "type": "Feature",
      "properties": {
        "@id": "way/1062100382",
        "layer": "-1",
        "tunnel": "culvert",
        "waterway": "drain"
      },
      "geometry": {
        "type": "LineString",
        "coordinates": [
          [
            78.4379963,
            17.2328405
          ],
          [
            78.4379252,
            17.2328395
          ],
          [
            78.4375836,
            17.2328347
          ],
          [
            78.4375245,
            17.2328339
          ]
        ]
      },
      "id": "way/1062100382"
    },
    {
      "type": "Feature",
      "properties": {
        "@id": "way/1062100383",
        "waterway": "drain"
      },
      "geometry": {
        "type": "LineString",
        "coordinates": [
          [
            78.4375245,
            17.2328339
          ],
          [
            78.4374816,
            17.2328339
          ]
        ]
      },
      "id": "way/1062100383"
    },
    {
      "type": "Feature",
      "properties": {
        "@id": "way/1062100387",
        "waterway": "drain"
      },
      "geometry": {
        "type": "LineString",
        "coordinates": [
          [
            78.4373923,
            17.2363405
          ],
          [
            78.4374133,
            17.2351791
          ]
        ]
      },
      "id": "way/1062100387"
    },
    {
      "type": "Feature",
      "properties": {
        "@id": "way/1062100388",
        "layer": "-1",
        "tunnel": "culvert",
        "waterway": "drain"
      },
      "geometry": {
        "type": "LineString",
        "coordinates": [
          [
            78.4374133,
            17.2351791
          ],
          [
            78.437428,
            17.2343193
          ],
          [
            78.4374283,
            17.2343045
          ]
        ]
      },
      "id": "way/1062100388"
    },
    {
      "type": "Feature",
      "properties": {
        "@id": "way/1062100389",
        "waterway": "drain"
      },
      "geometry": {
        "type": "LineString",
        "coordinates": [
          [
            78.4374283,
            17.2343045
          ],
          [
            78.4374359,
            17.2340191
          ]
        ]
      },
      "id": "way/1062100389"
    },
    {
      "type": "Feature",
      "properties": {
        "@id": "way/1062100390",
        "layer": "-1",
        "tunnel": "culvert",
        "waterway": "drain"
      },
      "geometry": {
        "type": "LineString",
        "coordinates": [
          [
            78.4374359,
            17.2340191
          ],
          [
            78.4374365,
            17.2340001
          ],
          [
            78.4374397,
            17.2339121
          ],
          [
            78.437441,
            17.2338748
          ]
        ]
      },
      "id": "way/1062100390"
    },
    {
      "type": "Feature",
      "properties": {
        "@id": "way/1072242933",
        "waterway": "stream"
      },
      "geometry": {
        "type": "LineString",
        "coordinates": [
          [
            78.5975281,
            17.3047699
          ],
          [
            78.5977241,
            17.3050297
          ],
          [
            78.5980284,
            17.3053116
          ],
          [
            78.5981254,
            17.30537
          ],
          [
            78.5983295,
            17.3053749
          ],
          [
            78.5986612,
            17.305258
          ],
          [
            78.5989266,
            17.3052141
          ],
          [
            78.599391,
            17.3053359
          ],
          [
            78.5996003,
            17.3053116
          ],
          [
            78.5998912,
            17.3049071
          ],
          [
            78.6002025,
            17.304834
          ],
          [
            78.6005598,
            17.3048633
          ],
          [
            78.6010344,
            17.3053359
          ],
          [
            78.6012283,
            17.3055162
          ],
          [
            78.6014018,
            17.3056867
          ],
          [
            78.6016621,
            17.3059498
          ],
          [
            78.6019989,
            17.3063786
          ],
          [
            78.6021163,
            17.3065638
          ],
          [
            78.6024225,
            17.306632
          ],
          [
            78.602739,
            17.3066905
          ],
          [
            78.6031677,
            17.3065248
          ],
          [
            78.6037392,
            17.3062617
          ],
          [
            78.6041475,
            17.3060814
          ],
          [
            78.6046783,
            17.3062568
          ],
          [
            78.6049692,
            17.3064079
          ],
          [
            78.6052601,
            17.3065979
          ],
          [
            78.6054285,
            17.306632
          ],
          [
            78.6054796,
            17.3066807
          ],
          [
            78.6054949,
            17.3067928
          ],
          [
            78.6055,
            17.3069292
          ],
          [
            78.6054336,
            17.3070023
          ],
          [
            78.605648,
            17.3075529
          ],
          [
            78.6058419,
            17.3078063
          ],
          [
            78.6063727,
            17.3081522
          ],
          [
            78.6071127,
            17.3088343
          ]
        ]
      },
      "id": "way/1072242933"
    },
    {
      "type": "Feature",
      "properties": {
        "@id": "way/1072242934",
        "layer": "-1",
        "tunnel": "culvert",
        "waterway": "stream"
      },
      "geometry": {
        "type": "LineString",
        "coordinates": [
          [
            78.6071127,
            17.3088343
          ],
          [
            78.6072119,
            17.3088751
          ]
        ]
      },
      "id": "way/1072242934"
    },
    {
      "type": "Feature",
      "properties": {
        "@id": "way/1079141304",
        "waterway": "canal"
      },
      "geometry": {
        "type": "LineString",
        "coordinates": [
          [
            78.4149863,
            17.3825389
          ],
          [
            78.4149917,
            17.3824068
          ]
        ]
      },
      "id": "way/1079141304"
    },
    {
      "type": "Feature",
      "properties": {
        "@id": "way/1079141305",
        "waterway": "canal"
      },
      "geometry": {
        "type": "LineString",
        "coordinates": [
          [
            78.4149944,
            17.3823426
          ],
          [
            78.4149971,
            17.3822782
          ]
        ]
      },
      "id": "way/1079141305"
    },
    {
      "type": "Feature",
      "properties": {
        "@id": "way/1079141306",
        "waterway": "canal"
      },
      "geometry": {
        "type": "LineString",
        "coordinates": [
          [
            78.4149917,
            17.3824068
          ],
          [
            78.4149944,
            17.3823426
          ]
        ]
      },
      "id": "way/1079141306"
    },
    {
      "type": "Feature",
      "properties": {
        "@id": "way/1079141310",
        "waterway": "canal"
      },
      "geometry": {
        "type": "LineString",
        "coordinates": [
          [
            78.4168372,
            17.3792989
          ],
          [
            78.4167584,
            17.3791131
          ]
        ]
      },
      "id": "way/1079141310"
    },
    {
      "type": "Feature",
      "properties": {
        "@id": "way/1079141314",
        "waterway": "canal"
      },
      "geometry": {
        "type": "LineString",
        "coordinates": [
          [
            78.4167336,
            17.3790546
          ],
          [
            78.4166925,
            17.3789578
          ]
        ]
      },
      "id": "way/1079141314"
    },
    {
      "type": "Feature",
      "properties": {
        "@id": "way/1079141315",
        "layer": "-1",
        "tunnel": "culvert",
        "waterway": "canal"
      },
      "geometry": {
        "type": "LineString",
        "coordinates": [
          [
            78.4167584,
            17.3791131
          ],
          [
            78.4167336,
            17.3790546
          ]
        ]
      },
      "id": "way/1079141315"
    },
    {
      "type": "Feature",
      "properties": {
        "@id": "way/1083196544",
        "designation": "drain from mansarovar to hussain sagar",
        "waterway": "stream"
      },
      "geometry": {
        "type": "LineString",
        "coordinates": [
          [
            78.4827581,
            17.465842
          ],
          [
            78.4824964,
            17.4656195
          ],
          [
            78.4822469,
            17.4653125
          ],
          [
            78.4820672,
            17.4651334
          ],
          [
            78.48185,
            17.4650643
          ],
          [
            78.4813323,
            17.4649518
          ],
          [
            78.4811879,
            17.4649756
          ],
          [
            78.4808575,
            17.4650055
          ],
          [
            78.4806483,
            17.4649876
          ],
          [
            78.4801763,
            17.4647215
          ],
          [
            78.4800609,
            17.4646498
          ],
          [
            78.4797605,
            17.4641714
          ],
          [
            78.4796237,
            17.4641177
          ],
          [
            78.4794118,
            17.4639053
          ],
          [
            78.4792187,
            17.4639334
          ],
          [
            78.479149,
            17.4639283
          ],
          [
            78.4790689,
            17.463767
          ],
          [
            78.479031,
            17.463565
          ],
          [
            78.4790116,
            17.4631644
          ],
          [
            78.4789988,
            17.4628998
          ],
          [
            78.4787958,
            17.4625051
          ],
          [
            78.4786941,
            17.4622996
          ]
        ]
      },
      "id": "way/1083196544"
    },
    {
      "type": "Feature",
      "properties": {
        "@id": "way/1083196545",
        "designation": "drain from mansarovar to hussain sagar",
        "layer": "-1",
        "tunnel": "culvert",
        "waterway": "stream"
      },
      "geometry": {
        "type": "LineString",
        "coordinates": [
          [
            78.4786941,
            17.4622996
          ],
          [
            78.4786493,
            17.4622092
          ]
        ]
      },
      "id": "way/1083196545"
    },
    {
      "type": "Feature",
      "properties": {
        "@id": "way/1172957607",
        "waterway": "canal"
      },
      "geometry": {
        "type": "LineString",
        "coordinates": [
          [
            78.5447798,
            17.3859053
          ],
          [
            78.5439408,
            17.3839508
          ]
        ]
      },
      "id": "way/1172957607"
    },
    {
      "type": "Feature",
      "properties": {
        "@id": "way/1172957624",
        "waterway": "canal"
      },
      "geometry": {
        "type": "LineString",
        "coordinates": [
          [
            78.5413503,
            17.3887816
          ],
          [
            78.5417876,
            17.3883883
          ],
          [
            78.5422485,
            17.3881876
          ]
        ]
      },
      "id": "way/1172957624"
    },
    {
      "type": "Feature",
      "properties": {
        "@id": "way/1187680989",
        "waterway": "canal"
      },
      "geometry": {
        "type": "LineString",
        "coordinates": [
          [
            78.4050478,
            17.2323418
          ],
          [
            78.4050452,
            17.2333022
          ],
          [
            78.4049892,
            17.237085
          ]
        ]
      },
      "id": "way/1187680989"
    },
    {
      "type": "Feature",
      "properties": {
        "@id": "way/1187680990",
        "layer": "-1",
        "tunnel": "culvert",
        "waterway": "canal"
      },
      "geometry": {
        "type": "LineString",
        "coordinates": [
          [
            78.4049892,
            17.237085
          ],
          [
            78.404982,
            17.2374882
          ]
        ]
      },
      "id": "way/1187680990"
    },
    {
      "type": "Feature",
      "properties": {
        "@id": "way/1187680991",
        "waterway": "stream"
      },
      "geometry": {
        "type": "LineString",
        "coordinates": [
          [
            78.404982,
            17.2374882
          ],
          [
            78.4049802,
            17.238
          ],
          [
            78.4050217,
            17.2381706
          ],
          [
            78.405065,
            17.2384016
          ],
          [
            78.4051426,
            17.2385687
          ],
          [
            78.405222,
            17.2386618
          ],
          [
            78.4053086,
            17.2386842
          ],
          [
            78.405379,
            17.2387135
          ],
          [
            78.4054133,
            17.2387824
          ],
          [
            78.4054295,
            17.2388979
          ],
          [
            78.4054656,
            17.2389737
          ],
          [
            78.4055496,
            17.2390662
          ]
        ]
      },
      "id": "way/1187680991"
    },
    {
      "type": "Feature",
      "properties": {
        "@id": "way/1191210427",
        "waterway": "canal"
      },
      "geometry": {
        "type": "LineString",
        "coordinates": [
          [
            78.586287,
            17.2912767
          ],
          [
            78.5869416,
            17.2913624
          ]
        ]
      },
      "id": "way/1191210427"
    },
    {
      "type": "Feature",
      "properties": {
        "@id": "way/1191210428",
        "layer": "-1",
        "tunnel": "culvert",
        "waterway": "canal"
      },
      "geometry": {
        "type": "LineString",
        "coordinates": [
          [
            78.5869416,
            17.2913624
          ],
          [
            78.587136,
            17.2913881
          ]
        ]
      },
      "id": "way/1191210428"
    },
    {
      "type": "Feature",
      "properties": {
        "@id": "way/1205115528",
        "waterway": "drain"
      },
      "geometry": {
        "type": "LineString",
        "coordinates": [
          [
            78.5135984,
            17.4155946
          ],
          [
            78.5134908,
            17.4158189
          ],
          [
            78.5134142,
            17.4160413
          ],
          [
            78.5133701,
            17.4161695
          ],
          [
            78.5133639,
            17.4161953
          ],
          [
            78.5132927,
            17.4164802
          ],
          [
            78.5132831,
            17.4165165
          ]
        ]
      },
      "id": "way/1205115528"
    },
    {
      "type": "Feature",
      "properties": {
        "@id": "way/1205115530",
        "waterway": "drain"
      },
      "geometry": {
        "type": "LineString",
        "coordinates": [
          [
            78.5138396,
            17.41475
          ],
          [
            78.5138141,
            17.4148806
          ],
          [
            78.5138138,
            17.4150551
          ]
        ]
      },
      "id": "way/1205115530"
    },
    {
      "type": "Feature",
      "properties": {
        "@id": "way/1234675452",
        "waterway": "stream"
      },
      "geometry": {
        "type": "LineString",
        "coordinates": [
          [
            78.3584019,
            17.4086157
          ],
          [
            78.3581498,
            17.4084095
          ],
          [
            78.3575856,
            17.4081415
          ],
          [
            78.357528,
            17.4079674
          ],
          [
            78.3576024,
            17.4076467
          ],
          [
            78.3576793,
            17.4074405
          ],
          [
            78.3577057,
            17.4073329
          ],
          [
            78.3577897,
            17.4070145
          ],
          [
            78.3578209,
            17.4068037
          ],
          [
            78.3577777,
            17.4064761
          ],
          [
            78.3577753,
            17.4062975
          ],
          [
            78.3577129,
            17.4061486
          ],
          [
            78.3577201,
            17.4059447
          ],
          [
            78.3578593,
            17.4057958
          ],
          [
            78.3579433,
            17.4056675
          ],
          [
            78.3580105,
            17.4054407
          ],
          [
            78.3579289,
            17.4052277
          ],
          [
            78.3578569,
            17.4050009
          ],
          [
            78.3578521,
            17.4048314
          ],
          [
            78.3578905,
            17.4046
          ],
          [
            78.3579601,
            17.4043618
          ],
          [
            78.3580898,
            17.4041808
          ],
          [
            78.3582386,
            17.4039403
          ],
          [
            78.3583442,
            17.40378
          ],
          [
            78.3585195,
            17.4035875
          ],
          [
            78.3587475,
            17.4033585
          ],
          [
            78.358942,
            17.4031821
          ],
          [
            78.3591941,
            17.4027812
          ],
          [
            78.3592613,
            17.4025842
          ],
          [
            78.3593141,
            17.4024193
          ],
          [
            78.3594125,
            17.4021948
          ],
          [
            78.3595182,
            17.4019107
          ],
          [
            78.3595734,
            17.4016725
          ],
          [
            78.3595974,
            17.4014961
          ],
          [
            78.3595398,
            17.4012418
          ],
          [
            78.3593597,
            17.4010654
          ],
          [
            78.3591076,
            17.4008409
          ],
          [
            78.3589228,
            17.4006691
          ],
          [
            78.3588172,
            17.4005042
          ],
          [
            78.3587932,
            17.4003667
          ],
          [
            78.3588357,
            17.4003055
          ],
          [
            78.3589044,
            17.4002067
          ],
          [
            78.3589492,
            17.4001422
          ],
          [
            78.3592493,
            17.4003346
          ],
          [
            78.3594437,
            17.4004538
          ],
          [
            78.3598999,
            17.4006164
          ],
          [
            78.360616,
            17.4006887
          ],
          [
            78.3608705,
            17.4007878
          ],
          [
            78.3610848,
            17.400791
          ],
          [
            78.3610948,
            17.4006759
          ],
          [
            78.3611216,
            17.4005226
          ]
        ]
      },
      "id": "way/1234675452"
    },
    {
      "type": "Feature",
      "properties": {
        "@id": "way/1234964849",
        "waterway": "stream"
      },
      "geometry": {
        "type": "LineString",
        "coordinates": [
          [
            78.3412712,
            17.4027759
          ],
          [
            78.3414357,
            17.4029139
          ],
          [
            78.3417192,
            17.4030004
          ],
          [
            78.3423514,
            17.4028543
          ],
          [
            78.3424988,
            17.4027786
          ],
          [
            78.3425981,
            17.4026541
          ],
          [
            78.342805,
            17.4025757
          ],
          [
            78.3429638,
            17.4025811
          ],
          [
            78.3430772,
            17.4024837
          ],
          [
            78.3431367,
            17.4023349
          ],
          [
            78.3431878,
            17.4021915
          ],
          [
            78.34327,
            17.4020914
          ],
          [
            78.3434968,
            17.4020211
          ],
          [
            78.3436641,
            17.4020157
          ],
          [
            78.3438143,
            17.4020563
          ],
          [
            78.3440861,
            17.4021312
          ],
          [
            78.3442782,
            17.4021839
          ],
          [
            78.3445447,
            17.4022915
          ],
          [
            78.3446815,
            17.4023236
          ],
          [
            78.3449048,
            17.4023923
          ],
          [
            78.3450416,
            17.4025069
          ],
          [
            78.3451952,
            17.4026833
          ],
          [
            78.3453201,
            17.402752
          ],
          [
            78.3454281,
            17.402807
          ],
          [
            78.3454401,
            17.4029329
          ],
          [
            78.3453825,
            17.4030864
          ],
          [
            78.3453681,
            17.4032239
          ],
          [
            78.3454557,
            17.4033433
          ],
          [
            78.3456081,
            17.4034678
          ],
          [
            78.3456963,
            17.4034864
          ],
          [
            78.3457954,
            17.4034804
          ],
          [
            78.3462011,
            17.4033839
          ],
          [
            78.346497,
            17.4034395
          ],
          [
            78.346617,
            17.403735
          ],
          [
            78.3467173,
            17.40382
          ],
          [
            78.346847,
            17.4038529
          ],
          [
            78.3471073,
            17.403833
          ],
          [
            78.3473223,
            17.4038088
          ],
          [
            78.3474448,
            17.4037993
          ],
          [
            78.3476391,
            17.4039248
          ],
          [
            78.3477759,
            17.4040577
          ],
          [
            78.347884,
            17.4041173
          ],
          [
            78.348064,
            17.4041356
          ],
          [
            78.3482969,
            17.4041241
          ],
          [
            78.3484121,
            17.4041562
          ],
          [
            78.3484889,
            17.4042387
          ],
          [
            78.3486306,
            17.4042982
          ],
          [
            78.3487362,
            17.4042753
          ],
          [
            78.348873,
            17.4042295
          ],
          [
            78.3489931,
            17.4041196
          ],
          [
            78.3490651,
            17.4039546
          ],
          [
            78.3490747,
            17.4038722
          ],
          [
            78.349135,
            17.4037063
          ],
          [
            78.3492646,
            17.4036147
          ],
          [
            78.3494231,
            17.4035162
          ],
          [
            78.3495023,
            17.4033902
          ],
          [
            78.3495671,
            17.403184
          ],
          [
            78.3495983,
            17.4029939
          ],
          [
            78.3496415,
            17.4028198
          ],
          [
            78.3497592,
            17.4026434
          ],
          [
            78.3498744,
            17.4024854
          ],
          [
            78.349956,
            17.4022907
          ],
          [
            78.3500448,
            17.402112
          ],
          [
            78.3501361,
            17.4019814
          ],
          [
            78.3503281,
            17.4018508
          ],
          [
            78.350501,
            17.4016538
          ],
          [
            78.350609,
            17.4015003
          ]
        ]
      },
      "id": "way/1234964849"
    },
    {
      "type": "Feature",
      "properties": {
        "@id": "way/1234969845",
        "waterway": "stream"
      },
      "geometry": {
        "type": "LineString",
        "coordinates": [
          [
            78.3624103,
            17.4062766
          ],
          [
            78.3623479,
            17.4063843
          ],
          [
            78.3621726,
            17.4066042
          ],
          [
            78.3620478,
            17.4068424
          ],
          [
            78.3619638,
            17.4071059
          ],
          [
            78.3618749,
            17.4073212
          ],
          [
            78.3618629,
            17.4075274
          ],
          [
            78.3618557,
            17.4077427
          ],
          [
            78.3617261,
            17.4079099
          ],
          [
            78.3614284,
            17.4079878
          ],
          [
            78.3610923,
            17.4080748
          ],
          [
            78.3608307,
            17.4082489
          ],
          [
            78.3606434,
            17.4084161
          ],
          [
            78.3605378,
            17.4085101
          ],
          [
            78.3603841,
            17.4085192
          ],
          [
            78.3602281,
            17.4083543
          ],
          [
            78.3601225,
            17.4082054
          ],
          [
            78.3599688,
            17.4081046
          ],
          [
            78.3597144,
            17.408068
          ],
          [
            78.3595151,
            17.4081115
          ],
          [
            78.3593038,
            17.4081939
          ],
          [
            78.3589918,
            17.4083635
          ],
          [
            78.3588933,
            17.4084688
          ]
        ]
      },
      "id": "way/1234969845"
    },
    {
      "type": "Feature",
      "properties": {
        "@id": "way/1275208910",
        "waterway": "ditch"
      },
      "geometry": {
        "type": "LineString",
        "coordinates": [
          [
            78.622858,
            17.3049502
          ],
          [
            78.6231195,
            17.305125
          ],
          [
            78.6239435,
            17.3051905
          ],
          [
            78.6248533,
            17.3053216
          ],
          [
            78.6265528,
            17.3053544
          ],
          [
            78.6272909,
            17.3056494
          ],
          [
            78.6282351,
            17.3058625
          ],
          [
            78.6290419,
            17.3066819
          ],
          [
            78.6311705,
            17.3077636
          ]
        ]
      },
      "id": "way/1275208910"
    },
    {
      "type": "Feature",
      "properties": {
        "@id": "way/1275208911",
        "layer": "-1",
        "tunnel": "culvert",
        "waterway": "stream"
      },
      "geometry": {
        "type": "LineString",
        "coordinates": [
          [
            78.6227675,
            17.3048897
          ],
          [
            78.622858,
            17.3049502
          ]
        ]
      },
      "id": "way/1275208911"
    },
    {
      "type": "Feature",
      "properties": {
        "@id": "way/1275208914",
        "waterway": "stream"
      },
      "geometry": {
        "type": "LineString",
        "coordinates": [
          [
            78.6196509,
            17.3102005
          ],
          [
            78.6194224,
            17.3096995
          ],
          [
            78.6193623,
            17.3079623
          ],
          [
            78.6195254,
            17.3079705
          ],
          [
            78.6197314,
            17.3072576
          ],
          [
            78.61974,
            17.3070199
          ],
          [
            78.620006,
            17.3067085
          ],
          [
            78.6201262,
            17.3063726
          ],
          [
            78.6205897,
            17.3064054
          ],
          [
            78.6211476,
            17.3062824
          ],
          [
            78.6213278,
            17.3062251
          ],
          [
            78.6214394,
            17.306094
          ],
          [
            78.6213278,
            17.3059301
          ],
          [
            78.6213879,
            17.3056842
          ],
          [
            78.6213707,
            17.3049221
          ],
          [
            78.6219351,
            17.30483
          ],
          [
            78.6226046,
            17.3047808
          ],
          [
            78.6227675,
            17.3048897
          ]
        ]
      },
      "id": "way/1275208914"
    },
    {
      "type": "Feature",
      "properties": {
        "@id": "way/1275208915",
        "layer": "-1",
        "tunnel": "culvert",
        "waterway": "stream"
      },
      "geometry": {
        "type": "LineString",
        "coordinates": [
          [
            78.6181363,
            17.311407
          ],
          [
            78.6182157,
            17.3113924
          ]
        ]
      },
      "id": "way/1275208915"
    },
    {
      "type": "Feature",
      "properties": {
        "@id": "way/1275208916",
        "waterway": "stream"
      },
      "geometry": {
        "type": "LineString",
        "coordinates": [
          [
            78.6182157,
            17.3113924
          ],
          [
            78.6182307,
            17.3113896
          ],
          [
            78.6182736,
            17.3114101
          ],
          [
            78.6184635,
            17.3113486
          ],
          [
            78.6186534,
            17.311323
          ],
          [
            78.6196627,
            17.31124
          ],
          [
            78.6199717,
            17.3109041
          ],
          [
            78.6196944,
            17.3102959
          ]
        ]
      },
      "id": "way/1275208916"
    },
    {
      "type": "Feature",
      "properties": {
        "@id": "way/1275208917",
        "layer": "-1",
        "tunnel": "culvert",
        "waterway": "stream"
      },
      "geometry": {
        "type": "LineString",
        "coordinates": [
          [
            78.6196944,
            17.3102959
          ],
          [
            78.6196509,
            17.3102005
          ]
        ]
      },
      "id": "way/1275208917"
    },
    {
      "type": "Feature",
      "properties": {
        "@id": "way/1283214327",
        "waterway": "canal"
      },
      "geometry": {
        "type": "LineString",
        "coordinates": [
          [
            78.4125361,
            17.3855943
          ],
          [
            78.4129099,
            17.3849447
          ],
          [
            78.4130275,
            17.3849526
          ],
          [
            78.4131126,
            17.3849057
          ],
          [
            78.4133078,
            17.3848915
          ],
          [
            78.4135291,
            17.3846093
          ],
          [
            78.4138788,
            17.3845407
          ],
          [
            78.41393,
            17.3845254
          ]
        ]
      },
      "id": "way/1283214327"
    },
    {
      "type": "Feature",
      "properties": {
        "@id": "way/1283214328",
        "layer": "-1",
        "tunnel": "culvert",
        "waterway": "canal"
      },
      "geometry": {
        "type": "LineString",
        "coordinates": [
          [
            78.41393,
            17.3845254
          ],
          [
            78.4140504,
            17.3844974
          ]
        ]
      },
      "id": "way/1283214328"
    },
    {
      "type": "Feature",
      "properties": {
        "@id": "way/1283214329",
        "layer": "-1",
        "tunnel": "culvert",
        "waterway": "canal"
      },
      "geometry": {
        "type": "LineString",
        "coordinates": [
          [
            78.4140504,
            17.3844974
          ],
          [
            78.4141638,
            17.3844761
          ]
        ]
      },
      "id": "way/1283214329"
    },
    {
      "type": "Feature",
      "properties": {
        "@id": "way/1288326248",
        "waterway": "canal"
      },
      "geometry": {
        "type": "LineString",
        "coordinates": [
          [
            78.587136,
            17.2913881
          ],
          [
            78.5873279,
            17.2914129
          ],
          [
            78.587513,
            17.291381
          ],
          [
            78.5876708,
            17.2915607
          ],
          [
            78.5878863,
            17.291862
          ],
          [
            78.5879985,
            17.2919721
          ],
          [
            78.5880592,
            17.2921315
          ],
          [
            78.5880987,
            17.2923893
          ],
          [
            78.5881988,
            17.2925748
          ],
          [
            78.5883475,
            17.2927341
          ],
          [
            78.588475,
            17.2928326
          ],
          [
            78.5884932,
            17.2929949
          ],
          [
            78.588441,
            17.2931633
          ],
          [
            78.5883938,
            17.2934296
          ],
          [
            78.5883981,
            17.2935894
          ],
          [
            78.5883251,
            17.2940975
          ],
          [
            78.5882522,
            17.2943843
          ],
          [
            78.5883723,
            17.2946957
          ],
          [
            78.5885729,
            17.2948453
          ],
          [
            78.5886073,
            17.2951485
          ],
          [
            78.5886502,
            17.2954927
          ],
          [
            78.588736,
            17.2957877
          ],
          [
            78.5889506,
            17.2961811
          ],
          [
            78.5890148,
            17.2963412
          ]
        ]
      },
      "id": "way/1288326248"
    },
    {
      "type": "Feature",
      "properties": {
        "@id": "way/1288326249",
        "layer": "-1",
        "tunnel": "culvert",
        "waterway": "canal"
      },
      "geometry": {
        "type": "LineString",
        "coordinates": [
          [
            78.5890148,
            17.2963412
          ],
          [
            78.5890274,
            17.2963724
          ]
        ]
      },
      "id": "way/1288326249"
    },
    {
      "type": "Feature",
      "properties": {
        "@id": "way/1288326250",
        "waterway": "canal"
      },
      "geometry": {
        "type": "LineString",
        "coordinates": [
          [
            78.5890274,
            17.2963724
          ],
          [
            78.58924,
            17.2969022
          ]
        ]
      },
      "id": "way/1288326250"
    },
    {
      "type": "Feature",
      "properties": {
        "@id": "way/1288326251",
        "layer": "-1",
        "tunnel": "culvert",
        "waterway": "canal"
      },
      "geometry": {
        "type": "LineString",
        "coordinates": [
          [
            78.58924,
            17.2969022
          ],
          [
            78.5892552,
            17.2969403
          ]
        ]
      },
      "id": "way/1288326251"
    },
    {
      "type": "Feature",
      "properties": {
        "@id": "way/1289072311",
        "waterway": "stream"
      },
      "geometry": {
        "type": "LineString",
        "coordinates": [
          [
            78.3534662,
            17.4015416
          ],
          [
            78.3538112,
            17.4016939
          ],
          [
            78.3541293,
            17.4021763
          ],
          [
            78.3543637,
            17.4024064
          ],
          [
            78.3545713,
            17.4023776
          ],
          [
            78.354742,
            17.4024511
          ],
          [
            78.3549128,
            17.4025278
          ],
          [
            78.3551204,
            17.4025853
          ],
          [
            78.3554117,
            17.4026236
          ],
          [
            78.3557666,
            17.4025757
          ],
          [
            78.3562387,
            17.4024223
          ],
          [
            78.356684,
            17.402285
          ],
          [
            78.3569151,
            17.4022083
          ],
          [
            78.3570657,
            17.4019623
          ],
          [
            78.357347,
            17.4015693
          ],
          [
            78.3576416,
            17.4011954
          ],
          [
            78.3578794,
            17.4011443
          ],
          [
            78.3582644,
            17.4009015
          ],
          [
            78.3586093,
            17.4007513
          ],
          [
            78.3589228,
            17.4006691
          ]
        ]
      },
      "id": "way/1289072311"
    },
    {
      "type": "Feature",
      "properties": {
        "@id": "way/1289072312",
        "layer": "-1",
        "tunnel": "culvert",
        "waterway": "stream"
      },
      "geometry": {
        "type": "LineString",
        "coordinates": [
          [
            78.3531177,
            17.4013858
          ],
          [
            78.3534662,
            17.4015416
          ]
        ]
      },
      "id": "way/1289072312"
    },
    {
      "type": "Feature",
      "properties": {
        "@id": "way/1289172095",
        "waterway": "canal"
      },
      "geometry": {
        "type": "LineString",
        "coordinates": [
          [
            78.6013923,
            17.3175691
          ],
          [
            78.6014794,
            17.3171743
          ],
          [
            78.6014894,
            17.3171288
          ],
          [
            78.6014227,
            17.3167232
          ],
          [
            78.6013604,
            17.3165261
          ],
          [
            78.6014615,
            17.3163453
          ],
          [
            78.6014746,
            17.3163361
          ],
          [
            78.6015817,
            17.3162611
          ],
          [
            78.6016546,
            17.316204
          ],
          [
            78.6018025,
            17.3160541
          ],
          [
            78.6020371,
            17.3158905
          ]
        ]
      },
      "id": "way/1289172095"
    },
    {
      "type": "Feature",
      "properties": {
        "@id": "way/1296626563",
        "source": "bing",
        "waterway": "drain"
      },
      "geometry": {
        "type": "LineString",
        "coordinates": [
          [
            78.4127086,
            17.5094872
          ],
          [
            78.4126672,
            17.5094319
          ],
          [
            78.4126088,
            17.5093286
          ],
          [
            78.4125687,
            17.5092265
          ],
          [
            78.4125687,
            17.5090965
          ],
          [
            78.4127585,
            17.5089305
          ],
          [
            78.4128644,
            17.5088748
          ],
          [
            78.4129082,
            17.5088644
          ],
          [
            78.4130677,
            17.5087866
          ],
          [
            78.4131468,
            17.5087367
          ],
          [
            78.4132478,
            17.5086961
          ],
          [
            78.4133439,
            17.5086311
          ],
          [
            78.4134498,
            17.5085626
          ],
          [
            78.4135691,
            17.508472
          ],
          [
            78.4136823,
            17.5083803
          ],
          [
            78.413748,
            17.5083351
          ],
          [
            78.4138356,
            17.5082631
          ],
          [
            78.4138758,
            17.5082051
          ],
          [
            78.4139062,
            17.5081563
          ],
          [
            78.4139464,
            17.5080565
          ],
          [
            78.4139768,
            17.5079161
          ],
          [
            78.4140048,
            17.5077594
          ],
          [
            78.4140109,
            17.5076688
          ],
          [
            78.4140109,
            17.5075702
          ],
          [
            78.4139646,
            17.5073926
          ],
          [
            78.4139598,
            17.5072951
          ],
          [
            78.4139391,
            17.5070618
          ],
          [
            78.4139147,
            17.5068993
          ],
          [
            78.4139366,
            17.5068598
          ],
          [
            78.4139817,
            17.5068331
          ],
          [
            78.4140462,
            17.5068227
          ],
          [
            78.414101,
            17.5067902
          ],
          [
            78.4141448,
            17.5067646
          ],
          [
            78.4142166,
            17.5067171
          ],
          [
            78.4143492,
            17.5066648
          ],
          [
            78.4143991,
            17.506637
          ],
          [
            78.4144344,
            17.5066254
          ],
          [
            78.4144624,
            17.5066288
          ],
          [
            78.4144807,
            17.5066207
          ],
          [
            78.4145014,
            17.506601
          ],
          [
            78.4144989,
            17.5065731
          ],
          [
            78.4144941,
            17.5064269
          ],
          [
            78.4144795,
            17.5063305
          ],
          [
            78.4144563,
            17.5062272
          ],
          [
            78.4144125,
            17.5061112
          ],
          [
            78.4143553,
            17.5059777
          ],
          [
            78.4142945,
            17.5059057
          ],
          [
            78.4140486,
            17.5056353
          ],
          [
            78.4139817,
            17.5056039
          ],
          [
            78.4139135,
            17.5055726
          ],
          [
            78.4138515,
            17.5055122
          ],
          [
            78.4138283,
            17.5054391
          ],
          [
            78.4137736,
            17.5052348
          ],
          [
            78.4137736,
            17.5051373
          ],
          [
            78.4137821,
            17.5050143
          ]
        ]
      },
      "id": "way/1296626563"
    },
    {
      "type": "Feature",
      "properties": {
        "@id": "way/1296626564",
        "layer": "-1",
        "source": "bing",
        "tunnel": "culvert",
        "waterway": "drain"
      },
      "geometry": {
        "type": "LineString",
        "coordinates": [
          [
            78.4137821,
            17.5050143
          ],
          [
            78.4138229,
            17.5049139
          ]
        ]
      },
      "id": "way/1296626564"
    },
    {
      "type": "Feature",
      "properties": {
        "@id": "way/1301719202",
        "waterway": "canal"
      },
      "geometry": {
        "type": "LineString",
        "coordinates": [
          [
            78.5892552,
            17.2969403
          ],
          [
            78.589457,
            17.2974431
          ],
          [
            78.5893626,
            17.2976644
          ],
          [
            78.5892939,
            17.2980331
          ],
          [
            78.5894055,
            17.2982216
          ],
          [
            78.5895514,
            17.2983609
          ],
          [
            78.5896544,
            17.298574
          ],
          [
            78.5898003,
            17.2987297
          ],
          [
            78.5899033,
            17.2989304
          ],
          [
            78.5900063,
            17.2991312
          ],
          [
            78.5901265,
            17.2994262
          ],
          [
            78.5901608,
            17.2996639
          ],
          [
            78.590075,
            17.2998524
          ],
          [
            78.5902466,
            17.2999015
          ],
          [
            78.590487,
            17.300131
          ],
          [
            78.5906071,
            17.3003932
          ],
          [
            78.5905985,
            17.3006309
          ],
          [
            78.5904011,
            17.3007292
          ],
          [
            78.5901483,
            17.3008205
          ]
        ]
      },
      "id": "way/1301719202"
    },
    {
      "type": "Feature",
      "properties": {
        "@id": "way/1301719203",
        "layer": "-1",
        "tunnel": "culvert",
        "waterway": "canal"
      },
      "geometry": {
        "type": "LineString",
        "coordinates": [
          [
            78.5901483,
            17.3008205
          ],
          [
            78.5900836,
            17.3008439
          ]
        ]
      },
      "id": "way/1301719203"
    },
    {
      "type": "Feature",
      "properties": {
        "@id": "way/1302495714",
        "waterway": "stream"
      },
      "geometry": {
        "type": "LineString",
        "coordinates": [
          [
            78.6139672,
            17.4719661
          ],
          [
            78.6140234,
            17.4718781
          ],
          [
            78.6142358,
            17.471872
          ],
          [
            78.6142968,
            17.4718587
          ]
        ]
      },
      "id": "way/1302495714"
    },
    {
      "type": "Feature",
      "properties": {
        "@id": "way/1302495715",
        "layer": "-1",
        "tunnel": "culvert",
        "waterway": "stream"
      },
      "geometry": {
        "type": "LineString",
        "coordinates": [
          [
            78.6142968,
            17.4718587
          ],
          [
            78.6144218,
            17.4718278
          ]
        ]
      },
      "id": "way/1302495715"
    },
    {
      "type": "Feature",
      "properties": {
        "@id": "way/1308306355",
        "waterway": "canal"
      },
      "geometry": {
        "type": "LineString",
        "coordinates": [
          [
            78.4561317,
            17.4618152
          ],
          [
            78.4561302,
            17.4617385
          ],
          [
            78.4556724,
            17.4609306
          ],
          [
            78.4552546,
            17.4603494
          ],
          [
            78.4546271,
            17.4597148
          ],
          [
            78.4545144,
            17.4594334
          ],
          [
            78.4544501,
            17.4591699
          ],
          [
            78.4544608,
            17.4587912
          ],
          [
            78.4545064,
            17.4585814
          ],
          [
            78.4545297,
            17.4584429
          ],
          [
            78.4546781,
            17.4581055
          ],
          [
            78.4549463,
            17.4575144
          ],
          [
            78.4549704,
            17.4570769
          ],
          [
            78.4549463,
            17.4569208
          ],
          [
            78.454847,
            17.456734
          ],
          [
            78.4546888,
            17.4565012
          ],
          [
            78.4544528,
            17.4560253
          ],
          [
            78.4542114,
            17.4557157
          ],
          [
            78.4538841,
            17.4553472
          ],
          [
            78.4535354,
            17.4549276
          ],
          [
            78.4534872,
            17.4547229
          ],
          [
            78.4534791,
            17.4545591
          ],
          [
            78.4535032,
            17.4544082
          ],
          [
            78.4535542,
            17.4542265
          ],
          [
            78.4537071,
            17.4538542
          ],
          [
            78.4538418,
            17.453673
          ]
        ]
      },
      "id": "way/1308306355"
    },
    {
      "type": "Feature",
      "properties": {
        "@id": "way/1308306356",
        "layer": "-1",
        "tunnel": "culvert",
        "waterway": "canal"
      },
      "geometry": {
        "type": "LineString",
        "coordinates": [
          [
            78.4560756,
            17.4621433
          ],
          [
            78.4561317,
            17.4618152
          ]
        ]
      },
      "id": "way/1308306356"
    },
    {
      "type": "Feature",
      "properties": {
        "@id": "way/1315774713",
        "waterway": "stream"
      },
      "geometry": {
        "type": "LineString",
        "coordinates": [
          [
            78.6437828,
            17.3151937
          ],
          [
            78.6440436,
            17.3152955
          ],
          [
            78.644174,
            17.3153352
          ],
          [
            78.6443281,
            17.3153465
          ],
          [
            78.6445059,
            17.3153408
          ],
          [
            78.6446363,
            17.3153012
          ],
          [
            78.6447668,
            17.315205
          ],
          [
            78.6448497,
            17.3150918
          ],
          [
            78.6449386,
            17.3150239
          ],
          [
            78.6450394,
            17.3149956
          ],
          [
            78.645152,
            17.31499
          ],
          [
            78.6452943,
            17.3149956
          ],
          [
            78.6454069,
            17.31499
          ],
          [
            78.6455195,
            17.3149673
          ],
          [
            78.6456855,
            17.314973
          ],
          [
            78.6458218,
            17.314973
          ],
          [
            78.6459226,
            17.3149786
          ],
          [
            78.6460928,
            17.3150385
          ],
          [
            78.6462486,
            17.3151145
          ],
          [
            78.646379,
            17.3151484
          ],
          [
            78.6464679,
            17.3151711
          ],
          [
            78.6465154,
            17.315222
          ],
          [
            78.646545,
            17.3153069
          ],
          [
            78.6465865,
            17.3153917
          ],
          [
            78.6466517,
            17.315454
          ],
          [
            78.6467288,
            17.3155162
          ],
          [
            78.6467584,
            17.3156351
          ],
          [
            78.6467702,
            17.3157539
          ],
          [
            78.6467525,
            17.3158954
          ],
          [
            78.646705,
            17.3160425
          ],
          [
            78.6466932,
            17.3161613
          ],
          [
            78.6467525,
            17.3163028
          ],
          [
            78.6467406,
            17.3164217
          ],
          [
            78.6466991,
            17.3165575
          ],
          [
            78.6466102,
            17.316648
          ],
          [
            78.6465331,
            17.3167612
          ],
          [
            78.6464917,
            17.316897
          ],
          [
            78.6464739,
            17.3170328
          ],
          [
            78.6464739,
            17.3171347
          ],
          [
            78.6465272,
            17.3172365
          ],
          [
            78.6465746,
            17.3173157
          ],
          [
            78.646628,
            17.3174233
          ],
          [
            78.6466873,
            17.3175364
          ],
          [
            78.646788,
            17.3176496
          ],
          [
            78.646871,
            17.3177345
          ],
          [
            78.6470073,
            17.3178194
          ],
          [
            78.6470963,
            17.317842
          ],
          [
            78.6472682,
            17.317842
          ],
          [
            78.647446,
            17.3178364
          ],
          [
            78.6475942,
            17.317842
          ],
          [
            78.6477305,
            17.3178929
          ],
          [
            78.6478431,
            17.3179326
          ],
          [
            78.6479498,
            17.3179439
          ],
          [
            78.6481573,
            17.3179609
          ],
          [
            78.6483529,
            17.3179609
          ],
          [
            78.6485544,
            17.3179439
          ],
          [
            78.64875,
            17.3179156
          ],
          [
            78.6489397,
            17.3178816
          ],
          [
            78.6491294,
            17.3178307
          ],
          [
            78.6492776,
            17.3177741
          ],
          [
            78.6494139,
            17.3177515
          ],
          [
            78.6495739,
            17.3176836
          ],
          [
            78.6497162,
            17.3176723
          ],
          [
            78.6498525,
            17.3176383
          ],
          [
            78.6500541,
            17.3175364
          ],
          [
            78.6501252,
            17.3175138
          ],
          [
            78.6502912,
            17.3174742
          ],
          [
            78.6504275,
            17.3174402
          ],
          [
            78.6505994,
            17.3173667
          ],
          [
            78.6507832,
            17.3173157
          ],
          [
            78.6509432,
            17.3172535
          ],
          [
            78.6510677,
            17.317146
          ],
          [
            78.6511329,
            17.3170385
          ],
          [
            78.6511684,
            17.316897
          ],
          [
            78.651121,
            17.3167499
          ],
          [
            78.6510321,
            17.316665
          ],
          [
            78.6508365,
            17.3165914
          ],
          [
            78.650718,
            17.3165179
          ],
          [
            78.6505935,
            17.3163707
          ],
          [
            78.6505401,
            17.3162858
          ],
          [
            78.6504512,
            17.3161896
          ],
          [
            78.6504097,
            17.3160765
          ],
          [
            78.6503919,
            17.315935
          ],
          [
            78.6504216,
            17.3157652
          ],
          [
            78.6504631,
            17.3156464
          ],
          [
            78.6505401,
            17.3155389
          ],
          [
            78.6506883,
            17.315437
          ],
          [
            78.6508365,
            17.3152559
          ],
          [
            78.6509076,
            17.3151484
          ],
          [
            78.6510878,
            17.314964
          ]
        ]
      },
      "id": "way/1315774713"
    },
    {
      "type": "Feature",
      "properties": {
        "@id": "way/1315774714",
        "waterway": "stream"
      },
      "geometry": {
        "type": "LineString",
        "coordinates": [
          [
            78.6483647,
            17.3120869
          ],
          [
            78.6484299,
            17.3122114
          ],
          [
            78.6484951,
            17.3124038
          ],
          [
            78.6485248,
            17.312517
          ],
          [
            78.6485722,
            17.3126019
          ],
          [
            78.6486789,
            17.3127377
          ],
          [
            78.6487619,
            17.3128905
          ],
          [
            78.6488449,
            17.3129924
          ],
          [
            78.6489634,
            17.3130433
          ],
          [
            78.6490701,
            17.3130659
          ],
          [
            78.6491472,
            17.3130433
          ],
          [
            78.6492479,
            17.3130376
          ],
          [
            78.6493428,
            17.3130942
          ],
          [
            78.6494376,
            17.3131961
          ],
          [
            78.6495325,
            17.313298
          ],
          [
            78.6496451,
            17.3133659
          ],
          [
            78.6497221,
            17.3134111
          ],
          [
            78.649811,
            17.3134677
          ],
          [
            78.6498585,
            17.3135413
          ],
          [
            78.6499592,
            17.3135979
          ],
          [
            78.65006,
            17.3137224
          ],
          [
            78.6501252,
            17.3138356
          ],
          [
            78.6501786,
            17.3139657
          ],
          [
            78.6502793,
            17.3141242
          ],
          [
            78.6504038,
            17.3142883
          ],
          [
            78.6505401,
            17.3144071
          ],
          [
            78.650629,
            17.3145259
          ],
          [
            78.6506942,
            17.3146787
          ],
          [
            78.6507535,
            17.314758
          ],
          [
            78.6508543,
            17.3148259
          ],
          [
            78.6510878,
            17.314964
          ]
        ]
      },
      "id": "way/1315774714"
    },
    {
      "type": "Feature",
      "properties": {
        "@id": "way/1333441039",
        "waterway": "stream"
      },
      "geometry": {
        "type": "LineString",
        "coordinates": [
          [
            78.3510219,
            17.401104
          ],
          [
            78.3511827,
            17.4010468
          ],
          [
            78.3514276,
            17.4009964
          ],
          [
            78.3516461,
            17.4009872
          ],
          [
            78.352011,
            17.4010697
          ],
          [
            78.352179,
            17.4011567
          ],
          [
            78.3525175,
            17.4014682
          ],
          [
            78.3531177,
            17.4013858
          ]
        ]
      },
      "id": "way/1333441039"
    },
    {
      "type": "Feature",
      "properties": {
        "@id": "way/1333441040",
        "layer": "-1",
        "tunnel": "culvert",
        "waterway": "stream"
      },
      "geometry": {
        "type": "LineString",
        "coordinates": [
          [
            78.350609,
            17.4015003
          ],
          [
            78.3510219,
            17.401104
          ]
        ]
      },
      "id": "way/1333441040"
    },
    {
      "type": "Feature",
      "properties": {
        "@id": "way/1339812365",
        "intermittent": "yes",
        "waterway": "stream"
      },
      "geometry": {
        "type": "LineString",
        "coordinates": [
          [
            78.6423129,
            17.2219154
          ],
          [
            78.6423898,
            17.2226523
          ],
          [
            78.6428189,
            17.223841
          ],
          [
            78.6441761,
            17.2253116
          ],
          [
            78.6449271,
            17.2258598
          ],
          [
            78.6456567,
            17.2269
          ],
          [
            78.6464024,
            17.2282987
          ],
          [
            78.6468905,
            17.2289341
          ],
          [
            78.64703,
            17.2294157
          ]
        ]
      },
      "id": "way/1339812365"
    },
    {
      "type": "Feature",
      "properties": {
        "@id": "way/1339812373",
        "intermittent": "yes",
        "waterway": "stream"
      },
      "geometry": {
        "type": "LineString",
        "coordinates": [
          [
            78.6313069,
            17.2062808
          ],
          [
            78.6326694,
            17.2069111
          ],
          [
            78.6337262,
            17.207239
          ],
          [
            78.6350137,
            17.207403
          ],
          [
            78.6361563,
            17.2072851
          ],
          [
            78.6368912,
            17.2072031
          ],
          [
            78.6373441,
            17.2071738
          ],
          [
            78.6374432,
            17.2071674
          ],
          [
            78.6383182,
            17.2071109
          ],
          [
            78.6391872,
            17.2076848
          ],
          [
            78.6408341,
            17.2083254
          ],
          [
            78.6418104,
            17.2083356
          ],
          [
            78.6422771,
            17.2084381
          ],
          [
            78.6424085,
            17.2085446
          ]
        ]
      },
      "id": "way/1339812373"
    },
    {
      "type": "Feature",
      "properties": {
        "@id": "way/1339862109",
        "intermittent": "yes",
        "waterway": "stream"
      },
      "geometry": {
        "type": "LineString",
        "coordinates": [
          [
            78.6404368,
            17.2142102
          ],
          [
            78.6403851,
            17.2142716
          ]
        ]
      },
      "id": "way/1339862109"
    },
    {
      "type": "Feature",
      "properties": {
        "@id": "way/1339909726",
        "intermittent": "yes",
        "waterway": "stream"
      },
      "geometry": {
        "type": "LineString",
        "coordinates": [
          [
            78.6403851,
            17.2142716
          ],
          [
            78.6403727,
            17.2142899
          ],
          [
            78.6400938,
            17.2148228
          ],
          [
            78.6399811,
            17.2156478
          ],
          [
            78.6401743,
            17.216565
          ],
          [
            78.6409146,
            17.2177846
          ],
          [
            78.6420625,
            17.2194652
          ],
          [
            78.6421698,
            17.2200084
          ],
          [
            78.6422235,
            17.2210588
          ],
          [
            78.6423129,
            17.2219154
          ]
        ]
      },
      "id": "way/1339909726"
    },
    {
      "type": "Feature",
      "properties": {
        "@id": "way/1344590338",
        "layer": "1",
        "waterway": "stream"
      },
      "geometry": {
        "type": "LineString",
        "coordinates": [
          [
            78.581738,
            17.4103934
          ],
          [
            78.5817344,
            17.4103825
          ],
          [
            78.5814978,
            17.4102508
          ],
          [
            78.5814535,
            17.4100297
          ],
          [
            78.5815323,
            17.4099027
          ],
          [
            78.5816753,
            17.4097427
          ],
          [
            78.5819366,
            17.4096016
          ],
          [
            78.5821633,
            17.4094934
          ],
          [
            78.5827845,
            17.4093147
          ],
          [
            78.583389,
            17.409401
          ],
          [
            78.5837704,
            17.4098368
          ],
          [
            78.5838838,
            17.4105753
          ]
        ]
      },
      "id": "way/1344590338"
    },
    {
      "type": "Feature",
      "properties": {
        "@id": "way/1344590339",
        "layer": "1",
        "waterway": "stream"
      },
      "geometry": {
        "type": "LineString",
        "coordinates": [
          [
            78.5838838,
            17.4105753
          ],
          [
            78.5837113,
            17.4108717
          ],
          [
            78.58345,
            17.4110222
          ],
          [
            78.5831986,
            17.4111116
          ],
          [
            78.5831542,
            17.4113985
          ],
          [
            78.5829619,
            17.4116337
          ],
          [
            78.5825528,
            17.4116149
          ],
          [
            78.5822964,
            17.4114455
          ],
          [
            78.5820549,
            17.4111962
          ],
          [
            78.581907,
            17.410867
          ],
          [
            78.5818232,
            17.4106553
          ],
          [
            78.5817697,
            17.4104907
          ]
        ]
      },
      "id": "way/1344590339"
    },
    {
      "type": "Feature",
      "properties": {
        "@id": "way/1344590340",
        "layer": "-1",
        "tunnel": "culvert",
        "waterway": "stream"
      },
      "geometry": {
        "type": "LineString",
        "coordinates": [
          [
            78.5817697,
            17.4104907
          ],
          [
            78.581738,
            17.4103934
          ]
        ]
      },
      "id": "way/1344590340"
    },
    {
      "type": "Feature",
      "properties": {
        "@id": "way/1420154621",
        "waterway": "canal"
      },
      "geometry": {
        "type": "LineString",
        "coordinates": [
          [
            78.4171858,
            17.4801667
          ],
          [
            78.4172323,
            17.4801211
          ],
          [
            78.4169857,
            17.4798111
          ],
          [
            78.4169895,
            17.4794334
          ],
          [
            78.4170978,
            17.4790592
          ],
          [
            78.4172846,
            17.4786494
          ],
          [
            78.4172286,
            17.4783394
          ],
          [
            78.4168213,
            17.4777763
          ],
          [
            78.416657,
            17.4774592
          ],
          [
            78.4167429,
            17.4770708
          ],
          [
            78.4168475,
            17.4768712
          ],
          [
            78.4170791,
            17.4768213
          ],
          [
            78.4172809,
            17.4767108
          ],
          [
            78.4173668,
            17.4765968
          ],
          [
            78.4178076,
            17.4764899
          ],
          [
            78.4181638,
            17.4765888
          ],
          [
            78.4182435,
            17.4765952
          ]
        ]
      },
      "id": "way/1420154621"
    },
    {
      "type": "Feature",
      "properties": {
        "@id": "way/1420154622",
        "waterway": "canal"
      },
      "geometry": {
        "type": "LineString",
        "coordinates": [
          [
            78.4162759,
            17.4800035
          ],
          [
            78.4168363,
            17.480285
          ],
          [
            78.4169633,
            17.4803848
          ],
          [
            78.4171067,
            17.4802442
          ]
        ]
      },
      "id": "way/1420154622"
    },
    {
      "type": "Feature",
      "properties": {
        "@id": "way/1420154623",
        "waterway": "canal"
      },
      "geometry": {
        "type": "LineString",
        "coordinates": [
          [
            78.4171067,
            17.4802442
          ],
          [
            78.4171858,
            17.4801667
          ]
        ]
      },
      "id": "way/1420154623"
    },
    {
      "type": "Feature",
      "properties": {
        "@id": "way/1451064961",
        "waterway": "stream"
      },
      "geometry": {
        "type": "LineString",
        "coordinates": [
          [
            78.3908084,
            17.4384782
          ],
          [
            78.3906592,
            17.4379777
          ],
          [
            78.3906411,
            17.4378229
          ],
          [
            78.3906329,
            17.4369757
          ],
          [
            78.3906017,
            17.4358253
          ]
        ]
      },
      "id": "way/1451064961"
    },
    {
      "type": "Feature",
      "properties": {
        "@id": "way/1454136273",
        "waterway": "drain"
      },
      "geometry": {
        "type": "LineString",
        "coordinates": [
          [
            78.5974585,
            17.3876713
          ],
          [
            78.5977425,
            17.3869424
          ],
          [
            78.5977679,
            17.3866512
          ],
          [
            78.5980641,
            17.3867136
          ],
          [
            78.5983211,
            17.3867632
          ],
          [
            78.5985126,
            17.3867765
          ],
          [
            78.5987594,
            17.3867565
          ],
          [
            78.5989402,
            17.386745
          ],
          [
            78.5990925,
            17.3867717
          ],
          [
            78.5992555,
            17.3867965
          ],
          [
            78.5994344,
            17.3867632
          ],
          [
            78.5996273,
            17.3867366
          ],
          [
            78.5998036,
            17.3867166
          ],
          [
            78.5999273,
            17.3867323
          ],
          [
            78.6000789,
            17.3866712
          ],
          [
            78.600188,
            17.3865955
          ],
          [
            78.6003092,
            17.3865489
          ],
          [
            78.6003784,
            17.3865973
          ],
          [
            78.6004215,
            17.3866742
          ],
          [
            78.6004786,
            17.386765
          ],
          [
            78.6005554,
            17.3868165
          ],
          [
            78.6006905,
            17.3868758
          ],
          [
            78.6008281,
            17.3869164
          ],
          [
            78.6009924,
            17.3869103
          ],
          [
            78.60125,
            17.38688
          ],
          [
            78.6016275,
            17.3869315
          ],
          [
            78.6020772,
            17.3868395
          ],
          [
            78.6023843,
            17.3867329
          ],
          [
            78.6027256,
            17.3865586
          ],
          [
            78.6029533,
            17.3864115
          ],
          [
            78.6030986,
            17.3862843
          ],
          [
            78.6031728,
            17.3862861
          ],
          [
            78.603417,
            17.3862056
          ],
          [
            78.6034963,
            17.3861784
          ],
          [
            78.6036302,
            17.3862589
          ],
          [
            78.6037831,
            17.3862292
          ],
          [
            78.6038814,
            17.386242
          ],
          [
            78.6039778,
            17.3863104
          ],
          [
            78.6042633,
            17.3862625
          ],
          [
            78.6047695,
            17.3862165
          ],
          [
            78.6051483,
            17.3860519
          ],
          [
            78.6055238,
            17.3858884
          ],
          [
            78.6056298,
            17.3858872
          ],
          [
            78.6059305,
            17.3859853
          ],
          [
            78.606025,
            17.386001
          ],
          [
            78.6064811,
            17.3860379
          ],
          [
            78.6065947,
            17.3860985
          ],
          [
            78.6067387,
            17.386222
          ],
          [
            78.6069823,
            17.3862946
          ],
          [
            78.6070977,
            17.3863073
          ],
          [
            78.6073585,
            17.3863364
          ],
          [
            78.6076959,
            17.3864018
          ],
          [
            78.6078184,
            17.3863891
          ],
          [
            78.6079307,
            17.3864551
          ],
          [
            78.6080778,
            17.3865386
          ],
          [
            78.6081927,
            17.3865876
          ],
          [
            78.6083544,
            17.3865761
          ],
          [
            78.6084401,
            17.3865453
          ],
          [
            78.608586,
            17.3864544
          ],
          [
            78.6086849,
            17.3863642
          ],
          [
            78.6089444,
            17.3861239
          ],
          [
            78.6091195,
            17.3859635
          ],
          [
            78.609266,
            17.385869
          ],
          [
            78.6095058,
            17.385728
          ],
          [
            78.60966,
            17.3855512
          ],
          [
            78.6098287,
            17.3853308
          ],
          [
            78.6099658,
            17.3851238
          ],
          [
            78.6101301,
            17.3848998
          ],
          [
            78.6103033,
            17.3846467
          ],
          [
            78.6104377,
            17.3844796
          ],
          [
            78.6106217,
            17.3844021
          ],
          [
            78.6108698,
            17.3843791
          ],
          [
            78.6110854,
            17.3843767
          ],
          [
            78.611329,
            17.3844312
          ],
          [
            78.6114813,
            17.3845014
          ],
          [
            78.6117027,
            17.3845977
          ],
          [
            78.6120205,
            17.3847327
          ],
          [
            78.6122248,
            17.3848326
          ],
          [
            78.6124893,
            17.3850045
          ],
          [
            78.6127463,
            17.3851789
          ],
          [
            78.6129467,
            17.3852939
          ],
          [
            78.6131713,
            17.385369
          ],
          [
            78.6133413,
            17.3854216
          ],
          [
            78.6135602,
            17.3854616
          ],
          [
            78.6138659,
            17.3854925
          ],
          [
            78.6141552,
            17.3855009
          ],
          [
            78.6144267,
            17.3854731
          ],
          [
            78.6146818,
            17.3853865
          ],
          [
            78.614853,
            17.3853145
          ],
          [
            78.6150554,
            17.3852473
          ],
          [
            78.6152495,
            17.3852479
          ],
          [
            78.6154195,
            17.3852497
          ],
          [
            78.6155712,
            17.3852122
          ],
          [
            78.6157082,
            17.3851928
          ],
          [
            78.6158477,
            17.3851746
          ],
          [
            78.6160488,
            17.3851268
          ],
          [
            78.6161821,
            17.3851093
          ],
          [
            78.6163356,
            17.3851492
          ],
          [
            78.6165291,
            17.385188
          ],
          [
            78.616649,
            17.3851831
          ],
          [
            78.6169344,
            17.3850826
          ],
          [
            78.6171723,
            17.3849422
          ],
          [
            78.6173411,
            17.3848701
          ],
          [
            78.6176475,
            17.384697
          ],
          [
            78.6177997,
            17.3846461
          ],
          [
            78.6180148,
            17.3846298
          ],
          [
            78.6182622,
            17.3845311
          ],
          [
            78.618417,
            17.3845947
          ],
          [
            78.6185807,
            17.3846013
          ],
          [
            78.6187291,
            17.3845559
          ],
          [
            78.6191979,
            17.3847387
          ],
          [
            78.6195011,
            17.3848671
          ],
          [
            78.6197422,
            17.3849458
          ],
          [
            78.6199547,
            17.3849391
          ],
          [
            78.6201603,
            17.3847502
          ],
          [
            78.6203842,
            17.3846952
          ],
          [
            78.6206126,
            17.384743
          ],
          [
            78.620754,
            17.384749
          ],
          [
            78.6208917,
            17.3848162
          ],
          [
            78.621011,
            17.3848538
          ],
          [
            78.6212007,
            17.3848356
          ],
          [
            78.6213662,
            17.3847696
          ],
          [
            78.6215673,
            17.3847781
          ],
          [
            78.6217411,
            17.3848053
          ],
          [
            78.6218433,
            17.3848023
          ],
          [
            78.6220038,
            17.3847551
          ],
          [
            78.622439,
            17.3847999
          ],
          [
            78.6225455,
            17.3847648
          ],
          [
            78.6226147,
            17.3848053
          ],
          [
            78.6230784,
            17.3847981
          ],
          [
            78.6233322,
            17.384769
          ],
          [
            78.6234692,
            17.3847478
          ],
          [
            78.6236417,
            17.3846189
          ],
          [
            78.6237521,
            17.3845396
          ],
          [
            78.6239653,
            17.3844984
          ],
          [
            78.6242495,
            17.3843803
          ],
          [
            78.6244138,
            17.3843035
          ],
          [
            78.6244944,
            17.3842254
          ],
          [
            78.6246174,
            17.3840201
          ],
          [
            78.6248223,
            17.3839148
          ],
          [
            78.6249581,
            17.3839342
          ],
          [
            78.6252264,
            17.3838682
          ],
          [
            78.6254409,
            17.3838718
          ],
          [
            78.6257206,
            17.383847
          ],
          [
            78.6260778,
            17.3838306
          ],
          [
            78.6262763,
            17.3838355
          ],
          [
            78.626421,
            17.3838573
          ],
          [
            78.62669,
            17.3837986
          ],
          [
            78.6270122,
            17.3836944
          ],
          [
            78.6273795,
            17.3836472
          ],
          [
            78.6278642,
            17.3835758
          ],
          [
            78.6280729,
            17.3834965
          ],
          [
            78.6284104,
            17.3833324
          ],
          [
            78.6286787,
            17.3831816
          ],
          [
            78.628857,
            17.383023
          ],
          [
            78.628956,
            17.3828814
          ],
          [
            78.6291253,
            17.3827125
          ],
          [
            78.629204,
            17.3825726
          ],
          [
            78.6292287,
            17.3823662
          ],
          [
            78.6293017,
            17.3821531
          ],
          [
            78.6293791,
            17.381986
          ],
          [
            78.6295415,
            17.3818497
          ],
          [
            78.6297045,
            17.3817638
          ],
          [
            78.6298948,
            17.3817305
          ],
          [
            78.630134,
            17.3815604
          ],
          [
            78.6304252,
            17.3814532
          ],
          [
            78.6306631,
            17.3813866
          ],
          [
            78.6308915,
            17.38132
          ],
          [
            78.6311871,
            17.3811081
          ],
          [
            78.6313457,
            17.3809634
          ],
          [
            78.6314618,
            17.3807897
          ],
          [
            78.6315874,
            17.3805832
          ],
          [
            78.6317047,
            17.3804337
          ],
          [
            78.6318589,
            17.3804985
          ],
          [
            78.6320422,
            17.3805499
          ],
          [
            78.6322693,
            17.3805445
          ],
          [
            78.632374,
            17.3805153
          ],
          [
            78.632515,
            17.3804434
          ],
          [
            78.6325992,
            17.3804225
          ],
          [
            78.6326701,
            17.3804802
          ],
          [
            78.6327849,
            17.3805421
          ],
          [
            78.6336612,
            17.3808155
          ],
          [
            78.6339644,
            17.380849
          ],
          [
            78.6340651,
            17.3808281
          ],
          [
            78.6345041,
            17.380573
          ],
          [
            78.6346689,
            17.3805044
          ],
          [
            78.6348573,
            17.3805061
          ],
          [
            78.6352349,
            17.3803614
          ],
          [
            78.6355591,
            17.3803447
          ],
          [
            78.6357765,
            17.3802945
          ],
          [
            78.6360595,
            17.3801867
          ],
          [
            78.6362251,
            17.3801014
          ],
          [
            78.6363215,
            17.3800997
          ],
          [
            78.6365931,
            17.3801591
          ],
          [
            78.6368735,
            17.3801633
          ],
          [
            78.6373651,
            17.380083
          ],
          [
            78.637635,
            17.3800512
          ],
          [
            78.637819,
            17.3800244
          ],
          [
            78.6380197,
            17.3800863
          ],
          [
            78.6381476,
            17.3801716
          ],
          [
            78.6382089,
            17.3802987
          ],
          [
            78.6381686,
            17.3805304
          ],
          [
            78.6381345,
            17.3806893
          ],
          [
            78.6381309,
            17.3808264
          ],
          [
            78.6382089,
            17.3809694
          ],
          [
            78.6383535,
            17.3811358
          ],
          [
            78.6386006,
            17.3813123
          ],
          [
            78.6387934,
            17.3814084
          ],
          [
            78.6389257,
            17.3814419
          ],
          [
            78.6392438,
            17.3814477
          ],
          [
            78.6395505,
            17.3814226
          ],
          [
            78.6401875,
            17.381344
          ],
          [
            78.6404425,
            17.3812704
          ],
          [
            78.6409323,
            17.3812077
          ],
          [
            78.6412732,
            17.3811634
          ],
          [
            78.6414064,
            17.3811701
          ],
          [
            78.6415317,
            17.3812328
          ],
          [
            78.6416158,
            17.3813323
          ],
          [
            78.6417201,
            17.3814201
          ],
          [
            78.6418822,
            17.3815213
          ],
          [
            78.6420671,
            17.3816367
          ],
          [
            78.6421714,
            17.3817312
          ],
          [
            78.64233,
            17.3817605
          ],
          [
            78.6425762,
            17.3817237
          ],
          [
            78.6429057,
            17.3816376
          ],
          [
            78.6430818,
            17.3816141
          ],
          [
            78.6432001,
            17.3815765
          ],
          [
            78.6433771,
            17.3815932
          ],
          [
            78.643569,
            17.3815589
          ],
          [
            78.6437241,
            17.3815272
          ],
          [
            78.6439668,
            17.3814946
          ],
          [
            78.6441307,
            17.381484
          ],
          [
            78.6443216,
            17.3814476
          ],
          [
            78.6444978,
            17.3813833
          ],
          [
            78.6446205,
            17.3813123
          ],
          [
            78.644801,
            17.3811492
          ],
          [
            78.6449018,
            17.381048
          ],
          [
            78.644943,
            17.3808624
          ],
          [
            78.6449228,
            17.3807687
          ],
          [
            78.6449465,
            17.3807051
          ],
          [
            78.6450393,
            17.3806408
          ],
          [
            78.6451664,
            17.380486
          ],
          [
            78.6451798,
            17.3804519
          ]
        ]
      },
      "id": "way/1454136273"
    },
    {
      "type": "Feature",
      "properties": {
        "@id": "way/1454136279",
        "waterway": "drain"
      },
      "geometry": {
        "type": "LineString",
        "coordinates": [
          [
            78.6484929,
            17.3793144
          ],
          [
            78.6488826,
            17.379161
          ],
          [
            78.6491325,
            17.3790249
          ],
          [
            78.6494,
            17.3788973
          ],
          [
            78.6496685,
            17.378765
          ],
          [
            78.6499868,
            17.378642
          ],
          [
            78.6503939,
            17.3784221
          ],
          [
            78.6506937,
            17.3781854
          ],
          [
            78.6508186,
            17.3780513
          ],
          [
            78.6509016,
            17.3778323
          ]
        ]
      },
      "id": "way/1454136279"
    },
    {
      "type": "Feature",
      "properties": {
        "@id": "way/1454136280",
        "waterway": "canal"
      },
      "geometry": {
        "type": "LineString",
        "coordinates": [
          [
            78.6374947,
            17.3833185
          ],
          [
            78.6382791,
            17.3827833
          ],
          [
            78.6383374,
            17.382719
          ],
          [
            78.6384086,
            17.3826832
          ],
          [
            78.63852,
            17.3826794
          ],
          [
            78.6386224,
            17.38274
          ],
          [
            78.6387571,
            17.3827746
          ],
          [
            78.6389087,
            17.3828018
          ],
          [
            78.6390175,
            17.3827994
          ],
          [
            78.6393154,
            17.3828772
          ],
          [
            78.6395616,
            17.3828921
          ],
          [
            78.6397377,
            17.3830108
          ],
          [
            78.6402378,
            17.38308
          ],
          [
            78.6404088,
            17.3830924
          ],
          [
            78.6406536,
            17.3830998
          ],
          [
            78.6410863,
            17.3832234
          ],
          [
            78.641699,
            17.3834397
          ],
          [
            78.6423739,
            17.3835844
          ],
          [
            78.6426719,
            17.3836042
          ],
          [
            78.6430903,
            17.383682
          ],
          [
            78.6433571,
            17.383682
          ],
          [
            78.6435489,
            17.3837476
          ],
          [
            78.6443222,
            17.3839318
          ],
          [
            78.6452174,
            17.3841481
          ],
          [
            78.6456449,
            17.3841518
          ],
          [
            78.6458534,
            17.3841543
          ],
          [
            78.64629,
            17.384184
          ],
          [
            78.6468405,
            17.3841518
          ],
          [
            78.6470258,
            17.3841234
          ],
          [
            78.6472784,
            17.3840245
          ],
          [
            78.6476657,
            17.3839689
          ],
          [
            78.6479662,
            17.3839478
          ],
          [
            78.648316,
            17.3838366
          ],
          [
            78.6489508,
            17.3836647
          ],
          [
            78.6493213,
            17.3834237
          ],
          [
            78.6495363,
            17.3833285
          ],
          [
            78.6497021,
            17.3831393
          ],
          [
            78.6499612,
            17.3829143
          ],
          [
            78.6500648,
            17.3826955
          ],
          [
            78.6501205,
            17.3826424
          ],
          [
            78.6503252,
            17.3825039
          ],
          [
            78.6504703,
            17.3822987
          ],
          [
            78.6505532,
            17.3821441
          ],
          [
            78.650675,
            17.3819871
          ],
          [
            78.6507644,
            17.3818165
          ],
          [
            78.6507631,
            17.3817349
          ],
          [
            78.6506879,
            17.3815384
          ],
          [
            78.6507009,
            17.3814469
          ],
          [
            78.6507851,
            17.3813158
          ],
          [
            78.650903,
            17.3812577
          ],
          [
            78.6510494,
            17.3812058
          ],
          [
            78.6512203,
            17.3810649
          ],
          [
            78.6513991,
            17.3809116
          ],
          [
            78.6515274,
            17.3807818
          ],
          [
            78.6516686,
            17.3807039
          ],
          [
            78.6519341,
            17.3806544
          ],
          [
            78.6521815,
            17.3806322
          ],
          [
            78.6524238,
            17.3806186
          ],
          [
            78.6525352,
            17.3805926
          ],
          [
            78.6528215,
            17.3803998
          ],
          [
            78.6531531,
            17.3802922
          ],
          [
            78.653293,
            17.3802168
          ],
          [
            78.6535547,
            17.3801562
          ],
          [
            78.6538604,
            17.3801575
          ],
          [
            78.6540418,
            17.3801105
          ],
          [
            78.6543579,
            17.3799312
          ],
          [
            78.6544472,
            17.3798459
          ],
          [
            78.6545716,
            17.3796803
          ],
          [
            78.6547335,
            17.3796085
          ],
          [
            78.654854,
            17.3796098
          ],
          [
            78.6549874,
            17.3795059
          ],
          [
            78.6550755,
            17.3793811
          ],
          [
            78.6550833,
            17.3792834
          ],
          [
            78.655047,
            17.3791783
          ],
          [
            78.6547957,
            17.3789002
          ],
          [
            78.6547724,
            17.378821
          ],
          [
            78.6547517,
            17.3786863
          ],
          [
            78.6546429,
            17.3785837
          ],
          [
            78.6545263,
            17.3785181
          ],
          [
            78.6543579,
            17.3783055
          ],
          [
            78.6542477,
            17.3781745
          ],
          [
            78.6542607,
            17.3780521
          ],
          [
            78.6543566,
            17.3777949
          ],
          [
            78.6543695,
            17.3776602
          ],
          [
            78.6542944,
            17.377586
          ],
          [
            78.6541234,
            17.3775081
          ],
          [
            78.6539602,
            17.3774809
          ],
          [
            78.653749,
            17.3774586
          ],
          [
            78.6536013,
            17.3774401
          ],
          [
            78.6535119,
            17.3773709
          ],
          [
            78.6534912,
            17.3772621
          ],
          [
            78.6535249,
            17.3771965
          ],
          [
            78.6536402,
            17.3771434
          ],
          [
            78.6537827,
            17.3770989
          ],
          [
            78.6539757,
            17.3769851
          ],
          [
            78.6541208,
            17.3768232
          ],
          [
            78.6541998,
            17.3766897
          ],
          [
            78.6542452,
            17.3765228
          ],
          [
            78.6543047,
            17.3764078
          ],
          [
            78.6545483,
            17.3762854
          ],
          [
            78.6547931,
            17.3762149
          ],
          [
            78.6550535,
            17.3760938
          ],
          [
            78.6552374,
            17.3760357
          ],
          [
            78.6553722,
            17.3760517
          ],
          [
            78.6554901,
            17.3761469
          ],
          [
            78.6556248,
            17.3764721
          ],
          [
            78.6558346,
            17.376859
          ],
          [
            78.6558942,
            17.3769443
          ],
          [
            78.6562168,
            17.3770692
          ],
          [
            78.6564694,
            17.3771323
          ],
          [
            78.6566274,
            17.377314
          ],
          [
            78.6566715,
            17.3774673
          ],
          [
            78.6571754,
            17.3778283
          ],
          [
            78.6572972,
            17.3778518
          ],
          [
            78.6575226,
            17.3778394
          ],
          [
            78.6577117,
            17.3777986
          ],
          [
            78.6578853,
            17.377717
          ],
          [
            78.6580679,
            17.3777343
          ],
          [
            78.6582066,
            17.3776799
          ],
          [
            78.6583141,
            17.3776255
          ],
          [
            78.6585213,
            17.3776045
          ],
          [
            78.6587649,
            17.3775662
          ],
          [
            78.6589242,
            17.377497
          ],
          [
            78.6590227,
            17.3773857
          ],
          [
            78.6592286,
            17.3771483
          ],
          [
            78.6593854,
            17.3769184
          ],
          [
            78.6595072,
            17.3767342
          ],
          [
            78.6595551,
            17.376707
          ],
          [
            78.659682,
            17.3767008
          ],
          [
            78.6600461,
            17.376859
          ],
          [
            78.6601212,
            17.3768726
          ],
          [
            78.6608246,
            17.3767762
          ],
          [
            78.6613272,
            17.3765116
          ],
          [
            78.6617741,
            17.3761049
          ],
          [
            78.6618441,
            17.3760826
          ],
          [
            78.6619309,
            17.3761148
          ],
          [
            78.6621097,
            17.3762397
          ],
          [
            78.6621796,
            17.3762817
          ],
          [
            78.6627276,
            17.3763175
          ],
          [
            78.6628662,
            17.3763658
          ],
          [
            78.6631123,
            17.376566
          ],
          [
            78.6634388,
            17.3766674
          ],
          [
            78.6636629,
            17.3766934
          ],
          [
            78.6640683,
            17.37666
          ],
          [
            78.6641992,
            17.3766266
          ],
          [
            78.6643585,
            17.3766452
          ],
          [
            78.6644531,
            17.3766143
          ],
          [
            78.6645489,
            17.3765079
          ],
          [
            78.6646267,
            17.3763225
          ],
          [
            78.6647135,
            17.3762013
          ],
          [
            78.664913,
            17.3760863
          ],
          [
            78.6650166,
            17.3760604
          ],
          [
            78.6652264,
            17.3760023
          ],
          [
            78.6653379,
            17.3759034
          ],
          [
            78.6654013,
            17.3758873
          ],
          [
            78.6655425,
            17.3758922
          ],
          [
            78.6656656,
            17.375865
          ],
          [
            78.665812,
            17.375802
          ],
          [
            78.6658988,
            17.3757624
          ],
          [
            78.6662641,
            17.3757637
          ],
          [
            78.6664713,
            17.37576
          ],
          [
            78.6668341,
            17.3758428
          ],
          [
            78.6671592,
            17.375964
          ],
          [
            78.6673276,
            17.376069
          ],
          [
            78.6674688,
            17.3762397
          ],
          [
            78.6677551,
            17.3765599
          ],
          [
            78.668044,
            17.3768454
          ],
          [
            78.668259,
            17.3770049
          ],
          [
            78.6685272,
            17.3770939
          ],
          [
            78.6687604,
            17.3771459
          ],
          [
            78.6690751,
            17.377131
          ],
          [
            78.6691684,
            17.3771483
          ],
          [
            78.6692682,
            17.3772448
          ],
          [
            78.6695117,
            17.3775229
          ],
          [
            78.6697734,
            17.3777714
          ],
          [
            78.6700648,
            17.3779606
          ],
          [
            78.6704548,
            17.3780558
          ],
          [
            78.6709289,
            17.3782239
          ],
          [
            78.6711932,
            17.3783117
          ],
          [
            78.6713214,
            17.3784551
          ],
          [
            78.671666,
            17.3787741
          ],
          [
            78.6718564,
            17.3789335
          ],
          [
            78.6720287,
            17.3789682
          ],
          [
            78.6722528,
            17.3789447
          ],
          [
            78.6724031,
            17.3788618
          ],
          [
            78.6730184,
            17.3781707
          ],
          [
            78.673065,
            17.3780286
          ],
          [
            78.673056,
            17.3778777
          ],
          [
            78.6730974,
            17.3777652
          ],
          [
            78.6731855,
            17.3776527
          ],
          [
            78.673284,
            17.3775934
          ],
          [
            78.6733267,
            17.3774821
          ],
          [
            78.673363,
            17.3772448
          ],
          [
            78.6734265,
            17.3771211
          ],
          [
            78.6735923,
            17.3769691
          ],
          [
            78.6736726,
            17.376843
          ],
          [
            78.6736998,
            17.3766909
          ],
          [
            78.6736946,
            17.3765055
          ],
          [
            78.67374,
            17.3764028
          ],
          [
            78.6738514,
            17.3763237
          ],
          [
            78.6740845,
            17.3763101
          ],
          [
            78.6742374,
            17.3762916
          ],
          [
            78.674477,
            17.376137
          ],
          [
            78.674626,
            17.376027
          ],
          [
            78.6748009,
            17.3758749
          ],
          [
            78.6749771,
            17.3757328
          ],
          [
            78.6752012,
            17.3756079
          ],
          [
            78.6753515,
            17.3755312
          ],
          [
            78.6753864,
            17.375467
          ],
          [
            78.6754279,
            17.3752259
          ],
          [
            78.6753178,
            17.3749996
          ],
          [
            78.6752388,
            17.3748414
          ],
          [
            78.6752375,
            17.374719
          ],
          [
            78.6753074,
            17.3745224
          ],
          [
            78.6753968,
            17.3744927
          ],
          [
            78.6754797,
            17.3744594
          ],
          [
            78.6755976,
            17.374353
          ],
          [
            78.6757025,
            17.3742875
          ],
          [
            78.6758359,
            17.3742195
          ],
          [
            78.6759059,
            17.3741169
          ],
          [
            78.6759033,
            17.3739995
          ],
          [
            78.6758606,
            17.3738424
          ],
          [
            78.6758282,
            17.3736619
          ],
          [
            78.6759266,
            17.3732725
          ],
          [
            78.6760212,
            17.3732082
          ],
          [
            78.6766041,
            17.3732379
          ],
          [
            78.6769979,
            17.3731822
          ],
          [
            78.6771469,
            17.3731266
          ],
          [
            78.6772272,
            17.3730326
          ],
          [
            78.6772544,
            17.3729016
          ],
          [
            78.6772195,
            17.3728015
          ],
          [
            78.6771417,
            17.3726754
          ],
          [
            78.6770096,
            17.372522
          ],
          [
            78.676836,
            17.3722797
          ],
          [
            78.6767557,
            17.3721796
          ],
          [
            78.6766611,
            17.3721301
          ],
          [
            78.6765601,
            17.3720893
          ],
          [
            78.6762583,
            17.371852
          ],
          [
            78.676209,
            17.3717011
          ],
          [
            78.676222,
            17.3715441
          ],
          [
            78.6762906,
            17.3713834
          ],
          [
            78.676415,
            17.3712597
          ],
          [
            78.6765782,
            17.3711658
          ],
          [
            78.6767389,
            17.3711955
          ],
          [
            78.6771184,
            17.3713092
          ],
          [
            78.6773788,
            17.3713957
          ],
          [
            78.6776107,
            17.3713747
          ],
          [
            78.6781159,
            17.3713957
          ],
          [
            78.6782791,
            17.3713587
          ],
          [
            78.6784566,
            17.3713611
          ],
          [
            78.6787079,
            17.371376
          ],
          [
            78.6788906,
            17.3713797
          ],
          [
            78.6791755,
            17.3711856
          ],
          [
            78.679261,
            17.3711114
          ],
          [
            78.6793491,
            17.3709865
          ],
          [
            78.6794605,
            17.3708839
          ],
          [
            78.6795434,
            17.3706985
          ],
          [
            78.6795708,
            17.3705177
          ],
          [
            78.6796151,
            17.3704926
          ]
        ]
      },
      "id": "way/1454136280"
    },
    {
      "type": "Feature",
      "properties": {
        "@id": "way/1454150385",
        "waterway": "drain"
      },
      "geometry": {
        "type": "LineString",
        "coordinates": [
          [
            78.5780813,
            17.3866962
          ],
          [
            78.5784388,
            17.3868253
          ],
          [
            78.578446,
            17.386998
          ],
          [
            78.5779183,
            17.3881864
          ],
          [
            78.5776907,
            17.3886755
          ],
          [
            78.5776457,
            17.3888359
          ],
          [
            78.5775676,
            17.3891861
          ]
        ]
      },
      "id": "way/1454150385"
    },
    {
      "type": "Feature",
      "properties": {
        "@id": "way/1454387193",
        "waterway": "canal"
      },
      "geometry": {
        "type": "LineString",
        "coordinates": [
          [
            78.4390515,
            17.350326
          ],
          [
            78.4394297,
            17.3503541
          ],
          [
            78.4400962,
            17.3502719
          ],
          [
            78.4405804,
            17.3500788
          ],
          [
            78.441028,
            17.3499427
          ],
          [
            78.4411938,
            17.3499522
          ],
          [
            78.4412339,
            17.349993
          ]
        ]
      },
      "id": "way/1454387193"
    },
    {
      "type": "Feature",
      "properties": {
        "@id": "way/1454387198",
        "waterway": "canal"
      },
      "geometry": {
        "type": "LineString",
        "coordinates": [
          [
            78.4413015,
            17.3500617
          ],
          [
            78.4413463,
            17.3501073
          ],
          [
            78.4416813,
            17.3500598
          ],
          [
            78.4419333,
            17.3501294
          ],
          [
            78.4422307,
            17.3501458
          ]
        ]
      },
      "id": "way/1454387198"
    },
    {
      "type": "Feature",
      "properties": {
        "@id": "way/1454387199",
        "layer": "-1",
        "tunnel": "culvert",
        "waterway": "canal"
      },
      "geometry": {
        "type": "LineString",
        "coordinates": [
          [
            78.4412339,
            17.349993
          ],
          [
            78.4413015,
            17.3500617
          ]
        ]
      },
      "id": "way/1454387199"
    },
    {
      "type": "Feature",
      "properties": {
        "@id": "way/1454387201",
        "waterway": "drain"
      },
      "geometry": {
        "type": "LineString",
        "coordinates": [
          [
            78.4485632,
            17.3555797
          ],
          [
            78.4486103,
            17.3556932
          ],
          [
            78.4491534,
            17.3567969
          ],
          [
            78.4492758,
            17.3577983
          ],
          [
            78.4495194,
            17.3582263
          ],
          [
            78.449879,
            17.3588581
          ],
          [
            78.4503337,
            17.3589165
          ],
          [
            78.4505697,
            17.3595256
          ],
          [
            78.4513146,
            17.3600979
          ]
        ]
      },
      "id": "way/1454387201"
    },
    {
      "type": "Feature",
      "properties": {
        "@id": "way/1454387202",
        "layer": "-1",
        "tunnel": "culvert",
        "waterway": "drain"
      },
      "geometry": {
        "type": "LineString",
        "coordinates": [
          [
            78.4485246,
            17.3554868
          ],
          [
            78.4485632,
            17.3555797
          ]
        ]
      },
      "id": "way/1454387202"
    },
    {
      "type": "Feature",
      "properties": {
        "@id": "way/1458034446",
        "waterway": "canal"
      },
      "geometry": {
        "type": "LineString",
        "coordinates": [
          [
            78.489575,
            17.2110237
          ],
          [
            78.489494,
            17.2099989
          ],
          [
            78.4893227,
            17.2095708
          ],
          [
            78.4889097,
            17.2092519
          ],
          [
            78.4882199,
            17.209042
          ],
          [
            78.4869194,
            17.2089161
          ],
          [
            78.4864144,
            17.2090404
          ]
        ]
      },
      "id": "way/1458034446"
    },
    {
      "type": "Feature",
      "properties": {
        "@id": "way/1458034453",
        "waterway": "canal"
      },
      "geometry": {
        "type": "LineString",
        "coordinates": [
          [
            78.4760887,
            17.2021113
          ],
          [
            78.4757071,
            17.2020408
          ],
          [
            78.4751684,
            17.201473
          ],
          [
            78.4746297,
            17.2011871
          ],
          [
            78.4742479,
            17.2011437
          ],
          [
            78.4734636,
            17.201329
          ],
          [
            78.4732778,
            17.2012423
          ],
          [
            78.4730405,
            17.2010727
          ],
          [
            78.4727474,
            17.2008874
          ],
          [
            78.4726421,
            17.2003491
          ],
          [
            78.4728568,
            17.1997754
          ],
          [
            78.4730776,
            17.1995408
          ],
          [
            78.4731086,
            17.1987817
          ],
          [
            78.4732076,
            17.1985037
          ],
          [
            78.4730962,
            17.1982059
          ],
          [
            78.4729739,
            17.1980364
          ]
        ]
      },
      "id": "way/1458034453"
    },
    {
      "type": "Feature",
      "properties": {
        "@id": "way/1458034458",
        "waterway": "canal"
      },
      "geometry": {
        "type": "LineString",
        "coordinates": [
          [
            78.4814269,
            17.2079827
          ],
          [
            78.4812645,
            17.2078312
          ],
          [
            78.4812833,
            17.2068502
          ],
          [
            78.4812153,
            17.2062051
          ],
          [
            78.4808659,
            17.2053361
          ],
          [
            78.4807792,
            17.2051322
          ],
          [
            78.4802774,
            17.2047179
          ],
          [
            78.4801461,
            17.2045768
          ],
          [
            78.4802258,
            17.2042721
          ],
          [
            78.4801157,
            17.2032711
          ],
          [
            78.4795358,
            17.2030858
          ],
          [
            78.4792716,
            17.20321
          ],
          [
            78.478027,
            17.2030207
          ],
          [
            78.4776431,
            17.2029635
          ],
          [
            78.4770508,
            17.2029557
          ],
          [
            78.4767762,
            17.2027644
          ],
          [
            78.4765087,
            17.2023701
          ],
          [
            78.4762087,
            17.2021335
          ],
          [
            78.4760887,
            17.2021113
          ]
        ]
      },
      "id": "way/1458034458"
    },
    {
      "type": "Feature",
      "properties": {
        "@id": "way/1458034459",
        "layer": "-1",
        "tunnel": "culvert",
        "waterway": "canal"
      },
      "geometry": {
        "type": "LineString",
        "coordinates": [
          [
            78.4815011,
            17.208052
          ],
          [
            78.4814269,
            17.2079827
          ]
        ]
      },
      "id": "way/1458034459"
    },
    {
      "type": "Feature",
      "properties": {
        "@id": "way/1458034460",
        "waterway": "canal"
      },
      "geometry": {
        "type": "LineString",
        "coordinates": [
          [
            78.486308,
            17.2090665
          ],
          [
            78.4860494,
            17.2091302
          ],
          [
            78.4851224,
            17.2091637
          ],
          [
            78.4844229,
            17.2089578
          ],
          [
            78.4832998,
            17.208857
          ],
          [
            78.4826151,
            17.208521
          ],
          [
            78.4820969,
            17.2081448
          ],
          [
            78.4816725,
            17.2082119
          ],
          [
            78.4815011,
            17.208052
          ]
        ]
      },
      "id": "way/1458034460"
    },
    {
      "type": "Feature",
      "properties": {
        "@id": "way/1458034461",
        "layer": "-1",
        "tunnel": "culvert",
        "waterway": "canal"
      },
      "geometry": {
        "type": "LineString",
        "coordinates": [
          [
            78.4864144,
            17.2090404
          ],
          [
            78.486308,
            17.2090665
          ]
        ]
      },
      "id": "way/1458034461"
    },
    {
      "type": "Feature",
      "properties": {
        "@id": "way/1458034462",
        "waterway": "canal"
      },
      "geometry": {
        "type": "LineString",
        "coordinates": [
          [
            78.4911046,
            17.2137031
          ],
          [
            78.4895951,
            17.211279
          ],
          [
            78.4895834,
            17.2111302
          ]
        ]
      },
      "id": "way/1458034462"
    },
    {
      "type": "Feature",
      "properties": {
        "@id": "way/1458034463",
        "layer": "-1",
        "tunnel": "culvert",
        "waterway": "canal"
      },
      "geometry": {
        "type": "LineString",
        "coordinates": [
          [
            78.4895834,
            17.2111302
          ],
          [
            78.489575,
            17.2110237
          ]
        ]
      },
      "id": "way/1458034463"
    },
    {
      "type": "Feature",
      "properties": {
        "@id": "way/1460738637",
        "waterway": "drain"
      },
      "geometry": {
        "type": "LineString",
        "coordinates": [
          [
            78.513221,
            17.4167984
          ],
          [
            78.5131972,
            17.4169154
          ],
          [
            78.5131931,
            17.4170638
          ],
          [
            78.5132119,
            17.4172148
          ],
          [
            78.5133693,
            17.4177699
          ]
        ]
      },
      "id": "way/1460738637"
    },
    {
      "type": "Feature",
      "properties": {
        "@id": "way/1460738638",
        "layer": "-1",
        "tunnel": "culvert",
        "waterway": "drain"
      },
      "geometry": {
        "type": "LineString",
        "coordinates": [
          [
            78.5133693,
            17.4177699
          ],
          [
            78.5133809,
            17.417816
          ]
        ]
      },
      "id": "way/1460738638"
    },
    {
      "type": "Feature",
      "properties": {
        "@id": "way/1460738641",
        "intermittent": "no",
        "waterway": "drain"
      },
      "geometry": {
        "type": "LineString",
        "coordinates": [
          [
            78.5143907,
            17.420043
          ],
          [
            78.5144055,
            17.420078
          ],
          [
            78.5144672,
            17.4201408
          ],
          [
            78.5144801,
            17.420158
          ],
          [
            78.5144908,
            17.4201724
          ],
          [
            78.5146122,
            17.4203998
          ],
          [
            78.5146887,
            17.4205485
          ],
          [
            78.5147751,
            17.4207046
          ],
          [
            78.5148364,
            17.4208097
          ]
        ]
      },
      "id": "way/1460738641"
    },
    {
      "type": "Feature",
      "properties": {
        "@id": "way/1460738642",
        "intermittent": "no",
        "layer": "-1",
        "tunnel": "culvert",
        "waterway": "drain"
      },
      "geometry": {
        "type": "LineString",
        "coordinates": [
          [
            78.5143474,
            17.4199404
          ],
          [
            78.5143907,
            17.420043
          ]
        ]
      },
      "id": "way/1460738642"
    },
    {
      "type": "Feature",
      "properties": {
        "@id": "way/1460932351",
        "designation": "drain from mansarovar to hussain sagar",
        "waterway": "stream"
      },
      "geometry": {
        "type": "LineString",
        "coordinates": [
          [
            78.4958,
            17.4780308
          ],
          [
            78.4956059,
            17.4773232
          ]
        ]
      },
      "id": "way/1460932351"
    },
    {
      "type": "Feature",
      "properties": {
        "@id": "way/1460932352",
        "designation": "drain from mansarovar to hussain sagar",
        "layer": "-1",
        "tunnel": "culvert",
        "waterway": "stream"
      },
      "geometry": {
        "type": "LineString",
        "coordinates": [
          [
            78.4956059,
            17.4773232
          ],
          [
            78.4955776,
            17.4772203
          ]
        ]
      },
      "id": "way/1460932352"
    },
    {
      "type": "Feature",
      "properties": {
        "@id": "way/1488734251",
        "bridge": "aqueduct",
        "layer": "0",
        "waterway": "river"
      },
      "geometry": {
        "type": "LineString",
        "coordinates": [
          [
            78.5726687,
            17.4013833
          ],
          [
            78.5726776,
            17.4012434
          ],
          [
            78.5727224,
            17.4010677
          ],
          [
            78.5728332,
            17.4008919
          ],
          [
            78.5732355,
            17.4005285
          ],
          [
            78.5734501,
            17.4002879
          ],
          [
            78.5736647,
            17.3999313
          ],
          [
            78.5738042,
            17.3996463
          ],
          [
            78.5739078,
            17.3991781
          ],
          [
            78.5739119,
            17.3986673
          ],
          [
            78.5738943,
            17.398538
          ],
          [
            78.573691,
            17.3980724
          ],
          [
            78.5735555,
            17.3977052
          ],
          [
            78.5734742,
            17.3975836
          ],
          [
            78.5731476,
            17.3973703
          ],
          [
            78.5728728,
            17.3970693
          ],
          [
            78.5726126,
            17.3967538
          ],
          [
            78.5723308,
            17.3963891
          ],
          [
            78.5719622,
            17.3962521
          ],
          [
            78.5718077,
            17.3962521
          ],
          [
            78.5715637,
            17.3962624
          ],
          [
            78.5714065,
            17.3963064
          ],
          [
            78.5712548,
            17.3964512
          ],
          [
            78.5706748,
            17.3973538
          ],
          [
            78.5704363,
            17.3977651
          ],
          [
            78.570252,
            17.3978452
          ],
          [
            78.5699457,
            17.3977056
          ],
          [
            78.5698264,
            17.3975608
          ],
          [
            78.5695635,
            17.3970487
          ],
          [
            78.5694551,
            17.3969323
          ],
          [
            78.5693223,
            17.3968573
          ],
          [
            78.5688128,
            17.3968599
          ],
          [
            78.5684848,
            17.3968288
          ],
          [
            78.5680783,
            17.3964254
          ],
          [
            78.5679699,
            17.3962831
          ],
          [
            78.567959,
            17.3961383
          ],
          [
            78.568081,
            17.395996
          ],
          [
            78.5683032,
            17.395771
          ],
          [
            78.5686556,
            17.3954193
          ],
          [
            78.5687775,
            17.3951891
          ],
          [
            78.5687586,
            17.3949123
          ],
          [
            78.5686761,
            17.3946043
          ],
          [
            78.5686698,
            17.3943993
          ],
          [
            78.5685235,
            17.3941587
          ],
          [
            78.5682589,
            17.3937813
          ],
          [
            78.5679257,
            17.3934011
          ],
          [
            78.5676051,
            17.3931396
          ],
          [
            78.5671225,
            17.3930267
          ],
          [
            78.5668112,
            17.3931574
          ],
          [
            78.5660951,
            17.3933951
          ],
          [
            78.5654911,
            17.3936328
          ],
          [
            78.5653884,
            17.3937903
          ],
          [
            78.5649329,
            17.3945356
          ],
          [
            78.5648203,
            17.3946329
          ],
          [
            78.5647523,
            17.3947745
          ],
          [
            78.5646272,
            17.3948923
          ],
          [
            78.5641855,
            17.3950202
          ],
          [
            78.5639119,
            17.3951209
          ],
          [
            78.5637993,
            17.3952352
          ],
          [
            78.5636133,
            17.3953137
          ],
          [
            78.563413,
            17.3953905
          ],
          [
            78.5632718,
            17.3955799
          ],
          [
            78.5630053,
            17.3960133
          ],
          [
            78.5625118,
            17.3961345
          ],
          [
            78.5623705,
            17.3961516
          ],
          [
            78.5621935,
            17.3960202
          ],
          [
            78.5620379,
            17.395812
          ],
          [
            78.5618627,
            17.3956226
          ],
          [
            78.5615587,
            17.3952847
          ],
          [
            78.5614782,
            17.3951892
          ],
          [
            78.5614335,
            17.39508
          ],
          [
            78.5614478,
            17.3949691
          ],
          [
            78.5614926,
            17.3948377
          ],
          [
            78.5615712,
            17.3945817
          ],
          [
            78.5615784,
            17.3943138
          ],
          [
            78.5615605,
            17.3940033
          ],
          [
            78.5614854,
            17.3937985
          ],
          [
            78.5613334,
            17.3936603
          ],
          [
            78.5612172,
            17.3935323
          ],
          [
            78.5612029,
            17.3934094
          ],
          [
            78.5612583,
            17.3931978
          ],
          [
            78.56143,
            17.3927201
          ],
          [
            78.5614729,
            17.3924829
          ],
          [
            78.5615355,
            17.3923685
          ],
          [
            78.5618073,
            17.3921706
          ],
          [
            78.562054,
            17.3918737
          ],
          [
            78.562206,
            17.3916502
          ],
          [
            78.562265,
            17.3913857
          ],
          [
            78.5622668,
            17.3911058
          ],
          [
            78.5621899,
            17.3909113
          ],
          [
            78.5620361,
            17.390756
          ],
          [
            78.5617751,
            17.3906297
          ],
          [
            78.5614537,
            17.3905581
          ],
          [
            78.5612534,
            17.3906264
          ],
          [
            78.5610585,
            17.3907322
          ],
          [
            78.5608243,
            17.3907765
          ],
          [
            78.5605078,
            17.3907834
          ],
          [
            78.5602592,
            17.3908755
          ],
          [
            78.5600536,
            17.390954
          ],
          [
            78.5598784,
            17.3910666
          ],
          [
            78.5594778,
            17.3914079
          ],
          [
            78.559206,
            17.3916451
          ],
          [
            78.5586034,
            17.3918226
          ],
          [
            78.5583942,
            17.3919574
          ],
          [
            78.557754,
            17.3923601
          ],
          [
            78.5575556,
            17.3924437
          ],
          [
            78.5574304,
            17.3924505
          ],
          [
            78.5573049,
            17.3924131
          ],
          [
            78.5568636,
            17.3922094
          ],
          [
            78.5565239,
            17.3921621
          ],
          [
            78.5562891,
            17.3921756
          ],
          [
            78.556098,
            17.3922476
          ],
          [
            78.555868,
            17.3922645
          ],
          [
            78.5556568,
            17.3922184
          ],
          [
            78.5555353,
            17.3921306
          ],
          [
            78.5553725,
            17.392018
          ],
          [
            78.5553253,
            17.3919887
          ],
          [
            78.55512,
            17.3920146
          ],
          [
            78.5547036,
            17.3920506
          ],
          [
            78.5543626,
            17.392072
          ],
          [
            78.5541125,
            17.3921328
          ],
          [
            78.5539662,
            17.392179
          ],
          [
            78.5537454,
            17.3922833
          ]
        ]
      },
      "id": "way/1488734251"
    },
    {
      "type": "Feature",
      "properties": {
        "@id": "way/1488734252",
        "bridge": "aqueduct",
        "layer": "1",
        "waterway": "river"
      },
      "geometry": {
        "type": "LineString",
        "coordinates": [
          [
            78.5536519,
            17.3923275
          ],
          [
            78.5535769,
            17.3923629
          ],
          [
            78.5533999,
            17.3924388
          ],
          [
            78.5532595,
            17.3925233
          ],
          [
            78.5530843,
            17.3925437
          ],
          [
            78.5530137,
            17.3925301
          ]
        ]
      },
      "id": "way/1488734252"
    },
    {
      "type": "Feature",
      "properties": {
        "@id": "way/1488734253",
        "bridge": "aqueduct",
        "layer": "0",
        "waterway": "river"
      },
      "geometry": {
        "type": "LineString",
        "coordinates": [
          [
            78.5537454,
            17.3922833
          ],
          [
            78.5536519,
            17.3923275
          ]
        ]
      },
      "id": "way/1488734253"
    },
    {
      "type": "Feature",
      "properties": {
        "@id": "way/1511551510",
        "waterway": "stream"
      },
      "geometry": {
        "type": "LineString",
        "coordinates": [
          [
            78.3218329,
            17.4522143
          ],
          [
            78.3217851,
            17.4520724
          ],
          [
            78.3217077,
            17.451993
          ],
          [
            78.3216332,
            17.4519275
          ],
          [
            78.3216119,
            17.4518592
          ],
          [
            78.3216467,
            17.4517669
          ],
          [
            78.3216999,
            17.4516811
          ],
          [
            78.3216661,
            17.4515971
          ],
          [
            78.3215606,
            17.4515749
          ],
          [
            78.3214658,
            17.4515703
          ],
          [
            78.3213758,
            17.4515214
          ],
          [
            78.3212597,
            17.4514318
          ],
          [
            78.3211833,
            17.4514245
          ],
          [
            78.3210788,
            17.4514337
          ],
          [
            78.3209878,
            17.4513959
          ],
          [
            78.3207276,
            17.4512583
          ],
          [
            78.3205815,
            17.4512113
          ],
          [
            78.320475,
            17.4512232
          ],
          [
            78.3203464,
            17.4512648
          ],
          [
            78.3202428,
            17.4512574
          ],
          [
            78.3201548,
            17.4511577
          ],
          [
            78.3201263,
            17.4510626
          ],
          [
            78.3201292,
            17.4510027
          ],
          [
            78.3201776,
            17.450962
          ],
          [
            78.3202657,
            17.4508328
          ],
          [
            78.3203063,
            17.450711
          ],
          [
            78.320317,
            17.4506307
          ],
          [
            78.3202676,
            17.4504895
          ],
          [
            78.3201892,
            17.4503067
          ],
          [
            78.320195,
            17.4502375
          ],
          [
            78.3202357,
            17.4501839
          ],
          [
            78.3204456,
            17.450063
          ],
          [
            78.320494,
            17.4500178
          ],
          [
            78.3205153,
            17.4498747
          ],
          [
            78.3205579,
            17.4496652
          ],
          [
            78.3205966,
            17.4495581
          ],
          [
            78.3206333,
            17.4494742
          ],
          [
            78.3206317,
            17.4494233
          ],
          [
            78.3206285,
            17.4493237
          ],
          [
            78.3207282,
            17.4492905
          ],
          [
            78.3208675,
            17.4492111
          ],
          [
            78.3209429,
            17.4491059
          ],
          [
            78.3209381,
            17.4490025
          ],
          [
            78.320791,
            17.4485151
          ],
          [
            78.3207465,
            17.448301
          ],
          [
            78.3207156,
            17.448001
          ],
          [
            78.3206982,
            17.4476678
          ],
          [
            78.3207223,
            17.4474814
          ],
          [
            78.320703,
            17.4473817
          ],
          [
            78.3205434,
            17.4471315
          ],
          [
            78.320406,
            17.4469294
          ],
          [
            78.3203663,
            17.4468085
          ],
          [
            78.3203199,
            17.4467429
          ],
          [
            78.3201863,
            17.4466626
          ],
          [
            78.3201331,
            17.4465648
          ],
          [
            78.3201399,
            17.4465
          ]
        ]
      },
      "id": "way/1511551510"
    },
    {
      "type": "Feature",
      "properties": {
        "@id": "way/1511551512",
        "waterway": "stream"
      },
      "geometry": {
        "type": "LineString",
        "coordinates": [
          [
            78.3290209,
            17.4508399
          ],
          [
            78.329286,
            17.4507688
          ],
          [
            78.3294641,
            17.4506414
          ],
          [
            78.3296363,
            17.4505073
          ],
          [
            78.3296375,
            17.4504302
          ],
          [
            78.3295426,
            17.4502995
          ],
          [
            78.3295391,
            17.4502235
          ],
          [
            78.3296984,
            17.4501251
          ],
          [
            78.3298179,
            17.4500301
          ],
          [
            78.3298495,
            17.4499429
          ],
          [
            78.3297921,
            17.4498032
          ],
          [
            78.3297394,
            17.4497652
          ],
          [
            78.3297488,
            17.4496702
          ],
          [
            78.3297042,
            17.4495864
          ],
          [
            78.3295637,
            17.4495395
          ],
          [
            78.3294582,
            17.4494545
          ],
          [
            78.3294301,
            17.4493383
          ],
          [
            78.3294699,
            17.4492467
          ],
          [
            78.3295789,
            17.449183
          ],
          [
            78.3297909,
            17.449155
          ],
          [
            78.3299854,
            17.4490913
          ],
          [
            78.330092,
            17.4490455
          ],
          [
            78.3303509,
            17.4490209
          ],
          [
            78.3305864,
            17.4489661
          ],
          [
            78.3307973,
            17.4489203
          ],
          [
            78.3310175,
            17.4487891
          ]
        ]
      },
      "id": "way/1511551512"
    },
    {
      "type": "Feature",
      "properties": {
        "@id": "way/1511551516",
        "waterway": "stream"
      },
      "geometry": {
        "type": "LineString",
        "coordinates": [
          [
            78.3219244,
            17.4526772
          ],
          [
            78.3219555,
            17.452944
          ],
          [
            78.3219442,
            17.4531415
          ],
          [
            78.321852,
            17.4533039
          ],
          [
            78.3218747,
            17.4534095
          ],
          [
            78.321964,
            17.453603
          ],
          [
            78.3220321,
            17.4538087
          ],
          [
            78.3220208,
            17.4539832
          ],
          [
            78.3219811,
            17.4541537
          ],
          [
            78.3219201,
            17.4542945
          ],
          [
            78.3218773,
            17.4543513
          ]
        ]
      },
      "id": "way/1511551516"
    },
    {
      "type": "Feature",
      "properties": {
        "@id": "way/1511551517",
        "waterway": "stream"
      },
      "geometry": {
        "type": "LineString",
        "coordinates": [
          [
            78.3220755,
            17.4544016
          ],
          [
            78.3222875,
            17.4543486
          ],
          [
            78.3224704,
            17.454354
          ],
          [
            78.3226634,
            17.4544582
          ],
          [
            78.3229471,
            17.4545015
          ],
          [
            78.3232747,
            17.4544393
          ],
          [
            78.3234918,
            17.4544271
          ],
          [
            78.3237088,
            17.4543784
          ],
          [
            78.3238599,
            17.4542776
          ],
          [
            78.3240748,
            17.454239
          ],
          [
            78.3243301,
            17.4541889
          ],
          [
            78.3244862,
            17.4540929
          ],
          [
            78.3246152,
            17.4539575
          ],
          [
            78.3246606,
            17.45381
          ],
          [
            78.3247174,
            17.4536422
          ],
          [
            78.3247656,
            17.4535367
          ],
          [
            78.3248209,
            17.4534433
          ],
          [
            78.3249458,
            17.4533567
          ],
          [
            78.3250167,
            17.4532309
          ],
          [
            78.3251571,
            17.4530969
          ],
          [
            78.3254167,
            17.4529819
          ],
          [
            78.325733,
            17.4529034
          ],
          [
            78.3260508,
            17.4528641
          ],
          [
            78.3263529,
            17.4528141
          ],
          [
            78.3264486,
            17.4528022
          ]
        ]
      },
      "id": "way/1511551517"
    }
  ]
}